timestamp,shift,line_id,machine_id,product_code,batch_id,operator_id,operator_experience,days_since_maintenance,maintenance_status,target_temp_c,actual_temp_c,humidity_percent,pressure_bar,vibration_mm_s,line_speed_units_min,window_minutes,throughput_units,defect_rate_percent,scrap_kg,downtime_minutes,energy_kwh,ambient_temp_c,quality_alert
2025-10-25T20:07:55.475814,Day,L1,L1-M1,P-PEEK,B251025-882,OP-5,expert,16.4,ok,73.7,77.8,43.1,5.04,3.0,136.7,12,1640,1.94,25.61,3.08,60.97,21.8,False
2025-10-25T20:08:55.475814,Night,L4,L4-M1,P-NYLON,B251025-475,OP-1,expert,0.0,ok,74.9,76.7,42.8,5.09,3.19,126.6,8,1013,1.82,17.21,6.3,50.56,21.8,False
2025-10-25T21:01:55.475814,Day,L3,L3-M6,P-PEEK,B251025-270,OP-1,expert,2.5,ok,72.5,72.0,50.2,5.07,3.66,140.7,10,1406,0.48,7.71,4.76,55.21,27.1,False
2025-10-25T21:05:55.475814,Swing,L1,L1-M1,P-ABS,B251025-484,OP-2,intermediate,30.7,overdue,72.7,72.5,44.2,5.46,4.21,91.9,12,1102,1.89,13.17,9.25,50.51,25.0,False
2025-10-25T21:32:55.475814,Day,L3,L3-M6,P-NYLON,B251025-755,OP-3,novice,8.6,ok,76.0,75.3,58.9,6.25,2.4,85.5,11,940,2.16,15.67,3.17,48.89,24.7,False
2025-10-25T21:47:55.475814,Night,L2,L2-M6,P-NYLON,B251025-573,OP-3,novice,9.8,ok,73.2,76.1,70.4,5.27,3.83,99.5,13,1293,3.8,36.45,4.55,54.83,28.7,False
2025-10-25T22:10:55.475814,Night,L1,L1-M5,P-PEEK,B251025-362,OP-2,intermediate,27.6,due_soon,73.1,73.0,58.8,6.07,3.79,110.2,15,1652,2.27,43.94,6.21,59.48,26.4,False
2025-10-25T23:00:55.475814,Night,L2,L2-M6,P-ABS,B251025-471,OP-5,expert,10.6,ok,76.0,77.1,45.4,6.1,2.76,137.7,14,1927,1.89,36.94,5.5,65.33,26.2,False
2025-10-25T23:04:55.475814,Day,L4,L4-M2,P-PP,B251025-169,OP-4,intermediate,34.7,overdue,75.6,77.6,50.5,5.63,5.63,112.9,8,903,3.55,30.99,10.02,49.11,23.2,True
2025-10-25T23:16:55.475814,Day,L2,L2-M2,P-NYLON,B251025-338,OP-1,expert,0.0,ok,75.5,74.7,59.1,5.53,2.82,116.7,15,1749,1.44,22.56,1.41,61.65,27.5,False
2025-10-25T23:40:55.475814,Swing,L4,L4-M1,P-PEEK,B251025-857,OP-2,intermediate,22.0,ok,73.4,75.4,45.6,5.3,3.14,88.9,15,1333,1.48,19.99,3.91,55.23,21.8,False
2025-10-26T00:22:55.475814,Night,L3,L3-M1,P-ABS,B251026-198,OP-4,intermediate,28.0,due_soon,73.9,73.9,54.0,5.24,3.74,123.4,12,1481,2.26,26.86,7.29,57.06,21.0,False
2025-10-26T01:13:55.475814,Day,L1,L1-M2,P-PP,B251026-627,OP-5,expert,17.3,ok,75.1,73.9,43.1,5.02,3.04,121.5,8,972,0.75,6.73,4.06,48.91,27.8,False
2025-10-26T01:57:55.475814,Night,L3,L3-M6,P-ABS,B251026-311,OP-2,intermediate,16.1,ok,75.3,75.9,60.2,5.92,3.23,132.5,11,1457,2.27,22.6,4.02,57.4,24.4,False
2025-10-26T03:44:55.475814,Day,L3,L3-M3,P-PEEK,B251026-885,OP-3,novice,33.1,overdue,75.8,75.3,46.0,5.96,4.54,102.4,9,921,3.02,31.47,8.65,48.61,23.2,False
2025-10-26T04:48:55.475814,Swing,L1,L1-M1,P-ABS,B251026-421,OP-1,expert,19.9,ok,73.9,73.5,51.8,5.03,3.78,126.0,14,1763,1.47,30.05,4.09,61.44,24.5,False
2025-10-26T05:05:55.475814,Swing,L2,L2-M1,P-PEEK,B251026-653,OP-4,intermediate,14.0,ok,75.4,75.0,54.7,6.06,3.27,137.6,9,1238,1.6,12.8,3.79,53.58,27.2,False
2025-10-26T06:10:55.475814,Night,L4,L4-M1,P-PP,B251026-411,OP-2,intermediate,8.1,ok,75.8,74.7,60.6,5.57,3.64,140.9,13,1832,2.41,27.47,3.78,62.96,22.3,False
2025-10-26T06:26:55.475814,Night,L2,L2-M6,P-NYLON,B251026-511,OP-2,intermediate,7.4,ok,74.6,76.2,48.8,5.88,3.6,109.9,8,878,2.29,23.76,5.15,48.24,27.8,False
2025-10-26T06:57:55.475814,Swing,L4,L4-M2,P-ABS,B251026-181,OP-5,expert,19.7,ok,72.6,71.8,40.6,5.62,3.45,131.1,10,1311,1.15,9.78,2.56,53.61,22.2,False
2025-10-26T07:47:55.475814,Night,L3,L3-M5,P-ABS,B251026-940,OP-3,novice,16.2,ok,76.0,75.9,58.5,5.77,3.14,96.4,9,867,3.41,18.08,5.16,47.96,25.8,False
2025-10-26T08:06:55.475814,Night,L2,L2-M5,P-PEEK,B251026-177,OP-4,intermediate,16.0,ok,75.2,76.7,51.6,5.86,2.81,116.0,14,1623,2.74,35.61,4.42,60.34,20.7,False
2025-10-26T08:16:55.475814,Day,L1,L1-M6,P-PP,B251026-269,OP-2,intermediate,23.6,due_soon,72.6,72.7,48.4,5.26,3.94,128.4,13,1669,1.41,22.45,5.36,59.67,24.1,False
2025-10-26T08:21:55.475814,Day,L1,L1-M6,P-PP,B251026-616,OP-5,expert,0.5,ok,75.0,76.9,53.8,5.38,2.97,133.8,10,1338,1.26,18.06,3.26,55.81,24.0,False
2025-10-26T08:34:55.475814,Day,L1,L1-M6,P-NYLON,B251026-817,OP-4,intermediate,18.0,ok,73.9,77.6,42.3,5.92,3.18,122.8,9,1105,2.37,23.08,2.48,52.33,25.6,False
2025-10-26T08:44:55.475814,Night,L1,L1-M3,P-PP,B251026-186,OP-5,expert,12.6,ok,74.8,74.0,67.2,5.5,3.21,114.0,9,1025,2.2,26.22,3.85,49.83,23.9,False
2025-10-26T08:50:55.475814,Swing,L1,L1-M2,P-PP,B251026-642,OP-2,intermediate,6.6,ok,74.3,75.3,54.7,5.94,3.56,114.0,15,1709,1.91,23.81,3.33,61.2,21.0,False
2025-10-26T09:18:55.475814,Day,L1,L1-M2,P-ABS,B251026-326,OP-1,expert,14.5,ok,74.6,77.0,48.7,5.56,3.5,140.5,14,1966,1.45,21.13,3.11,65.93,21.6,False
2025-10-26T09:57:55.475814,Swing,L3,L3-M4,P-PEEK,B251026-229,OP-3,novice,29.2,due_soon,72.3,71.9,60.8,5.55,3.9,92.1,14,1288,2.89,42.58,7.28,53.29,21.8,False
2025-10-26T10:25:55.475814,Swing,L1,L1-M1,P-PP,B251026-196,OP-1,expert,25.9,due_soon,75.7,74.9,41.8,5.41,3.22,119.1,15,1786,1.05,22.46,6.5,62.32,25.2,False
2025-10-26T10:34:55.475814,Swing,L2,L2-M2,P-ABS,B251026-683,OP-4,intermediate,12.3,ok,74.7,75.7,52.1,5.54,3.04,140.5,11,1545,2.11,38.8,5.37,58.72,20.7,False
2025-10-26T13:00:55.475814,Day,L1,L1-M2,P-PEEK,B251026-381,OP-2,intermediate,7.9,ok,72.1,71.2,51.6,5.35,2.95,128.9,12,1546,1.27,20.23,0.74,57.17,27.3,False
2025-10-26T13:09:55.475814,Night,L2,L2-M5,P-ABS,B251026-727,OP-4,intermediate,18.9,ok,72.3,72.4,48.8,5.11,2.95,116.6,15,1748,1.84,38.62,4.8,60.82,26.7,False
2025-10-26T13:27:55.475814,Swing,L4,L4-M4,P-PEEK,B251026-738,OP-4,intermediate,24.4,due_soon,75.1,72.9,61.7,5.38,4.88,119.5,11,1314,2.11,18.69,5.93,54.06,28.0,False
2025-10-26T14:07:55.475814,Day,L2,L2-M2,P-PEEK,B251026-891,OP-3,novice,16.5,ok,73.5,72.8,46.2,5.1,3.52,111.4,13,1448,2.46,24.93,4.68,56.17,23.7,False
2025-10-26T14:36:55.475814,Swing,L1,L1-M3,P-PEEK,B251026-386,OP-2,intermediate,13.0,ok,75.5,75.9,36.8,5.39,3.46,116.0,10,1160,2.05,15.66,5.91,52.61,23.7,False
2025-10-26T14:48:55.475814,Night,L3,L3-M4,P-ABS,B251026-452,OP-3,novice,14.8,ok,74.7,74.3,50.5,5.5,4.06,113.6,8,908,2.88,19.68,3.94,48.05,19.9,False
2025-10-26T15:00:55.475814,Day,L4,L4-M5,P-NYLON,B251026-642,OP-5,expert,8.6,ok,74.3,75.1,59.0,5.64,3.23,127.1,8,1016,1.47,17.85,3.56,50.07,26.3,False
2025-10-26T15:00:55.475814,Swing,L1,L1-M5,P-NYLON,B251026-206,OP-3,novice,3.2,ok,75.8,75.0,31.6,5.89,2.29,99.1,13,1288,2.46,22.79,4.19,54.38,23.9,False
2025-10-26T16:48:55.475814,Day,L4,L4-M5,P-NYLON,B251026-144,OP-4,intermediate,17.6,ok,73.1,73.0,51.4,5.51,2.67,131.3,11,1444,0.98,11.13,4.69,56.14,20.8,False
2025-10-26T18:08:55.475814,Day,L3,L3-M2,P-PEEK,B251026-706,OP-4,intermediate,35.2,overdue,72.9,74.5,64.6,5.86,5.47,93.1,15,1396,2.74,23.48,8.64,55.92,26.3,True
2025-10-26T18:46:55.475814,Swing,L2,L2-M5,P-PEEK,B251026-728,OP-3,novice,22.7,ok,75.4,75.3,51.9,5.43,2.88,100.0,10,999,2.45,26.68,2.9,49.85,22.5,False
2025-10-26T19:02:55.475814,Day,L1,L1-M5,P-PP,B251026-824,OP-5,expert,20.6,ok,72.1,73.7,44.2,5.21,3.41,118.0,15,1770,0.77,11.5,2.85,61.63,27.6,False
2025-10-26T19:42:55.475814,Day,L4,L4-M6,P-PP,B251026-492,OP-2,intermediate,12.2,ok,73.0,71.4,53.1,5.47,3.32,127.5,9,1147,1.17,8.97,4.42,50.85,27.0,False
2025-10-26T19:58:55.475814,Night,L1,L1-M4,P-NYLON,B251026-692,OP-2,intermediate,11.1,ok,72.9,74.4,65.1,4.94,3.37,122.5,12,1469,2.44,32.17,4.7,57.07,22.0,False
2025-10-26T20:04:55.475814,Swing,L2,L2-M3,P-ABS,B251026-215,OP-2,intermediate,12.8,ok,72.3,73.5,39.4,5.36,3.08,110.9,15,1663,1.06,18.32,4.53,59.83,24.7,False
2025-10-26T20:19:55.475814,Day,L2,L2-M1,P-ABS,B251026-408,OP-5,expert,26.4,due_soon,73.0,76.7,56.0,5.27,3.03,119.3,10,1192,2.2,27.87,5.04,53.43,27.8,False
2025-10-26T20:28:55.475814,Swing,L3,L3-M3,P-NYLON,B251026-794,OP-3,novice,26.8,due_soon,72.1,72.5,52.2,5.63,3.56,131.6,12,1579,2.34,28.21,5.96,58.13,21.5,False
2025-10-26T20:30:55.475814,Day,L1,L1-M1,P-PP,B251026-229,OP-4,intermediate,20.9,ok,72.6,73.6,44.7,5.44,3.92,118.5,12,1422,1.04,13.08,3.11,56.0,24.6,False
2025-10-26T20:55:55.475814,Day,L2,L2-M4,P-NYLON,B251026-391,OP-5,expert,3.9,ok,73.6,75.2,50.3,5.75,3.0,120.5,9,1084,0.28,3.5,2.11,51.16,27.8,False
2025-10-26T21:20:55.475814,Swing,L1,L1-M6,P-NYLON,B251026-202,OP-4,intermediate,18.4,ok,72.1,72.9,49.6,6.18,2.82,99.7,8,797,1.68,10.44,3.8,45.77,23.1,False
2025-10-26T22:13:55.475814,Day,L3,L3-M4,P-NYLON,B251026-804,OP-4,intermediate,22.7,ok,75.4,75.9,46.0,4.96,3.17,133.9,15,2008,1.56,36.02,2.7,66.22,21.3,False
2025-10-26T22:33:55.475814,Swing,L4,L4-M1,P-NYLON,B251026-924,OP-2,intermediate,38.7,overdue,75.0,75.5,59.7,5.59,5.59,111.6,14,1562,3.42,42.7,11.42,58.91,20.5,True
2025-10-26T23:29:55.475814,Night,L4,L4-M6,P-ABS,B251026-254,OP-1,expert,34.4,overdue,73.5,72.2,47.2,4.86,4.14,121.4,14,1699,2.37,36.57,8.69,59.97,24.2,False
2025-10-27T00:04:55.475814,Night,L1,L1-M2,P-PP,B251027-796,OP-4,intermediate,3.9,ok,75.0,74.6,59.1,5.83,3.34,125.4,12,1505,2.32,38.99,5.19,57.71,27.1,False
2025-10-27T00:33:55.475814,Swing,L4,L4-M4,P-PEEK,B251027-147,OP-2,intermediate,1.6,ok,73.1,73.0,55.5,5.31,2.42,117.1,8,936,1.24,11.26,5.1,48.02,21.2,False
2025-10-27T00:38:55.475814,Night,L1,L1-M2,P-PP,B251027-322,OP-3,novice,11.6,ok,73.4,76.2,47.5,5.4,4.13,125.0,15,1874,2.91,40.28,5.99,64.14,24.0,False
2025-10-27T00:48:55.475814,Day,L1,L1-M2,P-PP,B251027-671,OP-1,expert,29.8,due_soon,73.1,72.4,59.5,5.6,4.16,129.5,8,1035,1.38,9.71,5.51,49.4,27.7,False
2025-10-27T01:13:55.475814,Swing,L1,L1-M1,P-PP,B251027-501,OP-2,intermediate,22.9,ok,74.8,74.9,53.0,5.08,3.02,127.7,10,1277,1.35,16.13,5.4,54.17,21.7,False
2025-10-27T01:24:55.475814,Day,L2,L2-M2,P-ABS,B251027-601,OP-5,expert,9.1,ok,74.7,74.1,46.8,5.73,3.53,130.8,11,1439,0.8,9.52,3.2,56.47,22.4,False
2025-10-27T01:56:55.475814,Day,L3,L3-M5,P-PP,B251027-856,OP-5,expert,14.1,ok,75.7,72.4,45.0,5.57,2.99,140.7,11,1548,0.98,13.8,2.8,57.6,28.9,False
2025-10-27T02:36:55.475814,Swing,L1,L1-M6,P-ABS,B251027-438,OP-5,expert,22.2,ok,74.8,79.6,49.3,5.45,3.34,113.5,9,1021,2.29,20.21,3.04,51.69,24.5,False
2025-10-27T04:43:55.475814,Swing,L1,L1-M1,P-NYLON,B251027-358,OP-1,expert,34.1,overdue,72.9,73.2,51.3,4.86,4.87,102.0,9,918,1.85,18.9,10.43,47.79,31.3,False
2025-10-27T04:53:55.475814,Day,L4,L4-M1,P-ABS,B251027-617,OP-5,expert,13.5,ok,72.6,72.4,38.4,5.38,2.5,132.4,10,1323,0.47,6.45,2.76,54.02,25.2,False
2025-10-27T04:55:55.475814,Night,L3,L3-M2,P-PEEK,B251027-244,OP-2,intermediate,36.7,overdue,73.8,73.0,48.1,5.23,4.66,111.0,10,1110,2.64,27.77,10.38,50.79,23.9,False
2025-10-27T05:16:55.475814,Swing,L4,L4-M2,P-PP,B251027-209,OP-3,novice,12.8,ok,74.2,75.2,56.5,5.67,2.69,108.7,13,1412,2.17,35.39,4.12,56.41,27.3,False
2025-10-27T06:06:55.475814,Night,L3,L3-M3,P-ABS,B251027-430,OP-1,expert,20.5,ok,72.4,73.5,56.7,4.97,3.62,112.7,9,1014,1.44,15.35,4.9,49.47,26.0,False
2025-10-27T07:23:55.475814,Swing,L2,L2-M6,P-PP,B251027-381,OP-2,intermediate,20.3,ok,73.5,72.8,46.0,5.25,3.38,120.6,9,1085,1.73,11.37,2.3,50.36,22.1,False
2025-10-27T07:30:55.475814,Swing,L4,L4-M4,P-PEEK,B251027-241,OP-2,intermediate,27.1,due_soon,74.6,75.5,53.5,5.06,4.22,96.7,9,870,2.36,12.93,5.49,47.85,22.3,False
2025-10-27T07:41:55.475814,Night,L1,L1-M2,P-PEEK,B251027-619,OP-5,expert,16.3,ok,73.5,73.6,48.5,5.39,2.35,117.4,12,1409,1.26,13.49,5.18,55.79,22.9,False
2025-10-27T08:30:55.475814,Swing,L2,L2-M6,P-NYLON,B251027-435,OP-4,intermediate,6.1,ok,73.2,70.6,49.8,5.75,2.58,127.8,12,1533,1.41,17.18,3.32,56.77,22.8,False
2025-10-27T09:37:55.475814,Swing,L2,L2-M6,P-PEEK,B251027-435,OP-1,expert,15.1,ok,74.7,81.1,37.7,5.51,3.8,127.0,12,1523,3.04,30.1,5.84,60.27,22.5,True
2025-10-27T09:46:55.475814,Day,L1,L1-M2,P-PEEK,B251027-982,OP-2,intermediate,39.5,overdue,72.1,72.4,44.9,5.54,5.6,115.2,12,1381,2.46,36.13,10.66,54.94,25.3,True
2025-10-27T09:54:55.475814,Swing,L4,L4-M6,P-PP,B251027-776,OP-3,novice,20.9,ok,73.3,74.5,38.0,5.46,3.44,113.3,9,1020,2.13,19.61,4.35,49.89,21.5,False
2025-10-27T10:51:55.475814,Swing,L4,L4-M2,P-ABS,B251027-952,OP-2,intermediate,4.5,ok,72.3,73.8,51.8,5.47,3.31,129.1,15,1937,1.11,22.28,3.71,64.32,27.0,False
2025-10-27T11:34:55.475814,Swing,L3,L3-M2,P-PEEK,B251027-401,OP-1,expert,33.9,overdue,75.6,75.2,45.5,5.03,4.72,102.8,9,925,2.08,14.4,8.21,48.64,27.8,False
2025-10-27T11:45:55.475814,Day,L2,L2-M1,P-NYLON,B251027-825,OP-4,intermediate,3.0,ok,72.2,74.7,52.2,5.68,3.49,124.5,14,1743,1.18,14.74,3.48,61.54,27.8,False
2025-10-27T12:17:55.475814,Night,L2,L2-M3,P-NYLON,B251027-722,OP-5,expert,0.0,ok,73.6,74.1,49.4,4.85,3.55,95.7,15,1436,1.29,17.37,4.09,56.42,23.9,False
2025-10-27T12:33:55.475814,Swing,L3,L3-M4,P-PP,B251027-293,OP-1,expert,14.3,ok,74.1,74.6,33.6,5.45,2.54,115.3,9,1038,1.13,8.06,2.63,50.21,23.9,False
2025-10-27T12:36:55.475814,Swing,L4,L4-M4,P-NYLON,B251027-677,OP-1,expert,16.1,ok,75.0,73.7,47.2,5.52,3.68,114.1,12,1369,1.04,15.76,4.35,55.2,21.3,False
2025-10-27T13:07:55.475814,Day,L1,L1-M1,P-PP,B251027-491,OP-5,expert,46.7,overdue,76.0,75.5,51.8,5.63,5.25,127.7,9,1149,2.05,21.44,9.66,52.33,24.0,True
2025-10-27T14:32:55.475814,Swing,L3,L3-M4,P-NYLON,B251027-971,OP-4,intermediate,13.5,ok,73.3,74.1,49.9,5.19,3.69,121.9,10,1219,1.3,14.62,4.66,52.95,23.1,False
2025-10-27T14:59:55.475814,Night,L2,L2-M2,P-PP,B251027-286,OP-2,intermediate,25.7,due_soon,75.6,77.7,61.3,5.04,3.28,116.4,10,1164,3.63,44.51,5.35,53.31,26.1,False
2025-10-27T15:21:55.475814,Swing,L4,L4-M4,P-PEEK,B251027-520,OP-1,expert,0.0,ok,74.1,74.0,38.0,5.26,2.57,127.6,14,1786,1.25,14.3,2.97,61.96,24.6,False
2025-10-27T16:02:55.475814,Swing,L3,L3-M5,P-NYLON,B251027-227,OP-1,expert,14.3,ok,72.8,76.9,32.3,5.47,2.8,112.2,12,1346,1.59,17.64,1.71,55.96,20.9,False
2025-10-27T16:08:55.475814,Day,L3,L3-M2,P-NYLON,B251027-273,OP-2,intermediate,17.7,ok,74.7,75.5,49.2,5.81,3.23,128.1,9,1153,1.58,11.6,4.52,52.37,26.9,False
2025-10-27T16:44:55.475814,Day,L1,L1-M1,P-PP,B251027-314,OP-2,intermediate,8.0,ok,72.5,71.8,42.9,5.13,3.39,110.2,10,1101,0.75,7.73,4.01,50.25,29.0,False
2025-10-27T17:01:55.475814,Day,L2,L2-M5,P-PEEK,B251027-611,OP-5,expert,10.6,ok,75.0,76.8,52.0,4.64,2.39,114.3,15,1714,1.34,15.53,3.81,61.79,21.8,False
2025-10-27T18:37:55.475814,Day,L3,L3-M6,P-PEEK,B251027-916,OP-3,novice,33.5,overdue,73.3,75.8,55.2,5.48,4.13,111.3,8,890,3.23,18.99,8.94,48.29,21.4,False
2025-10-27T18:49:55.475814,Day,L4,L4-M4,P-ABS,B251027-761,OP-3,novice,33.0,overdue,75.5,75.9,42.6,5.14,4.69,118.2,14,1655,2.85,38.13,9.59,60.55,19.1,False
2025-10-27T20:26:55.475814,Day,L3,L3-M6,P-PP,B251027-317,OP-4,intermediate,9.2,ok,72.9,72.8,41.3,5.52,3.48,125.8,15,1886,1.03,18.65,3.11,63.17,24.2,False
2025-10-27T20:45:55.475814,Swing,L1,L1-M6,P-PP,B251027-601,OP-5,expert,25.8,due_soon,72.1,72.6,55.1,5.29,3.41,135.2,15,2028,1.29,25.51,7.09,65.38,26.7,False
2025-10-27T21:00:55.475814,Day,L4,L4-M5,P-PEEK,B251027-549,OP-1,expert,0.0,ok,74.0,73.1,33.2,5.55,4.22,122.1,15,1831,0.88,14.37,3.11,62.39,24.2,False
2025-10-27T22:20:55.475814,Night,L4,L4-M5,P-PEEK,B251027-521,OP-1,expert,27.1,due_soon,74.3,74.8,67.5,6.01,3.68,102.6,9,922,2.43,17.13,7.49,48.43,20.9,False
2025-10-27T22:40:55.475814,Day,L2,L2-M6,P-PEEK,B251027-889,OP-4,intermediate,26.9,due_soon,75.1,73.1,44.3,5.5,3.93,103.7,11,1141,1.42,19.37,3.63,51.35,25.6,False
2025-10-27T22:40:55.475814,Night,L4,L4-M4,P-PP,B251027-249,OP-4,intermediate,22.5,ok,72.5,77.2,41.1,5.27,2.87,97.2,9,875,2.71,18.81,3.43,48.53,21.3,False
2025-10-27T23:11:55.475814,Night,L2,L2-M3,P-PP,B251027-796,OP-3,novice,24.3,due_soon,72.4,73.7,58.4,5.62,2.91,96.4,11,1060,2.9,26.19,5.48,50.26,23.5,False
2025-10-27T23:22:55.475814,Day,L4,L4-M4,P-NYLON,B251027-849,OP-5,expert,30.6,overdue,72.3,75.3,54.4,5.61,4.92,105.5,10,1054,1.68,11.51,9.58,50.73,26.2,False
2025-10-27T23:26:55.475814,Day,L3,L3-M6,P-ABS,B251027-576,OP-5,expert,16.9,ok,75.9,78.2,56.1,5.57,3.56,113.8,12,1365,2.15,21.82,3.64,56.71,27.4,False
2025-10-27T23:54:55.475814,Swing,L2,L2-M4,P-ABS,B251027-672,OP-4,intermediate,0.5,ok,75.0,74.1,40.0,5.33,3.15,119.6,14,1674,1.5,17.01,2.32,60.24,18.0,False
2025-10-28T01:37:55.475814,Day,L3,L3-M2,P-NYLON,B251028-778,OP-2,intermediate,0.0,ok,73.7,72.9,54.5,5.68,3.67,127.3,12,1528,0.79,14.0,1.9,57.46,26.8,False
2025-10-28T02:49:55.475814,Swing,L4,L4-M1,P-ABS,B251028-343,OP-2,intermediate,12.5,ok,72.3,73.1,34.3,5.19,3.78,122.0,15,1830,1.13,23.69,4.69,62.37,25.6,False
2025-10-28T03:12:55.475814,Night,L4,L4-M3,P-ABS,B251028-861,OP-1,expert,17.7,ok,75.3,76.9,57.7,5.53,2.98,125.4,9,1128,2.24,16.01,4.0,52.48,29.4,False
2025-10-28T03:37:55.475814,Swing,L3,L3-M1,P-ABS,B251028-579,OP-5,expert,10.1,ok,72.1,69.7,52.6,5.48,2.26,121.9,12,1463,1.09,16.08,4.74,55.29,22.6,False
2025-10-28T04:58:55.475814,Swing,L2,L2-M5,P-ABS,B251028-310,OP-2,intermediate,28.7,due_soon,74.2,73.9,40.9,5.22,4.15,87.8,14,1229,2.28,21.83,5.59,53.03,28.2,False
2025-10-28T05:12:55.475814,Day,L3,L3-M5,P-PP,B251028-618,OP-4,intermediate,3.1,ok,73.5,73.4,44.2,5.69,3.57,121.7,10,1217,0.8,7.58,2.59,52.67,27.6,False
2025-10-28T05:23:55.475814,Swing,L4,L4-M5,P-PP,B251028-494,OP-4,intermediate,13.5,ok,73.4,79.7,56.4,5.78,2.96,125.3,15,1879,3.24,57.48,3.11,65.46,25.7,False
2025-10-28T05:38:55.475814,Swing,L2,L2-M6,P-PEEK,B251028-246,OP-5,expert,9.1,ok,73.1,73.0,66.9,4.93,3.87,105.6,11,1161,1.37,13.26,3.66,51.65,23.4,False
2025-10-28T06:34:55.475814,Day,L3,L3-M3,P-PEEK,B251028-226,OP-5,expert,18.3,ok,73.3,72.6,49.1,4.78,3.33,140.3,11,1543,0.27,2.97,3.65,57.59,24.3,False
2025-10-28T06:43:55.475814,Swing,L4,L4-M4,P-ABS,B251028-819,OP-1,expert,27.2,due_soon,75.5,75.8,56.0,5.66,3.65,119.0,8,952,1.18,8.83,7.78,49.28,21.8,False
2025-10-28T06:49:55.475814,Night,L3,L3-M2,P-ABS,B251028-342,OP-4,intermediate,9.8,ok,75.7,77.0,54.1,5.44,3.48,137.3,8,1098,2.48,18.07,6.79,52.02,24.1,False
2025-10-28T07:17:55.475814,Swing,L2,L2-M2,P-PEEK,B251028-872,OP-1,expert,0.0,ok,75.4,76.9,51.9,5.74,4.67,116.5,10,1165,1.87,23.49,4.76,53.04,18.7,False
2025-10-28T07:22:55.475814,Swing,L4,L4-M4,P-PEEK,B251028-770,OP-3,novice,25.1,due_soon,72.4,71.5,57.0,5.2,4.58,138.9,9,1249,3.34,42.13,5.65,52.52,23.3,False
2025-10-28T07:25:55.475814,Night,L1,L1-M4,P-PP,B251028-442,OP-1,expert,13.7,ok,74.4,75.9,49.3,5.41,4.26,133.4,10,1334,2.11,19.75,5.59,55.4,25.8,False
2025-10-28T08:02:55.475814,Swing,L4,L4-M2,P-ABS,B251028-580,OP-2,intermediate,6.7,ok,75.7,75.6,53.3,5.34,4.96,103.3,14,1445,1.99,27.77,5.58,57.08,24.5,False
2025-10-28T08:16:55.475814,Day,L3,L3-M2,P-ABS,B251028-642,OP-2,intermediate,30.2,overdue,75.9,74.7,47.2,5.38,4.16,116.0,10,1160,1.69,20.76,9.82,52.21,25.7,False
2025-10-28T08:41:55.475814,Night,L2,L2-M6,P-PP,B251028-957,OP-5,expert,27.3,due_soon,72.7,72.7,51.6,4.9,4.15,125.9,12,1511,1.73,24.54,6.41,57.12,23.5,False
2025-10-28T08:50:55.475814,Day,L1,L1-M5,P-PP,B251028-360,OP-5,expert,13.4,ok,73.7,73.4,51.3,5.12,2.73,128.5,9,1156,0.84,6.97,2.63,51.69,23.9,False
2025-10-28T10:14:55.475814,Day,L3,L3-M4,P-NYLON,B251028-193,OP-1,expert,0.0,ok,74.7,77.0,54.3,5.53,3.79,113.9,15,1708,1.15,17.64,4.13,61.78,21.8,False
2025-10-28T10:33:55.475814,Day,L1,L1-M2,P-NYLON,B251028-231,OP-3,novice,39.0,overdue,75.3,75.4,49.3,5.57,4.81,114.9,10,1149,2.91,23.32,9.52,52.29,24.6,False
2025-10-28T10:36:55.475814,Night,L4,L4-M4,P-PP,B251028-508,OP-4,intermediate,11.4,ok,72.2,71.6,52.7,5.6,3.67,120.9,11,1329,2.13,24.54,5.51,53.85,23.1,False
2025-10-28T11:33:55.475814,Night,L1,L1-M6,P-PEEK,B251028-169,OP-3,novice,0.6,ok,75.9,80.8,50.5,5.77,2.41,80.0,13,1040,4.55,44.32,6.14,52.43,21.5,True
2025-10-28T11:34:55.475814,Day,L1,L1-M3,P-PEEK,B251028-891,OP-3,novice,23.3,due_soon,73.9,72.7,44.3,5.7,3.2,118.0,8,943,2.19,15.55,6.43,48.06,23.0,False
2025-10-28T12:18:55.475814,Swing,L3,L3-M3,P-ABS,B251028-281,OP-1,expert,5.6,ok,73.3,71.6,53.2,5.43,2.93,119.7,8,957,1.03,11.05,4.28,47.89,24.1,False
2025-10-28T13:00:55.475814,Day,L2,L2-M2,P-ABS,B251028-315,OP-5,expert,26.0,due_soon,74.2,74.2,52.7,5.11,3.77,100.7,15,1511,0.54,8.13,4.3,57.64,26.4,False
2025-10-28T13:37:55.475814,Night,L4,L4-M6,P-NYLON,B251028-634,OP-5,expert,31.1,overdue,72.1,72.1,64.5,5.04,4.85,110.3,15,1654,2.62,41.07,9.65,59.19,21.3,False
2025-10-28T13:50:55.475814,Day,L1,L1-M4,P-NYLON,B251028-545,OP-1,expert,14.4,ok,74.3,74.7,66.2,4.88,3.64,133.4,15,2001,0.77,11.91,3.14,65.67,25.8,False
2025-10-28T14:02:55.475814,Day,L1,L1-M5,P-NYLON,B251028-108,OP-3,novice,28.6,due_soon,74.7,76.6,57.5,6.13,4.33,118.2,9,1064,3.1,28.27,5.43,51.33,27.5,False
2025-10-28T14:08:55.475814,Swing,L3,L3-M4,P-ABS,B251028-118,OP-5,expert,34.4,overdue,74.3,73.7,50.3,5.03,6.0,132.5,14,1854,2.64,40.01,8.9,62.96,21.8,True
2025-10-28T15:08:55.475814,Day,L2,L2-M1,P-ABS,B251028-715,OP-1,expert,21.9,ok,75.6,75.0,44.5,6.14,4.28,119.1,9,1071,0.82,9.42,4.05,50.91,24.3,False
2025-10-28T16:02:55.475814,Night,L3,L3-M3,P-PEEK,B251028-278,OP-4,intermediate,26.7,due_soon,72.0,72.8,52.2,5.69,3.61,107.2,8,857,1.89,12.49,7.94,46.71,23.2,False
2025-10-28T16:29:55.475814,Night,L1,L1-M5,P-ABS,B251028-689,OP-1,expert,36.6,overdue,73.0,72.4,50.0,5.25,5.29,124.7,15,1870,2.37,49.83,10.8,62.78,28.9,True
2025-10-28T16:58:55.475814,Day,L1,L1-M5,P-PP,B251028-515,OP-2,intermediate,0.0,ok,73.3,74.6,52.9,5.71,2.76,106.0,12,1272,1.32,12.8,2.35,53.96,26.4,False
2025-10-28T17:23:55.475814,Day,L2,L2-M6,P-PP,B251028-212,OP-3,novice,13.2,ok,73.9,74.4,50.8,4.92,3.74,113.7,11,1251,2.55,38.0,2.97,53.54,25.7,False
2025-10-28T18:40:55.475814,Day,L4,L4-M6,P-PP,B251028-556,OP-4,intermediate,16.1,ok,73.0,72.7,60.9,5.49,3.39,130.6,9,1175,1.73,19.54,3.44,51.74,23.0,False
2025-10-28T19:00:55.475814,Swing,L2,L2-M4,P-ABS,B251028-457,OP-4,intermediate,24.7,due_soon,72.3,74.4,50.1,5.5,4.27,128.3,11,1411,1.89,26.76,4.96,56.12,22.4,False
2025-10-28T19:38:55.475814,Swing,L2,L2-M3,P-ABS,B251028-279,OP-4,intermediate,13.3,ok,72.2,74.1,38.5,5.02,2.98,109.5,14,1533,1.96,31.95,3.98,57.97,18.7,False
2025-10-28T20:05:55.475814,Night,L3,L3-M4,P-PEEK,B251028-951,OP-3,novice,19.4,ok,73.8,71.9,65.9,5.29,3.41,119.6,10,1196,3.4,36.16,4.31,51.79,24.5,False
2025-10-28T21:05:55.475814,Swing,L3,L3-M2,P-ABS,B251028-906,OP-5,expert,28.3,due_soon,74.1,72.1,60.8,5.12,4.38,112.5,15,1687,2.09,23.26,5.28,59.74,25.5,False
2025-10-28T21:35:55.475814,Day,L4,L4-M3,P-PEEK,B251028-881,OP-2,intermediate,20.0,ok,73.2,74.5,30.9,5.5,2.94,121.6,10,1215,1.36,12.81,2.56,53.04,28.0,False
2025-10-28T22:31:55.475814,Swing,L4,L4-M5,P-PEEK,B251028-749,OP-5,expert,7.6,ok,75.5,77.0,28.4,5.08,3.91,110.6,15,1659,1.55,16.67,1.36,61.0,23.7,False
2025-10-28T22:45:55.475814,Swing,L2,L2-M3,P-ABS,B251028-223,OP-5,expert,14.8,ok,72.0,73.1,51.6,5.38,2.07,134.8,8,1078,1.3,8.71,4.08,50.33,25.2,False
2025-10-28T22:48:55.475814,Day,L1,L1-M2,P-NYLON,B251028-704,OP-3,novice,23.5,due_soon,74.5,74.6,41.9,5.71,3.41,100.3,11,1102,2.48,31.96,4.61,51.27,28.9,False
2025-10-28T23:31:55.475814,Day,L4,L4-M5,P-NYLON,B251028-898,OP-2,intermediate,13.5,ok,73.1,78.7,29.9,5.31,2.67,129.9,13,1688,2.84,48.56,2.53,62.07,25.8,False
2025-10-28T23:46:55.475814,Day,L3,L3-M5,P-ABS,B251028-806,OP-1,expert,42.5,overdue,74.6,79.9,44.8,5.5,6.21,125.4,11,1379,3.83,58.29,10.92,57.53,29.9,True
2025-10-28T23:59:55.475814,Day,L1,L1-M2,P-ABS,B251028-282,OP-5,expert,26.1,due_soon,75.6,73.4,53.5,5.43,4.01,109.9,11,1208,0.9,10.54,4.38,52.53,24.2,False
2025-10-29T00:06:55.475814,Day,L4,L4-M4,P-PP,B251029-838,OP-1,expert,11.7,ok,73.4,79.8,57.6,5.38,3.22,131.0,12,1571,2.63,43.64,4.56,60.58,25.5,False
2025-10-29T00:35:55.475814,Swing,L1,L1-M4,P-ABS,B251029-409,OP-1,expert,25.9,due_soon,75.5,78.2,63.4,5.36,3.03,135.8,9,1222,2.2,23.64,4.37,54.42,22.2,False
2025-10-29T00:46:55.475814,Day,L4,L4-M1,P-PEEK,B251029-166,OP-1,expert,19.1,ok,72.1,72.7,48.1,6.07,2.83,120.1,12,1440,0.78,7.3,2.3,56.01,20.9,False
2025-10-29T00:47:55.475814,Day,L4,L4-M3,P-ABS,B251029-861,OP-4,intermediate,9.4,ok,75.3,75.5,52.5,5.11,2.93,120.3,15,1804,1.41,26.12,4.02,62.78,28.2,False
2025-10-29T02:20:55.475814,Swing,L2,L2-M1,P-NYLON,B251029-164,OP-2,intermediate,47.8,overdue,74.5,73.9,45.1,5.26,5.1,114.3,12,1371,2.61,25.59,10.07,55.3,21.1,False
2025-10-29T03:10:55.475814,Night,L3,L3-M4,P-PP,B251029-280,OP-2,intermediate,26.6,due_soon,72.1,73.1,38.7,5.39,3.16,133.1,13,1729,2.13,28.23,8.48,60.78,23.2,False
2025-10-29T03:27:55.475814,Day,L2,L2-M1,P-NYLON,B251029-853,OP-5,expert,23.2,due_soon,73.3,72.4,45.2,5.84,3.61,114.7,14,1605,0.99,18.78,3.96,58.51,25.5,False
2025-10-29T03:37:55.475814,Swing,L4,L4-M2,P-PEEK,B251029-867,OP-5,expert,1.4,ok,74.4,76.8,43.1,5.62,3.04,115.6,10,1156,1.48,11.67,2.47,52.87,18.0,False
2025-10-29T05:08:55.475814,Day,L1,L1-M5,P-ABS,B251029-791,OP-5,expert,30.8,overdue,74.4,77.1,44.9,5.51,4.98,107.3,12,1287,2.53,25.92,9.57,55.08,26.9,False
2025-10-29T06:45:55.475814,Swing,L3,L3-M2,P-ABS,B251029-144,OP-4,intermediate,18.8,ok,75.6,75.6,40.3,5.19,3.08,112.0,14,1567,1.94,21.26,3.4,59.05,22.4,False
2025-10-29T07:05:55.475814,Swing,L3,L3-M2,P-PP,B251029-622,OP-3,novice,14.9,ok,72.2,72.2,47.9,5.03,2.99,92.1,13,1196,2.26,31.28,2.67,51.91,24.4,False
2025-10-29T07:28:55.475814,Day,L3,L3-M4,P-NYLON,B251029-964,OP-3,novice,15.7,ok,73.9,75.7,41.6,5.27,3.21,151.4,8,1210,2.09,29.92,3.77,53.36,23.0,False
2025-10-29T08:17:55.475814,Swing,L3,L3-M6,P-PP,B251029-767,OP-5,expert,8.8,ok,75.1,75.4,49.1,5.49,3.6,102.1,12,1225,1.25,16.03,2.41,53.48,23.9,False
2025-10-29T09:04:55.475814,Swing,L3,L3-M5,P-ABS,B251029-390,OP-2,intermediate,19.6,ok,75.1,74.4,44.1,5.39,3.21,98.2,10,982,1.58,10.51,4.16,49.26,21.3,False
2025-10-29T09:16:55.475814,Night,L2,L2-M6,P-PP,B251029-818,OP-1,expert,38.8,overdue,76.0,76.0,51.3,5.44,4.87,129.1,14,1806,2.58,52.86,10.74,63.01,24.3,False
2025-10-29T09:32:55.475814,Day,L1,L1-M6,P-PP,B251029-343,OP-4,intermediate,16.2,ok,75.6,75.3,60.7,5.28,3.07,120.9,14,1692,1.81,18.88,1.89,60.94,24.3,False
2025-10-29T09:40:55.475814,Swing,L1,L1-M2,P-ABS,B251029-248,OP-1,expert,42.2,overdue,72.7,77.3,54.2,5.33,5.87,127.1,10,1271,3.35,45.19,11.07,54.88,22.5,True
2025-10-29T09:53:55.475814,Night,L4,L4-M6,P-ABS,B251029-658,OP-4,intermediate,24.8,due_soon,72.4,71.9,58.1,5.19,2.96,134.3,8,1074,2.28,18.65,5.35,49.86,22.6,False
2025-10-29T10:42:55.475814,Swing,L3,L3-M4,P-ABS,B251029-291,OP-4,intermediate,16.7,ok,75.6,80.0,42.7,5.59,3.29,109.8,15,1646,3.03,44.44,3.46,61.84,27.1,False
2025-10-29T13:01:55.475814,Swing,L1,L1-M4,P-NYLON,B251029-485,OP-2,intermediate,27.6,due_soon,75.2,82.0,49.2,5.42,3.23,105.4,14,1475,4.25,66.63,6.21,59.8,23.0,True
2025-10-29T13:18:55.475814,Swing,L4,L4-M4,P-PP,B251029-762,OP-5,expert,19.1,ok,76.0,79.3,55.8,4.93,2.75,138.0,12,1655,2.95,30.53,2.57,61.75,20.4,False
2025-10-29T13:53:55.475814,Day,L4,L4-M4,P-NYLON,B251029-866,OP-3,novice,14.2,ok,73.4,72.7,46.8,5.45,3.57,123.5,11,1358,1.97,23.39,2.31,54.69,27.7,False
2025-10-29T14:38:55.475814,Day,L1,L1-M5,P-PEEK,B251029-945,OP-5,expert,0.0,ok,75.7,76.6,42.9,5.15,3.5,129.2,12,1550,1.53,17.88,4.23,59.11,27.2,False
2025-10-29T15:08:55.475814,Swing,L1,L1-M5,P-PP,B251029-645,OP-4,intermediate,20.6,ok,75.9,81.0,47.4,5.14,3.48,116.7,15,1750,3.8,68.19,5.59,63.86,26.9,True
2025-10-29T15:35:55.475814,Night,L2,L2-M4,P-ABS,B251029-707,OP-5,expert,13.1,ok,75.0,78.3,54.0,5.41,4.3,123.0,15,1845,2.86,56.02,4.59,64.44,25.7,False
2025-10-29T15:38:55.475814,Swing,L4,L4-M1,P-ABS,B251029-819,OP-4,intermediate,19.0,ok,74.0,73.8,46.8,5.24,3.43,108.6,10,1085,1.99,17.89,3.47,50.7,26.0,False
2025-10-29T16:34:55.475814,Night,L1,L1-M1,P-ABS,B251029-937,OP-5,expert,23.3,due_soon,74.2,76.5,48.6,5.78,4.34,113.9,13,1481,2.32,22.01,8.12,57.96,23.2,False
2025-10-29T18:23:55.475814,Night,L2,L2-M5,P-NYLON,B251029-836,OP-5,expert,19.0,ok,73.6,72.8,48.1,4.96,3.22,117.5,9,1057,1.51,12.67,4.23,49.91,21.5,False
2025-10-29T20:04:55.475814,Swing,L4,L4-M3,P-ABS,B251029-690,OP-2,intermediate,25.0,due_soon,73.8,79.7,39.4,5.41,3.37,125.1,10,1251,3.71,30.74,6.92,55.41,21.0,False
2025-10-29T20:27:55.475814,Swing,L1,L1-M3,P-ABS,B251029-740,OP-5,expert,20.3,ok,72.4,77.1,46.8,5.54,4.01,116.9,10,1169,1.76,16.79,2.47,53.18,25.4,False
2025-10-29T20:43:55.475814,Night,L2,L2-M5,P-ABS,B251029-420,OP-1,expert,14.9,ok,74.9,75.8,48.8,5.13,3.32,127.1,10,1270,1.4,15.5,3.91,54.37,26.4,False
2025-10-29T20:57:55.475814,Swing,L2,L2-M2,P-PEEK,B251029-652,OP-1,expert,0.3,ok,72.4,71.4,49.0,5.32,3.42,133.2,9,1198,1.23,10.02,2.75,51.66,23.8,False
2025-10-29T23:18:55.475814,Day,L2,L2-M6,P-NYLON,B251029-549,OP-3,novice,28.6,due_soon,73.2,73.4,42.8,5.18,3.09,105.0,13,1365,2.51,20.72,4.91,55.05,30.3,False
2025-10-29T23:47:55.475814,Night,L4,L4-M5,P-PEEK,B251029-612,OP-5,expert,29.0,due_soon,73.0,73.2,48.7,5.38,4.06,112.5,13,1461,1.98,31.07,5.9,56.52,27.2,False
2025-10-30T00:18:55.475814,Swing,L4,L4-M4,P-NYLON,B251030-926,OP-4,intermediate,24.1,due_soon,75.4,81.9,39.7,5.27,3.44,107.6,14,1506,4.39,56.97,9.23,60.29,26.1,True
2025-10-30T00:57:55.475814,Day,L2,L2-M4,P-PP,B251030-918,OP-3,novice,20.1,ok,72.9,73.4,35.8,5.4,2.4,135.1,11,1485,2.34,29.72,4.28,56.95,30.9,False
2025-10-30T01:11:55.475814,Swing,L3,L3-M5,P-ABS,B251030-662,OP-4,intermediate,28.6,due_soon,73.0,71.1,45.7,6.0,3.5,96.2,8,769,2.14,10.13,4.46,44.7,25.8,False
2025-10-30T02:07:55.475814,Day,L4,L4-M5,P-ABS,B251030-684,OP-3,novice,16.8,ok,75.5,76.5,37.9,4.99,2.71,80.0,13,1040,2.41,18.93,2.17,50.93,24.8,False
2025-10-30T02:27:55.475814,Day,L2,L2-M3,P-PP,B251030-526,OP-3,novice,18.4,ok,74.2,78.4,51.7,5.76,3.33,122.5,9,1102,3.44,38.27,3.12,52.59,27.3,False
2025-10-30T02:59:55.475814,Day,L4,L4-M4,P-ABS,B251030-397,OP-3,novice,13.1,ok,74.7,74.7,46.6,4.87,2.75,114.5,11,1259,2.16,23.18,2.59,53.8,27.0,False
2025-10-30T03:11:55.475814,Day,L3,L3-M1,P-PP,B251030-749,OP-1,expert,26.5,due_soon,73.0,73.5,34.1,5.99,4.19,105.3,14,1473,1.16,11.67,4.48,56.83,24.5,False
2025-10-30T03:19:55.475814,Swing,L4,L4-M2,P-PP,B251030-624,OP-5,expert,19.1,ok,74.6,77.4,52.0,5.33,3.45,121.0,9,1089,1.89,16.04,3.18,52.03,26.1,False
2025-10-30T03:38:55.475814,Swing,L3,L3-M6,P-PEEK,B251030-430,OP-4,intermediate,9.4,ok,72.4,77.5,51.2,5.29,3.46,118.1,8,944,2.66,17.24,4.49,49.75,24.9,False
2025-10-30T03:45:55.475814,Swing,L3,L3-M6,P-PP,B251030-793,OP-3,novice,17.4,ok,72.0,71.4,55.9,5.93,3.15,108.1,12,1297,2.64,34.04,2.57,53.23,23.7,False
2025-10-30T04:11:55.475814,Day,L4,L4-M3,P-PEEK,B251030-765,OP-1,expert,2.8,ok,72.2,70.4,48.6,5.82,3.71,134.1,10,1341,0.67,9.46,2.37,53.59,29.1,False
2025-10-30T04:12:55.475814,Day,L3,L3-M2,P-PP,B251030-192,OP-2,intermediate,24.0,due_soon,75.2,74.0,49.0,5.79,3.98,116.7,14,1633,1.3,18.63,5.5,59.55,24.6,False
2025-10-30T04:46:55.475814,Day,L4,L4-M6,P-ABS,B251030-568,OP-2,intermediate,3.8,ok,74.9,74.8,35.7,6.05,2.77,123.0,8,983,1.35,13.83,2.74,49.42,28.5,False
2025-10-30T04:50:55.475814,Swing,L4,L4-M4,P-PP,B251030-315,OP-1,expert,25.3,due_soon,73.5,73.5,46.6,5.39,3.57,103.2,8,825,1.0,5.19,7.11,46.43,24.7,False
2025-10-30T05:26:55.475814,Night,L2,L2-M3,P-NYLON,B251030-602,OP-1,expert,0.0,ok,74.9,74.9,51.8,5.72,4.11,110.7,15,1661,1.47,27.94,5.4,60.31,24.4,False
2025-10-30T05:49:55.475814,Day,L3,L3-M2,P-PEEK,B251030-933,OP-1,expert,15.8,ok,73.5,72.0,49.8,5.13,2.86,155.0,8,1240,1.12,15.07,4.99,52.55,29.5,False
2025-10-30T07:29:55.475814,Night,L1,L1-M4,P-PEEK,B251030-519,OP-4,intermediate,26.6,due_soon,72.9,79.7,55.4,5.73,4.27,108.0,12,1295,4.04,34.6,6.33,56.13,22.4,False
2025-10-30T07:48:55.475814,Day,L3,L3-M5,P-PP,B251030-861,OP-2,intermediate,21.2,ok,74.9,75.2,54.5,5.61,3.32,122.0,14,1708,1.5,29.57,3.84,61.16,28.3,False
2025-10-30T08:17:55.475814,Night,L4,L4-M2,P-PEEK,B251030-316,OP-1,expert,11.0,ok,74.8,75.9,48.5,6.18,3.34,126.6,8,1012,1.25,9.41,4.28,50.27,23.5,False
2025-10-30T09:12:55.475814,Night,L1,L1-M3,P-ABS,B251030-643,OP-5,expert,27.0,due_soon,74.2,76.4,61.4,5.15,4.08,134.9,11,1483,2.38,33.29,6.69,57.99,20.0,False
2025-10-30T10:10:55.475814,Day,L2,L2-M4,P-PEEK,B251030-876,OP-1,expert,15.5,ok,73.5,72.4,54.9,4.99,3.22,129.3,10,1293,0.6,5.62,3.81,53.53,24.3,False
2025-10-30T10:38:55.475814,Swing,L2,L2-M1,P-NYLON,B251030-748,OP-1,expert,13.3,ok,73.5,76.4,46.1,5.24,3.64,115.8,14,1620,1.69,32.59,3.39,60.17,22.5,False
2025-10-30T10:54:55.475814,Day,L4,L4-M4,P-ABS,B251030-400,OP-4,intermediate,50.3,overdue,74.0,76.7,48.7,5.53,5.03,98.7,12,1184,2.84,36.14,6.93,53.3,28.3,False
2025-10-30T10:56:55.475814,Day,L1,L1-M5,P-NYLON,B251030-707,OP-2,intermediate,10.8,ok,73.4,73.7,48.8,5.82,2.36,117.4,14,1644,1.4,25.17,3.46,59.6,25.0,False
2025-10-30T11:25:55.475814,Day,L4,L4-M6,P-ABS,B251030-217,OP-1,expert,17.4,ok,74.1,74.0,53.7,5.5,3.82,116.5,8,932,0.85,8.81,3.09,48.32,24.4,False
2025-10-30T12:33:55.475814,Day,L1,L1-M1,P-NYLON,B251030-606,OP-4,intermediate,14.1,ok,75.7,77.1,34.3,5.46,3.03,101.3,10,1012,2.07,24.42,3.26,50.68,27.2,False
2025-10-30T12:36:55.475814,Day,L3,L3-M1,P-PP,B251030-457,OP-4,intermediate,32.8,overdue,74.2,73.8,41.5,5.62,4.93,129.2,14,1808,2.61,56.18,8.26,62.28,29.6,False
2025-10-30T13:07:55.475814,Night,L2,L2-M1,P-NYLON,B251030-343,OP-2,intermediate,6.7,ok,73.6,73.4,32.9,5.74,3.04,107.2,15,1607,2.29,41.94,3.98,58.91,21.6,False
2025-10-30T14:17:55.475814,Day,L1,L1-M1,P-ABS,B251030-948,OP-2,intermediate,16.2,ok,72.3,71.4,42.6,5.49,2.56,114.5,10,1145,1.27,14.44,2.94,50.82,29.2,False
2025-10-30T14:24:55.475814,Day,L1,L1-M6,P-PEEK,B251030-347,OP-2,intermediate,3.2,ok,75.2,80.6,51.1,5.27,2.56,114.7,15,1721,3.07,57.62,3.73,63.23,24.8,True
2025-10-30T15:25:55.475814,Day,L2,L2-M3,P-ABS,B251030-188,OP-3,novice,11.2,ok,73.9,74.2,63.2,5.95,2.76,108.3,14,1516,2.02,36.52,1.4,57.74,28.1,False
2025-10-30T16:23:55.475814,Night,L1,L1-M3,P-NYLON,B251030-768,OP-4,intermediate,9.1,ok,72.9,71.9,42.5,5.26,3.95,121.9,10,1219,2.14,21.94,4.82,52.17,24.6,False
2025-10-30T18:11:55.475814,Day,L2,L2-M2,P-NYLON,B251030-980,OP-1,expert,23.1,due_soon,75.0,79.1,50.6,5.64,3.88,121.6,8,973,2.57,19.18,3.77,50.76,24.6,False
2025-10-30T18:25:55.475814,Swing,L3,L3-M3,P-NYLON,B251030-157,OP-3,novice,16.7,ok,74.8,75.0,51.5,5.94,2.71,111.5,12,1337,2.13,28.33,3.85,55.15,23.0,False
2025-10-30T19:13:55.475814,Day,L1,L1-M5,P-PEEK,B251030-909,OP-3,novice,30.8,overdue,75.5,75.1,45.4,5.01,4.84,116.4,14,1630,2.99,41.52,9.29,59.88,26.7,False
2025-10-30T19:46:55.475814,Day,L4,L4-M6,P-PP,B251030-632,OP-1,expert,21.6,ok,72.4,71.0,49.8,5.44,3.11,122.4,11,1346,0.66,6.4,2.8,53.89,24.9,False
2025-10-30T19:51:55.475814,Night,L2,L2-M5,P-ABS,B251030-930,OP-2,intermediate,16.8,ok,75.0,75.3,52.5,5.54,3.08,118.4,15,1776,2.43,51.73,4.4,62.29,22.6,False
2025-10-30T19:59:55.475814,Day,L1,L1-M4,P-NYLON,B251030-429,OP-3,novice,34.8,overdue,74.5,73.5,47.8,6.16,5.2,116.8,11,1285,3.03,41.9,10.51,53.79,26.1,False
2025-10-30T20:28:55.475814,Night,L1,L1-M1,P-NYLON,B251030-236,OP-1,expert,21.2,ok,75.1,74.9,51.9,5.46,2.33,127.9,11,1406,1.1,13.97,4.14,56.22,22.8,False
2025-10-30T20:56:55.475814,Day,L2,L2-M5,P-PP,B251030-556,OP-2,intermediate,31.4,overdue,72.6,73.5,56.0,5.17,4.6,117.5,15,1762,1.61,33.92,9.64,61.43,28.0,False
2025-10-30T21:59:55.475814,Swing,L2,L2-M1,P-NYLON,B251030-198,OP-1,expert,42.0,overdue,75.5,75.1,36.4,5.53,5.8,102.9,12,1235,2.71,29.41,11.33,53.55,21.3,True
2025-10-30T22:54:55.475814,Night,L1,L1-M4,P-ABS,B251030-413,OP-1,expert,0.0,ok,73.6,75.5,64.4,5.32,3.18,136.7,14,1913,2.23,26.3,5.73,64.55,20.9,False
2025-10-31T00:01:55.475814,Swing,L2,L2-M6,P-PEEK,B251031-689,OP-4,intermediate,0.0,ok,73.1,72.5,51.9,5.72,3.54,99.9,12,1199,1.92,25.43,4.49,52.08,24.0,False
2025-10-31T00:04:55.475814,Swing,L3,L3-M3,P-PEEK,B251031-185,OP-2,intermediate,32.5,overdue,74.3,72.8,49.7,5.32,4.85,98.7,11,1086,2.55,16.85,9.17,50.36,22.0,False
2025-10-31T00:14:55.475814,Day,L2,L2-M4,P-PEEK,B251031-150,OP-1,expert,42.8,overdue,72.0,74.2,30.5,4.83,5.7,126.5,8,1012,1.73,20.0,10.29,49.67,26.6,True
2025-10-31T01:16:55.475814,Day,L1,L1-M1,P-ABS,B251031-391,OP-1,expert,9.7,ok,74.3,73.9,34.4,5.0,3.45,114.9,13,1493,0.92,8.6,3.86,57.27,27.6,False
2025-10-31T02:37:55.475814,Day,L1,L1-M1,P-ABS,B251031-890,OP-3,novice,22.8,ok,74.1,73.8,51.2,5.44,3.3,87.0,11,957,1.57,13.15,4.0,48.65,27.3,False
2025-10-31T02:57:55.475814,Swing,L1,L1-M5,P-PP,B251031-272,OP-3,novice,12.9,ok,73.1,70.8,52.5,5.36,3.51,106.5,14,1490,1.86,19.98,3.39,56.15,22.3,False
2025-10-31T03:28:55.475814,Day,L2,L2-M5,P-PP,B251031-809,OP-1,expert,19.9,ok,74.1,73.1,47.7,5.11,3.66,152.2,13,1978,0.85,17.61,4.72,64.77,25.2,False
2025-10-31T03:39:55.475814,Day,L4,L4-M6,P-PEEK,B251031-371,OP-2,intermediate,13.1,ok,72.9,73.5,42.0,5.38,3.06,110.9,15,1663,1.64,28.62,4.03,59.86,24.7,False
2025-10-31T03:40:55.475814,Swing,L2,L2-M2,P-ABS,B251031-441,OP-5,expert,13.9,ok,74.8,73.4,49.0,5.75,2.76,131.2,14,1836,1.06,19.39,1.89,62.58,24.3,False
2025-10-31T03:43:55.475814,Night,L3,L3-M4,P-NYLON,B251031-416,OP-3,novice,19.4,ok,72.2,73.5,58.2,5.54,3.13,94.8,9,852,2.87,26.34,5.73,46.87,28.9,False
2025-10-31T04:18:55.475814,Day,L3,L3-M3,P-PP,B251031-387,OP-3,novice,36.1,overdue,74.5,75.2,37.0,5.69,5.54,95.9,8,767,3.33,16.44,10.57,46.09,26.3,True
2025-10-31T05:33:55.475814,Night,L2,L2-M2,P-NYLON,B251031-418,OP-3,novice,27.6,due_soon,72.9,72.2,55.1,5.63,3.28,102.9,11,1131,2.34,17.11,4.9,50.89,25.1,False
2025-10-31T06:04:55.475814,Day,L1,L1-M4,P-ABS,B251031-164,OP-2,intermediate,22.6,ok,72.1,72.9,45.1,5.91,2.28,102.6,15,1539,1.15,14.45,5.09,57.66,28.0,False
2025-10-31T06:56:55.475814,Swing,L1,L1-M2,P-PEEK,B251031-319,OP-4,intermediate,23.8,due_soon,74.5,76.4,45.4,5.57,2.03,112.1,9,1008,2.46,23.57,7.06,50.38,19.3,False
2025-10-31T07:59:55.475814,Day,L4,L4-M1,P-PEEK,B251031-216,OP-5,expert,15.1,ok,73.8,77.2,57.1,6.19,4.21,122.4,14,1713,1.96,30.28,3.56,61.92,29.9,False
2025-10-31T08:15:55.475814,Day,L4,L4-M2,P-NYLON,B251031-712,OP-5,expert,5.6,ok,74.4,72.4,40.4,5.29,3.21,108.1,9,973,1.06,8.71,2.89,48.42,25.0,False
2025-10-31T08:58:55.475814,Night,L3,L3-M5,P-PEEK,B251031-724,OP-4,intermediate,22.6,ok,75.3,74.2,52.9,5.29,4.13,142.7,13,1855,1.95,34.7,6.35,63.15,23.5,False
2025-10-31T09:59:55.475814,Day,L3,L3-M6,P-ABS,B251031-469,OP-3,novice,20.0,ok,73.9,72.7,51.9,5.14,3.45,127.1,12,1525,1.74,16.33,4.81,57.36,23.4,False
2025-10-31T11:33:55.475814,Swing,L1,L1-M2,P-NYLON,B251031-479,OP-4,intermediate,0.9,ok,74.1,75.7,43.6,5.28,3.68,81.3,10,812,2.06,15.26,3.1,46.99,25.7,False
2025-10-31T11:35:55.475814,Swing,L4,L4-M5,P-PEEK,B251031-806,OP-4,intermediate,9.4,ok,74.6,74.9,45.6,5.19,2.88,105.1,12,1260,1.81,20.67,2.51,53.88,24.1,False
2025-10-31T12:01:55.475814,Day,L2,L2-M3,P-PP,B251031-463,OP-4,intermediate,23.3,due_soon,75.9,77.7,51.5,5.29,2.92,118.4,12,1420,2.25,37.93,4.96,57.42,31.6,False
2025-10-31T12:06:55.475814,Day,L2,L2-M5,P-PEEK,B251031-286,OP-5,expert,0.0,ok,74.0,73.2,35.5,4.96,3.46,115.3,13,1498,0.38,5.05,3.36,57.08,25.2,False
2025-10-31T12:49:55.475814,Swing,L4,L4-M4,P-NYLON,B251031-407,OP-4,intermediate,0.0,ok,75.7,77.3,51.2,5.63,3.5,128.1,14,1792,2.79,31.82,2.55,63.24,23.1,False
2025-10-31T13:14:55.475814,Swing,L4,L4-M3,P-ABS,B251031-263,OP-4,intermediate,27.6,due_soon,74.6,74.2,42.9,5.33,3.18,125.2,13,1627,1.91,23.42,5.86,59.5,24.2,False
2025-10-31T13:28:55.475814,Day,L3,L3-M3,P-PP,B251031-232,OP-5,expert,13.8,ok,74.6,74.5,48.1,5.86,3.49,142.3,14,1992,1.18,20.83,3.51,65.44,24.9,False
2025-10-31T13:42:55.475814,Day,L1,L1-M2,P-ABS,B251031-747,OP-1,expert,28.2,due_soon,75.6,75.3,50.9,5.24,4.07,109.5,12,1313,1.52,18.5,4.37,54.89,25.3,False
2025-10-31T13:52:55.475814,Day,L2,L2-M5,P-NYLON,B251031-937,OP-4,intermediate,20.5,ok,72.8,73.8,38.5,5.51,3.14,121.1,9,1089,1.29,13.49,2.84,50.77,28.3,False
2025-10-31T14:18:55.475814,Swing,L1,L1-M1,P-ABS,B251031-414,OP-4,intermediate,18.8,ok,72.5,75.5,49.2,5.63,3.08,122.0,10,1220,1.57,13.4,3.05,53.44,22.5,False
2025-10-31T14:19:55.475814,Swing,L3,L3-M3,P-PP,B251031-972,OP-2,intermediate,29.4,due_soon,73.1,72.8,46.1,5.29,4.74,93.1,12,1117,2.19,16.3,6.0,50.85,24.4,False
2025-10-31T15:27:55.475814,Day,L1,L1-M2,P-PP,B251031-453,OP-2,intermediate,12.3,ok,75.0,74.5,55.9,4.93,3.43,113.5,11,1248,1.53,17.51,2.2,53.56,27.1,False
2025-10-31T15:35:55.475814,Night,L3,L3-M4,P-PP,B251031-944,OP-1,expert,19.3,ok,74.6,74.3,52.4,5.95,3.54,124.3,14,1740,1.26,13.54,6.3,61.36,25.3,False
2025-10-31T15:56:55.475814,Day,L3,L3-M6,P-ABS,B251031-461,OP-2,intermediate,22.4,ok,74.0,74.6,51.9,5.63,2.85,126.5,9,1138,0.93,8.55,3.34,51.84,23.1,False
2025-10-31T16:08:55.475814,Day,L3,L3-M1,P-PEEK,B251031-403,OP-5,expert,35.3,overdue,75.4,76.1,39.6,5.01,5.0,127.2,14,1781,1.94,40.02,9.55,62.64,23.8,False
2025-10-31T16:45:55.475814,Night,L4,L4-M6,P-NYLON,B251031-359,OP-2,intermediate,46.4,overdue,74.7,76.0,36.4,5.58,5.93,121.7,8,973,3.4,27.72,10.87,49.67,21.5,True
2025-10-31T16:49:55.475814,Swing,L1,L1-M1,P-PEEK,B251031-716,OP-1,expert,30.9,overdue,74.5,78.4,47.7,5.3,3.68,114.2,12,1370,2.68,43.35,8.49,56.87,23.2,False
2025-10-31T17:19:55.475814,Night,L4,L4-M5,P-PEEK,B251031-954,OP-5,expert,26.9,due_soon,74.1,73.1,46.5,5.82,3.68,122.6,11,1348,1.98,16.92,6.26,54.64,27.7,False
2025-10-31T19:06:55.475814,Day,L2,L2-M6,P-PP,B251031-611,OP-1,expert,17.1,ok,72.6,74.7,36.8,5.62,2.6,126.7,15,1901,1.01,17.99,2.38,64.05,24.5,False
2025-10-31T19:07:55.475814,Swing,L4,L4-M2,P-PP,B251031-494,OP-2,intermediate,13.3,ok,74.8,73.6,48.0,5.52,3.05,130.7,13,1699,1.98,32.37,3.35,60.44,18.4,False
2025-10-31T19:31:55.475814,Swing,L4,L4-M6,P-NYLON,B251031-560,OP-5,expert,9.3,ok,75.6,76.0,51.7,5.82,2.07,130.0,11,1430,1.4,16.75,2.46,56.99,25.3,False
2025-10-31T20:01:55.475814,Swing,L1,L1-M5,P-PP,B251031-554,OP-3,novice,10.5,ok,72.2,72.2,31.9,5.11,3.57,130.8,14,1830,2.3,27.69,3.29,62.06,23.1,False
2025-10-31T21:30:55.475814,Swing,L1,L1-M5,P-PP,B251031-380,OP-4,intermediate,28.7,due_soon,73.9,74.0,39.1,5.72,3.06,126.9,8,1014,2.23,19.24,6.63,49.63,25.2,False
2025-10-31T22:04:55.475814,Night,L3,L3-M1,P-NYLON,B251031-883,OP-3,novice,36.7,overdue,72.6,73.0,54.9,5.62,5.14,132.7,15,1990,3.58,65.54,11.05,64.89,19.7,False
2025-10-31T22:06:55.475814,Day,L2,L2-M4,P-PEEK,B251031-335,OP-2,intermediate,17.1,ok,72.7,71.7,38.2,5.98,2.85,101.3,11,1113,0.82,7.6,2.54,50.43,21.4,False
2025-10-31T22:12:55.475814,Swing,L4,L4-M3,P-PP,B251031-894,OP-3,novice,15.5,ok,75.6,74.8,48.0,5.04,3.7,120.0,10,1200,2.42,31.7,4.07,52.9,23.5,False
2025-10-31T22:16:55.475814,Night,L2,L2-M3,P-PP,B251031-801,OP-2,intermediate,8.9,ok,74.7,75.7,39.2,5.23,2.51,135.0,12,1620,1.74,33.37,5.33,59.93,24.5,False
2025-11-01T00:23:55.475814,Swing,L2,L2-M2,P-PP,B251101-736,OP-4,intermediate,7.1,ok,75.8,78.7,53.6,4.61,3.62,146.2,8,1169,2.84,31.49,3.56,53.78,26.1,False
2025-11-01T00:25:55.475814,Swing,L3,L3-M6,P-PEEK,B251101-785,OP-5,expert,30.3,overdue,73.9,73.1,46.2,5.62,5.21,104.3,13,1355,2.33,24.09,9.14,54.8,31.3,True
2025-11-01T01:00:55.475814,Day,L4,L4-M2,P-ABS,B251101-107,OP-4,intermediate,8.1,ok,74.3,74.9,45.1,5.11,3.39,112.8,10,1127,1.48,13.13,3.26,51.77,26.6,False
2025-11-01T02:31:55.475814,Swing,L1,L1-M2,P-NYLON,B251101-719,OP-1,expert,0.0,ok,74.5,73.8,39.9,5.08,4.14,108.9,12,1306,1.49,18.45,3.5,54.22,21.1,False
2025-11-01T04:02:55.475814,Swing,L3,L3-M6,P-PEEK,B251101-889,OP-4,intermediate,4.9,ok,75.3,79.1,56.0,5.26,3.41,101.9,11,1120,3.14,41.16,2.45,53.13,23.9,False
2025-11-01T04:38:55.475814,Day,L4,L4-M1,P-PEEK,B251101-482,OP-4,intermediate,6.4,ok,74.4,75.8,58.6,5.35,2.45,110.4,11,1214,1.85,26.36,2.95,53.47,28.3,False
2025-11-01T05:47:55.475814,Day,L2,L2-M5,P-ABS,B251101-140,OP-5,expert,26.1,due_soon,73.0,74.2,43.3,5.29,3.94,145.3,9,1307,0.49,4.44,5.95,54.39,24.1,False
2025-11-01T05:51:55.475814,Swing,L3,L3-M3,P-PEEK,B251101-658,OP-3,novice,31.1,overdue,75.8,76.4,62.1,5.13,4.77,102.7,13,1334,3.66,30.93,10.75,55.58,22.8,False
2025-11-01T05:52:55.475814,Day,L4,L4-M4,P-ABS,B251101-775,OP-3,novice,33.6,overdue,75.9,76.0,57.2,5.52,4.33,119.5,11,1314,3.26,45.31,8.73,55.11,28.6,False
2025-11-01T07:09:55.475814,Night,L1,L1-M2,P-NYLON,B251101-284,OP-1,expert,27.0,due_soon,74.5,72.3,43.4,5.52,3.02,119.2,12,1430,1.87,30.92,5.61,55.7,25.9,False
2025-11-01T08:24:55.475814,Day,L3,L3-M4,P-NYLON,B251101-103,OP-1,expert,10.5,ok,72.3,71.2,41.5,5.27,4.03,135.5,12,1625,0.97,18.55,3.13,58.43,27.6,False
2025-11-01T11:09:55.475814,Day,L4,L4-M5,P-NYLON,B251101-609,OP-3,novice,16.0,ok,73.0,73.3,37.7,5.4,3.33,114.4,12,1372,2.16,26.06,0.85,55.11,21.9,False
2025-11-01T11:51:55.475814,Swing,L4,L4-M6,P-PEEK,B251101-834,OP-5,expert,29.2,due_soon,73.8,72.8,42.0,5.47,3.03,108.5,15,1626,1.44,28.04,5.63,59.0,23.8,False
2025-11-01T12:21:55.475814,Swing,L4,L4-M1,P-ABS,B251101-809,OP-2,intermediate,7.6,ok,72.5,71.7,41.6,5.69,3.21,119.2,12,1430,1.98,20.04,4.38,55.47,28.5,False
2025-11-01T12:37:55.475814,Day,L4,L4-M2,P-PEEK,B251101-947,OP-2,intermediate,13.8,ok,75.6,75.7,51.3,5.17,2.42,124.7,8,997,0.92,10.26,1.76,49.95,27.7,False
2025-11-01T12:54:55.475814,Day,L1,L1-M6,P-PEEK,B251101-431,OP-5,expert,19.6,ok,73.9,72.8,50.4,5.16,3.48,130.9,13,1701,0.52,7.93,1.94,60.19,26.6,False
2025-11-01T13:46:55.475814,Night,L3,L3-M1,P-NYLON,B251101-279,OP-2,intermediate,22.1,ok,74.4,74.8,72.2,5.32,3.95,118.6,12,1423,2.58,33.6,3.81,56.45,24.2,False
2025-11-01T14:01:55.475814,Day,L3,L3-M1,P-ABS,B251101-291,OP-2,intermediate,32.1,overdue,75.7,76.5,53.7,5.66,4.45,110.7,14,1550,2.83,46.92,7.62,59.07,19.8,False
2025-11-01T15:10:55.475814,Night,L1,L1-M5,P-NYLON,B251101-933,OP-2,intermediate,39.4,overdue,73.4,77.7,42.0,5.22,5.34,102.9,10,1029,3.97,48.28,10.57,51.16,20.9,True
2025-11-01T15:13:55.475814,Day,L2,L2-M1,P-ABS,B251101-608,OP-3,novice,32.9,overdue,73.1,78.1,34.8,5.99,5.02,114.8,9,1033,3.94,39.03,9.81,51.38,23.6,False
2025-11-01T15:33:55.475814,Day,L1,L1-M6,P-PP,B251101-504,OP-4,intermediate,32.1,overdue,74.3,75.8,49.8,5.09,4.39,115.1,14,1611,2.15,36.91,9.89,59.81,27.8,False
2025-11-01T15:44:55.475814,Night,L4,L4-M4,P-PP,B251101-295,OP-3,novice,25.2,due_soon,74.7,75.4,42.8,5.78,3.23,101.0,11,1111,2.99,29.93,7.72,51.65,31.0,False
2025-11-01T16:30:55.475814,Night,L3,L3-M2,P-ABS,B251101-707,OP-4,intermediate,9.6,ok,74.5,75.5,64.4,5.6,4.25,107.2,14,1500,2.56,24.36,6.29,57.96,21.6,False
2025-11-01T16:40:55.475814,Swing,L3,L3-M1,P-NYLON,B251101-264,OP-3,novice,8.6,ok,72.2,71.0,30.6,5.55,2.73,117.2,8,937,2.16,16.92,4.91,47.35,26.3,False
2025-11-01T17:41:55.475814,Swing,L1,L1-M5,P-PP,B251101-963,OP-1,expert,20.8,ok,73.1,72.8,49.0,5.5,4.17,129.2,9,1162,1.3,15.71,3.57,51.57,26.1,False
2025-11-01T20:13:55.475814,Day,L4,L4-M4,P-NYLON,B251101-269,OP-1,expert,16.4,ok,74.1,73.5,43.6,5.2,3.17,122.2,15,1832,1.01,21.95,3.13,62.56,24.8,False
2025-11-01T20:43:55.475814,Swing,L3,L3-M6,P-PEEK,B251101-683,OP-4,intermediate,36.8,overdue,75.0,73.8,44.3,5.8,5.3,117.7,10,1176,2.72,33.18,9.14,52.17,21.1,True
2025-11-01T22:28:55.475814,Swing,L2,L2-M5,P-NYLON,B251101-710,OP-3,novice,23.0,ok,72.2,71.6,48.9,5.92,2.99,114.8,12,1377,2.64,26.34,3.02,54.61,22.5,False
2025-11-01T22:44:55.475814,Swing,L2,L2-M6,P-NYLON,B251101-668,OP-1,expert,9.9,ok,72.5,74.2,50.9,5.99,2.28,105.4,15,1581,1.09,13.28,2.5,58.76,22.9,False
2025-11-01T23:04:55.475814,Day,L2,L2-M2,P-NYLON,B251101-795,OP-1,expert,2.0,ok,72.7,71.8,56.0,5.3,3.31,142.4,15,2136,1.13,25.56,3.33,66.83,27.8,False
2025-11-01T23:46:55.475814,Night,L1,L1-M4,P-ABS,B251101-503,OP-5,expert,7.7,ok,75.0,74.9,55.3,5.29,3.85,142.4,15,2136,1.25,19.51,4.22,67.88,26.2,False
2025-11-01T23:47:55.475814,Day,L4,L4-M5,P-NYLON,B251101-183,OP-1,expert,26.0,due_soon,75.7,73.8,54.0,5.41,3.27,127.5,15,1912,0.82,18.79,4.83,63.92,22.3,False
2025-11-02T00:09:55.475814,Day,L3,L3-M1,P-ABS,B251102-778,OP-4,intermediate,31.1,overdue,75.0,77.6,37.3,5.55,5.36,84.3,9,759,2.83,22.13,8.29,46.81,27.0,True
2025-11-02T01:08:55.475814,Day,L3,L3-M5,P-NYLON,B251102-753,OP-3,novice,20.4,ok,73.1,71.5,51.5,5.47,2.85,118.8,9,1069,2.43,21.6,1.98,49.63,25.8,False
2025-11-02T01:16:55.475814,Swing,L4,L4-M2,P-PP,B251102-844,OP-2,intermediate,20.5,ok,72.7,71.8,38.3,5.28,3.19,127.5,11,1402,1.82,28.62,6.46,55.07,23.0,False
2025-11-02T01:18:55.475814,Swing,L4,L4-M2,P-NYLON,B251102-116,OP-2,intermediate,0.0,ok,75.8,74.5,49.1,5.93,2.72,124.3,14,1739,2.03,28.17,1.79,61.41,26.7,False
2025-11-02T01:47:55.475814,Day,L3,L3-M4,P-PP,B251102-887,OP-5,expert,14.5,ok,72.7,70.8,60.1,6.03,2.9,155.0,11,1705,1.14,22.07,3.55,59.57,27.2,False
2025-11-02T02:23:55.475814,Swing,L2,L2-M6,P-PEEK,B251102-355,OP-2,intermediate,12.7,ok,74.4,74.9,41.5,6.01,3.1,112.0,9,1008,1.54,15.64,4.43,49.85,27.6,False
2025-11-02T02:24:55.475814,Night,L4,L4-M5,P-NYLON,B251102-862,OP-1,expert,32.4,overdue,75.8,77.4,61.2,5.68,4.59,140.8,14,1970,3.57,54.96,10.13,66.11,25.4,False
2025-11-02T02:42:55.475814,Day,L3,L3-M3,P-NYLON,B251102-127,OP-2,intermediate,24.7,due_soon,72.4,72.6,44.9,5.37,4.41,134.4,10,1344,2.17,20.79,5.04,54.4,28.3,False
2025-11-02T02:50:55.475814,Day,L1,L1-M3,P-ABS,B251102-255,OP-4,intermediate,13.7,ok,73.1,74.5,43.6,5.23,3.18,113.1,15,1697,1.89,32.87,3.13,60.74,24.7,False
2025-11-02T03:39:55.475814,Day,L3,L3-M6,P-PEEK,B251102-809,OP-2,intermediate,16.8,ok,72.5,71.9,40.4,4.96,3.12,120.1,14,1681,1.24,18.07,2.75,59.56,28.4,False
2025-11-02T04:36:55.475814,Swing,L1,L1-M1,P-NYLON,B251102-939,OP-3,novice,7.3,ok,74.6,79.0,44.5,5.23,4.23,104.0,9,936,3.89,25.75,2.92,50.13,25.9,False
2025-11-02T05:09:55.475814,Swing,L1,L1-M6,P-ABS,B251102-217,OP-5,expert,27.7,due_soon,75.6,74.4,52.1,5.29,4.23,105.7,9,951,1.36,10.65,4.65,48.76,28.3,False
2025-11-02T05:19:55.475814,Day,L4,L4-M6,P-NYLON,B251102-918,OP-4,intermediate,15.7,ok,74.8,76.2,44.6,5.07,3.2,101.6,13,1320,1.55,19.68,5.45,55.29,26.8,False
2025-11-02T05:21:55.475814,Day,L4,L4-M4,P-NYLON,B251102-562,OP-4,intermediate,20.7,ok,73.1,70.5,43.8,5.21,3.01,116.7,11,1283,0.99,10.2,3.1,52.71,26.3,False
2025-11-02T06:21:55.475814,Night,L2,L2-M2,P-ABS,B251102-200,OP-3,novice,23.2,due_soon,75.5,80.3,53.7,5.35,3.14,113.8,13,1479,4.65,61.26,9.18,59.28,24.6,True
2025-11-02T06:59:55.475814,Day,L1,L1-M1,P-NYLON,B251102-181,OP-3,novice,28.1,due_soon,72.2,72.0,50.5,5.59,3.44,123.0,12,1475,2.38,24.75,4.72,56.31,28.3,False
2025-11-02T07:45:55.475814,Day,L4,L4-M4,P-ABS,B251102-880,OP-1,expert,15.5,ok,72.1,68.9,38.0,5.32,3.06,142.2,8,1137,1.41,17.76,3.58,49.81,27.7,False
2025-11-02T08:31:55.475814,Night,L2,L2-M1,P-ABS,B251102-276,OP-4,intermediate,44.1,overdue,72.4,75.7,50.9,5.55,5.61,102.1,9,918,3.38,33.8,11.99,48.7,25.6,True
2025-11-02T08:39:55.475814,Swing,L4,L4-M6,P-PEEK,B251102-981,OP-5,expert,28.7,due_soon,74.8,72.9,52.0,5.14,3.32,127.6,15,1913,1.23,27.25,8.85,63.63,25.9,False
2025-11-02T08:59:55.475814,Day,L1,L1-M1,P-PEEK,B251102-197,OP-4,intermediate,24.0,due_soon,74.5,74.7,57.9,4.97,3.13,115.9,11,1275,1.55,23.64,6.14,54.06,26.6,False
2025-11-02T09:37:55.475814,Day,L1,L1-M4,P-NYLON,B251102-354,OP-4,intermediate,0.0,ok,72.5,73.7,47.9,6.03,2.96,119.8,13,1558,1.17,11.6,2.95,58.23,24.4,False
2025-11-02T10:04:55.475814,Day,L1,L1-M3,P-NYLON,B251102-706,OP-1,expert,1.5,ok,75.1,75.2,57.0,5.37,2.87,134.9,9,1213,0.81,7.38,3.12,53.23,23.0,False
2025-11-02T10:26:55.475814,Day,L4,L4-M6,P-ABS,B251102-417,OP-4,intermediate,19.2,ok,72.3,73.8,45.3,5.35,3.02,126.8,13,1648,1.27,18.01,4.35,59.7,25.3,False
2025-11-02T11:08:55.475814,Swing,L2,L2-M5,P-PP,B251102-997,OP-1,expert,23.6,due_soon,74.3,75.2,56.6,5.45,2.76,113.7,9,1023,1.54,17.46,7.52,50.17,26.9,False
2025-11-02T11:16:55.475814,Day,L2,L2-M5,P-NYLON,B251102-547,OP-4,intermediate,4.9,ok,72.3,70.7,54.0,5.77,2.93,115.8,11,1273,1.05,12.79,3.37,52.63,27.6,False
2025-11-02T11:26:55.475814,Day,L4,L4-M6,P-PEEK,B251102-207,OP-5,expert,31.3,overdue,75.3,76.8,41.4,5.41,3.78,116.7,9,1050,2.0,15.53,7.68,51.19,21.6,False
2025-11-02T12:15:55.475814,Day,L3,L3-M4,P-ABS,B251102-548,OP-5,expert,7.0,ok,72.6,71.7,49.8,5.15,3.38,132.3,9,1190,1.41,16.27,3.6,51.63,29.4,False
2025-11-02T12:48:55.475814,Night,L4,L4-M3,P-NYLON,B251102-465,OP-3,novice,23.2,due_soon,75.4,74.2,77.9,5.5,3.33,108.2,12,1298,4.47,59.15,7.0,54.23,24.0,False
2025-11-02T14:19:55.475814,Swing,L2,L2-M2,P-PP,B251102-431,OP-4,intermediate,13.1,ok,72.9,70.8,55.1,5.09,2.58,97.3,10,972,1.21,10.0,2.63,47.85,26.8,False
2025-11-02T14:39:55.475814,Day,L1,L1-M2,P-NYLON,B251102-666,OP-2,intermediate,27.7,due_soon,73.6,74.3,55.1,5.24,3.66,121.4,15,1820,1.62,19.34,3.27,62.63,26.8,False
2025-11-02T14:49:55.475814,Swing,L1,L1-M3,P-ABS,B251102-761,OP-5,expert,2.4,ok,72.5,76.8,32.5,5.54,2.78,126.4,14,1770,1.77,26.26,3.32,62.69,21.0,False
2025-11-02T15:12:55.475814,Day,L2,L2-M3,P-NYLON,B251102-386,OP-4,intermediate,23.4,due_soon,74.3,73.4,36.6,5.09,3.86,112.4,13,1461,1.49,16.63,6.01,56.58,25.1,False
2025-11-02T15:16:55.475814,Night,L2,L2-M1,P-PEEK,B251102-124,OP-5,expert,4.7,ok,73.3,73.6,56.9,5.69,2.59,121.1,11,1332,1.55,16.25,4.06,54.58,21.1,False
2025-11-02T15:35:55.475814,Night,L4,L4-M2,P-ABS,B251102-575,OP-2,intermediate,8.9,ok,72.7,72.7,51.1,5.78,2.73,120.0,15,1799,1.59,29.31,5.38,61.75,27.1,False
2025-11-02T15:38:55.475814,Swing,L4,L4-M2,P-ABS,B251102-172,OP-3,novice,0.0,ok,74.6,75.5,41.8,6.06,3.31,105.3,12,1263,2.31,21.12,4.17,54.13,27.9,False
2025-11-02T16:54:55.475814,Day,L4,L4-M5,P-ABS,B251102-609,OP-3,novice,22.2,ok,74.3,73.3,49.9,5.41,3.25,117.3,12,1407,2.05,23.1,2.97,55.7,23.4,False
2025-11-02T18:14:55.475814,Swing,L3,L3-M3,P-PP,B251102-632,OP-4,intermediate,16.1,ok,75.7,73.7,42.0,5.56,3.47,131.7,11,1448,1.63,26.25,3.2,56.47,24.4,False
2025-11-02T18:49:55.475814,Night,L4,L4-M6,P-ABS,B251102-892,OP-5,expert,8.8,ok,72.2,73.3,59.3,5.32,2.9,120.2,11,1322,1.69,19.77,4.43,54.3,28.0,False
2025-11-02T19:02:55.475814,Swing,L1,L1-M5,P-PEEK,B251102-959,OP-1,expert,18.1,ok,73.0,71.3,46.8,6.21,3.67,139.0,14,1946,1.05,18.31,4.03,63.59,24.1,False
2025-11-02T19:18:55.475814,Day,L2,L2-M3,P-NYLON,B251102-239,OP-2,intermediate,16.7,ok,73.1,70.9,48.6,5.69,3.03,130.0,13,1689,1.43,16.78,2.8,59.37,25.5,False
2025-11-02T19:28:55.475814,Swing,L2,L2-M3,P-PEEK,B251102-275,OP-3,novice,13.2,ok,74.3,73.0,51.6,5.32,3.42,114.9,14,1608,2.31,30.44,2.93,58.78,21.9,False
2025-11-02T20:16:55.475814,Day,L4,L4-M3,P-PEEK,B251102-158,OP-3,novice,25.4,due_soon,74.6,73.3,44.2,5.4,3.31,107.2,13,1393,2.28,24.6,5.65,55.47,27.8,False
2025-11-02T20:41:55.475814,Swing,L2,L2-M4,P-PP,B251102-364,OP-5,expert,25.5,due_soon,73.9,77.0,45.6,5.29,4.33,115.7,12,1388,1.56,21.45,6.9,56.66,21.7,False
2025-11-02T23:12:55.475814,Swing,L2,L2-M3,P-NYLON,B251102-848,OP-3,novice,20.7,ok,73.3,73.2,31.1,5.07,3.09,109.5,11,1204,1.93,17.87,3.79,52.4,22.4,False
2025-11-02T23:27:55.475814,Day,L4,L4-M6,P-PP,B251102-143,OP-3,novice,18.8,ok,73.7,72.9,48.9,5.23,3.65,115.4,14,1615,2.17,32.72,3.62,58.85,32.0,False
2025-11-02T23:33:55.475814,Night,L1,L1-M1,P-PP,B251102-705,OP-1,expert,0.0,ok,74.4,73.4,70.5,5.84,3.81,116.7,10,1167,2.51,33.8,3.09,51.87,25.7,False
2025-11-03T00:05:55.475814,Day,L3,L3-M3,P-ABS,B251103-297,OP-4,intermediate,0.0,ok,72.4,74.0,58.2,5.64,3.88,119.3,11,1312,1.48,19.99,2.91,54.39,26.6,False
2025-11-03T00:57:55.475814,Swing,L3,L3-M6,P-NYLON,B251103-523,OP-4,intermediate,9.9,ok,72.9,74.0,37.8,5.83,3.65,115.8,11,1273,1.2,11.85,2.98,53.77,22.4,False
2025-11-03T02:11:55.475814,Swing,L3,L3-M1,P-ABS,B251103-796,OP-2,intermediate,21.6,ok,72.2,71.0,51.9,5.63,3.27,115.0,12,1380,2.12,29.22,3.48,54.42,24.7,False
2025-11-03T02:36:55.475814,Day,L3,L3-M2,P-ABS,B251103-730,OP-2,intermediate,15.8,ok,72.0,72.2,47.3,5.02,2.94,155.0,11,1705,1.46,22.43,3.86,60.06,23.6,False
2025-11-03T02:38:55.475814,Day,L3,L3-M3,P-PP,B251103-765,OP-3,novice,5.1,ok,75.1,74.4,44.0,5.64,4.03,114.9,11,1263,2.03,19.4,2.53,53.76,27.5,False
2025-11-03T03:26:55.475814,Day,L1,L1-M5,P-ABS,B251103-518,OP-2,intermediate,26.1,due_soon,73.1,73.2,45.2,5.77,3.29,110.7,13,1439,1.85,29.84,7.2,56.14,26.2,False
2025-11-03T03:44:55.475814,Night,L2,L2-M3,P-NYLON,B251103-449,OP-2,intermediate,33.2,overdue,72.4,73.8,42.6,5.36,4.0,107.4,10,1074,2.68,32.62,10.76,50.54,26.5,False
2025-11-03T05:15:55.475814,Swing,L3,L3-M4,P-ABS,B251103-181,OP-2,intermediate,26.5,due_soon,74.1,71.2,47.5,5.28,3.81,102.9,13,1337,1.98,16.25,5.1,53.81,24.8,False
2025-11-03T05:27:55.475814,Swing,L3,L3-M3,P-PP,B251103-228,OP-2,intermediate,15.3,ok,75.2,76.5,51.4,5.26,3.35,130.9,15,1963,1.89,40.7,4.15,65.69,24.8,False
2025-11-03T05:49:55.475814,Day,L3,L3-M5,P-PP,B251103-684,OP-4,intermediate,27.2,due_soon,74.7,74.6,70.6,5.29,4.35,111.4,9,1002,2.6,26.24,6.52,49.63,29.2,False
2025-11-03T06:07:55.475814,Day,L3,L3-M6,P-PP,B251103-240,OP-4,intermediate,23.2,due_soon,75.3,75.3,52.5,5.81,4.05,120.2,10,1201,1.83,14.65,5.16,53.08,27.2,False
2025-11-03T06:19:55.475814,Day,L1,L1-M6,P-PP,B251103-112,OP-5,expert,0.0,ok,74.1,73.3,62.6,5.14,3.26,127.0,11,1396,0.72,10.4,2.3,55.5,28.2,False
2025-11-03T06:27:55.475814,Swing,L3,L3-M6,P-ABS,B251103-834,OP-5,expert,26.1,due_soon,73.7,72.8,44.6,5.06,3.15,110.8,9,997,1.5,11.81,5.27,48.95,23.3,False
2025-11-03T06:32:55.475814,Day,L2,L2-M2,P-PP,B251103-469,OP-3,novice,2.1,ok,74.6,78.8,47.1,5.84,3.48,112.8,15,1691,3.38,45.87,4.07,62.15,29.4,False
2025-11-03T06:45:55.475814,Night,L2,L2-M4,P-ABS,B251103-221,OP-1,expert,24.0,due_soon,74.5,73.8,41.0,5.27,3.79,132.0,13,1715,1.98,33.71,6.05,60.78,25.6,False
2025-11-03T07:00:55.475814,Swing,L2,L2-M1,P-ABS,B251103-437,OP-4,intermediate,28.7,due_soon,73.1,71.3,37.3,5.52,4.44,135.0,11,1485,1.76,23.6,5.74,56.22,18.7,False
2025-11-03T07:15:55.475814,Day,L2,L2-M2,P-ABS,B251103-842,OP-4,intermediate,0.0,ok,75.1,75.6,57.1,5.39,2.67,87.2,9,785,1.69,13.6,3.51,46.52,26.6,False
2025-11-03T07:21:55.475814,Day,L2,L2-M4,P-NYLON,B251103-356,OP-4,intermediate,25.0,due_soon,73.4,77.6,50.8,6.05,3.06,132.8,11,1461,2.28,24.99,5.43,58.03,28.6,False
2025-11-03T07:22:55.475814,Night,L3,L3-M4,P-PP,B251103-568,OP-4,intermediate,20.1,ok,75.8,79.4,47.9,5.32,3.12,113.0,13,1468,3.03,39.74,4.02,58.8,24.4,False
2025-11-03T07:43:55.475814,Swing,L4,L4-M5,P-ABS,B251103-894,OP-3,novice,19.4,ok,73.8,73.2,34.9,5.48,3.77,111.8,12,1341,2.46,31.49,4.86,54.57,23.9,False
2025-11-03T07:49:55.475814,Day,L2,L2-M2,P-PP,B251103-412,OP-5,expert,17.3,ok,75.5,80.6,42.9,5.32,1.74,125.3,10,1253,2.7,28.32,6.19,55.75,26.8,True
2025-11-03T08:05:55.475814,Day,L2,L2-M4,P-PEEK,B251103-623,OP-1,expert,0.0,ok,73.6,73.6,56.5,5.69,2.53,115.9,15,1737,1.33,17.82,3.2,61.06,28.6,False
2025-11-03T08:21:55.475814,Night,L4,L4-M1,P-ABS,B251103-363,OP-3,novice,18.7,ok,72.5,71.8,56.4,5.54,3.13,123.6,8,988,2.72,16.84,5.42,48.46,23.7,False
2025-11-03T08:32:55.475814,Night,L4,L4-M4,P-PEEK,B251103-966,OP-1,expert,27.4,due_soon,75.9,74.9,55.9,5.94,4.78,105.1,12,1261,1.68,13.12,7.34,53.88,21.7,False
2025-11-03T08:48:55.475814,Day,L2,L2-M4,P-NYLON,B251103-890,OP-1,expert,15.9,ok,75.8,82.0,45.5,5.62,2.83,101.5,10,1015,3.12,36.07,4.67,52.46,24.0,True
2025-11-03T09:37:55.475814,Day,L3,L3-M1,P-NYLON,B251103-935,OP-3,novice,9.8,ok,74.0,73.4,46.3,5.25,3.3,127.8,10,1277,1.64,15.57,1.88,53.63,23.9,False
2025-11-03T09:44:55.475814,Day,L3,L3-M3,P-ABS,B251103-385,OP-2,intermediate,16.5,ok,75.7,74.8,45.8,5.43,3.78,106.9,13,1389,0.78,7.56,2.76,55.93,25.8,False
2025-11-03T10:01:55.475814,Day,L1,L1-M6,P-PP,B251103-715,OP-3,novice,29.0,due_soon,73.0,75.2,44.5,5.79,3.7,112.0,13,1456,2.6,27.21,5.51,57.1,24.6,False
2025-11-03T10:05:55.475814,Night,L4,L4-M2,P-PEEK,B251103-407,OP-5,expert,20.9,ok,72.3,76.3,58.4,5.25,2.6,155.0,8,1240,2.15,26.78,5.26,54.05,28.5,False
2025-11-03T10:41:55.475814,Swing,L3,L3-M5,P-PEEK,B251103-870,OP-5,expert,4.7,ok,74.1,74.6,53.9,5.59,3.36,120.9,14,1693,1.09,14.87,3.31,60.7,25.3,False
2025-11-03T10:59:55.475814,Night,L2,L2-M6,P-ABS,B251103-855,OP-1,expert,7.3,ok,75.1,75.9,44.3,6.18,3.59,137.3,12,1648,1.81,34.38,4.57,60.44,23.4,False
2025-11-03T11:04:55.475814,Day,L1,L1-M5,P-ABS,B251103-782,OP-5,expert,19.4,ok,72.8,73.9,55.7,5.77,3.09,130.9,15,1963,0.77,16.58,2.08,64.78,26.8,False
2025-11-03T11:47:55.475814,Swing,L1,L1-M1,P-NYLON,B251103-665,OP-3,novice,8.0,ok,75.3,75.6,46.1,5.86,3.01,110.6,15,1659,2.35,45.76,4.56,60.52,21.0,False
2025-11-03T11:49:55.475814,Day,L1,L1-M6,P-NYLON,B251103-562,OP-4,intermediate,12.1,ok,76.0,73.3,38.9,5.57,2.14,101.2,9,910,1.55,14.37,3.18,47.74,26.7,False
2025-11-03T11:55:55.475814,Day,L1,L1-M4,P-NYLON,B251103-983,OP-4,intermediate,1.6,ok,74.7,74.7,40.6,5.17,3.8,129.8,11,1427,0.82,8.32,3.88,56.48,30.2,False
2025-11-03T11:59:55.475814,Day,L3,L3-M5,P-ABS,B251103-451,OP-2,intermediate,24.6,due_soon,75.2,74.2,50.4,4.93,3.77,120.7,10,1206,1.35,11.41,5.02,52.8,25.4,False
2025-11-03T12:02:55.475814,Day,L4,L4-M2,P-NYLON,B251103-603,OP-3,novice,19.0,ok,74.9,75.5,65.5,5.57,3.38,116.7,13,1516,2.6,42.73,2.57,58.21,26.1,False
2025-11-03T12:49:55.475814,Day,L3,L3-M2,P-NYLON,B251103-570,OP-4,intermediate,12.6,ok,75.1,72.5,38.2,5.8,3.12,99.5,10,995,1.42,16.14,2.95,48.8,25.2,False
2025-11-03T13:02:55.475814,Day,L4,L4-M5,P-ABS,B251103-540,OP-4,intermediate,44.6,overdue,75.1,74.2,39.8,4.66,6.45,110.9,11,1220,2.89,29.1,11.07,52.98,26.9,True
2025-11-03T13:28:55.475814,Swing,L3,L3-M1,P-NYLON,B251103-682,OP-2,intermediate,13.7,ok,76.0,76.3,53.9,5.26,2.32,120.7,12,1448,1.94,25.54,4.0,57.4,26.1,False
2025-11-03T13:47:55.475814,Night,L4,L4-M1,P-ABS,B251103-996,OP-5,expert,15.9,ok,73.9,74.3,55.1,5.43,2.61,107.7,13,1400,1.33,13.78,5.6,55.92,26.9,False
2025-11-03T14:22:55.475814,Day,L3,L3-M2,P-PEEK,B251103-635,OP-3,novice,12.3,ok,76.0,79.4,47.9,5.48,3.56,109.0,13,1417,3.82,33.75,1.89,57.95,22.1,False
2025-11-03T14:38:55.475814,Night,L1,L1-M3,P-PP,B251103-509,OP-3,novice,23.0,due_soon,72.7,72.3,45.1,5.58,3.38,109.1,14,1527,2.97,44.88,7.68,57.23,26.4,False
2025-11-03T15:06:55.475814,Swing,L4,L4-M6,P-NYLON,B251103-231,OP-2,intermediate,30.6,overdue,74.2,80.7,40.6,5.4,5.38,131.5,13,1709,5.02,89.96,13.65,63.1,22.0,True
2025-11-03T15:21:55.475814,Day,L4,L4-M2,P-PP,B251103-747,OP-5,expert,1.1,ok,72.3,72.9,49.1,5.45,2.8,115.4,8,922,0.9,6.89,4.79,47.77,24.0,False
2025-11-03T15:39:55.475814,Day,L3,L3-M5,P-PEEK,B251103-432,OP-2,intermediate,22.5,ok,75.4,75.3,59.6,5.26,3.54,119.7,14,1675,1.79,25.06,4.13,60.68,28.5,False
2025-11-03T16:16:55.475814,Night,L2,L2-M6,P-ABS,B251103-143,OP-3,novice,10.7,ok,74.1,73.9,50.6,5.38,4.43,132.6,8,1061,2.9,22.07,4.49,50.33,23.5,False
2025-11-03T17:06:55.475814,Day,L4,L4-M2,P-NYLON,B251103-969,OP-2,intermediate,25.8,due_soon,74.2,78.9,65.1,6.14,3.74,110.1,9,990,3.11,18.58,7.68,50.96,22.1,False
2025-11-03T17:32:55.475814,Swing,L3,L3-M4,P-ABS,B251103-117,OP-2,intermediate,27.8,due_soon,75.8,77.8,47.6,5.78,3.32,111.8,15,1676,3.05,47.48,4.37,61.56,24.9,False
2025-11-03T18:04:55.475814,Night,L3,L3-M4,P-PP,B251103-269,OP-4,intermediate,8.1,ok,72.9,76.2,58.9,5.41,3.66,115.9,14,1622,2.76,35.83,3.65,60.13,25.5,False
2025-11-03T18:22:55.475814,Day,L1,L1-M1,P-PP,B251103-446,OP-5,expert,19.5,ok,75.4,75.6,51.8,5.09,2.79,117.6,9,1057,0.5,5.46,3.79,50.88,26.0,False
2025-11-03T21:04:55.475814,Day,L3,L3-M2,P-NYLON,B251103-672,OP-3,novice,1.9,ok,75.2,74.0,51.9,5.73,3.06,100.0,15,1499,2.19,31.73,1.22,57.4,27.7,False
2025-11-03T22:08:55.475814,Swing,L1,L1-M5,P-ABS,B251103-320,OP-1,expert,27.1,due_soon,74.1,74.0,52.6,5.5,3.5,125.5,13,1631,0.77,13.73,6.23,59.5,22.9,False
2025-11-03T23:02:55.475814,Swing,L1,L1-M4,P-PEEK,B251103-401,OP-2,intermediate,25.2,due_soon,75.3,73.7,46.2,5.17,3.78,127.7,11,1405,1.74,22.96,5.5,55.76,28.6,False
2025-11-03T23:13:55.475814,Night,L1,L1-M6,P-PP,B251103-508,OP-4,intermediate,12.2,ok,73.1,71.3,51.0,5.78,2.4,128.6,14,1800,1.36,18.53,3.75,61.25,22.9,False
2025-11-03T23:19:55.475814,Swing,L1,L1-M1,P-PEEK,B251103-563,OP-2,intermediate,0.0,ok,75.5,77.3,54.2,5.37,3.48,139.8,8,1118,2.43,28.6,3.1,52.43,27.0,False
2025-11-04T00:22:55.475814,Day,L2,L2-M6,P-NYLON,B251104-969,OP-4,intermediate,11.3,ok,73.5,74.4,56.9,5.75,3.44,125.9,10,1258,1.12,15.81,2.64,53.69,23.8,False
2025-11-04T00:56:55.475814,Swing,L2,L2-M3,P-NYLON,B251104-949,OP-4,intermediate,7.4,ok,74.8,74.0,46.2,6.12,2.53,142.0,11,1561,1.54,20.91,3.2,58.39,25.5,False
2025-11-04T01:24:55.475814,Night,L4,L4-M3,P-NYLON,B251104-403,OP-2,intermediate,30.5,overdue,72.7,73.3,46.9,5.35,4.48,103.6,8,828,3.01,24.65,10.05,46.4,25.9,False
2025-11-04T01:35:55.475814,Day,L1,L1-M2,P-ABS,B251104-838,OP-5,expert,3.4,ok,72.6,72.0,41.8,5.8,3.27,111.8,15,1676,0.71,8.34,3.5,59.52,26.3,False
2025-11-04T02:10:55.475814,Day,L1,L1-M6,P-ABS,B251104-507,OP-2,intermediate,33.4,overdue,73.7,74.4,32.8,4.83,4.76,116.0,13,1508,1.99,32.55,9.56,57.68,25.8,False
2025-11-04T02:12:55.475814,Night,L4,L4-M1,P-ABS,B251104-537,OP-2,intermediate,24.6,due_soon,72.2,78.0,55.9,5.19,3.65,108.5,14,1518,3.62,50.31,7.96,59.09,24.4,False
2025-11-04T03:00:55.475814,Day,L2,L2-M4,P-NYLON,B251104-326,OP-3,novice,26.3,due_soon,75.9,79.0,48.9,6.0,3.57,109.0,10,1090,3.59,36.92,5.52,52.6,25.4,False
2025-11-04T03:04:55.475814,Swing,L3,L3-M4,P-PP,B251104-751,OP-4,intermediate,26.9,due_soon,72.2,74.1,35.7,4.83,3.32,121.0,15,1814,2.02,34.18,5.65,62.48,26.3,False
2025-11-04T03:24:55.475814,Swing,L1,L1-M6,P-ABS,B251104-468,OP-5,expert,24.4,due_soon,72.4,72.5,51.2,5.02,3.14,111.6,15,1673,1.25,14.56,5.45,59.63,21.9,False
2025-11-04T03:31:55.475814,Day,L1,L1-M4,P-PP,B251104-323,OP-3,novice,5.6,ok,74.8,74.9,36.1,5.3,3.43,116.7,13,1516,2.3,26.7,5.55,57.99,24.2,False
2025-11-04T03:42:55.475814,Day,L1,L1-M6,P-PP,B251104-374,OP-1,expert,31.3,overdue,75.0,76.5,46.7,5.7,4.64,153.9,11,1692,2.04,28.22,6.39,61.37,26.1,False
2025-11-04T04:51:55.475814,Day,L3,L3-M6,P-PP,B251104-525,OP-4,intermediate,23.0,ok,76.0,76.4,40.1,5.78,3.52,129.7,14,1816,1.73,20.15,3.7,63.29,28.9,False
2025-11-04T05:11:55.475814,Day,L2,L2-M2,P-ABS,B251104-456,OP-1,expert,33.2,overdue,75.4,76.5,36.7,5.13,5.13,96.6,12,1158,3.05,38.36,11.27,52.8,25.8,False
2025-11-04T06:15:55.475814,Swing,L3,L3-M5,P-ABS,B251104-424,OP-2,intermediate,6.3,ok,75.1,75.8,62.2,5.61,3.64,112.8,8,902,2.44,18.68,3.24,48.48,23.8,False
2025-11-04T07:26:55.475814,Day,L2,L2-M3,P-NYLON,B251104-675,OP-4,intermediate,28.5,due_soon,74.5,74.8,51.8,5.77,3.39,97.9,11,1077,1.82,16.22,5.09,50.91,28.4,False
2025-11-04T07:39:55.475814,Day,L2,L2-M1,P-NYLON,B251104-675,OP-3,novice,25.0,due_soon,74.1,76.8,28.0,5.69,3.72,97.7,9,879,3.02,26.16,4.73,48.45,26.8,False
2025-11-04T08:05:55.475814,Swing,L4,L4-M2,P-NYLON,B251104-281,OP-1,expert,12.5,ok,75.8,75.8,58.1,5.85,3.53,117.7,8,941,1.71,12.08,2.73,49.11,19.7,False
2025-11-04T08:35:55.475814,Day,L2,L2-M6,P-ABS,B251104-730,OP-3,novice,23.6,due_soon,72.4,74.5,50.0,5.07,3.65,105.7,9,950,1.79,18.73,3.6,48.8,26.7,False
2025-11-04T09:05:55.475814,Swing,L4,L4-M1,P-PP,B251104-213,OP-1,expert,0.0,ok,75.3,75.0,50.5,5.13,3.49,122.8,11,1351,0.89,13.47,2.52,55.36,24.9,False
2025-11-04T09:13:55.475814,Day,L1,L1-M3,P-ABS,B251104-966,OP-4,intermediate,30.3,overdue,72.6,77.0,55.5,5.4,5.14,114.2,12,1370,3.13,38.33,8.11,56.36,22.3,False
2025-11-04T09:46:55.475814,Swing,L3,L3-M1,P-ABS,B251104-525,OP-1,expert,27.5,due_soon,72.7,72.3,48.3,5.75,4.02,114.8,9,1033,0.79,7.27,6.68,49.32,24.7,False
2025-11-04T09:48:55.475814,Swing,L3,L3-M2,P-ABS,B251104-477,OP-5,expert,50.5,overdue,73.0,77.2,56.5,5.15,5.45,114.1,12,1369,3.35,32.66,10.72,56.44,26.9,True
2025-11-04T10:05:55.475814,Day,L2,L2-M1,P-ABS,B251104-140,OP-1,expert,18.3,ok,74.3,80.2,49.6,5.8,3.34,125.5,8,1004,2.51,29.58,6.24,51.65,25.9,True
2025-11-04T10:19:55.475814,Day,L3,L3-M5,P-ABS,B251104-475,OP-5,expert,13.5,ok,74.3,72.2,53.3,5.26,3.22,116.9,8,934,0.84,8.39,3.48,47.74,22.4,False
2025-11-04T10:33:55.475814,Day,L1,L1-M6,P-PP,B251104-981,OP-4,intermediate,13.2,ok,73.8,73.2,42.1,5.22,2.89,121.1,13,1574,1.6,22.32,2.6,58.32,24.1,False
2025-11-04T11:25:55.475814,Swing,L1,L1-M2,P-PEEK,B251104-821,OP-4,intermediate,16.9,ok,75.0,75.1,39.4,5.9,3.51,144.0,15,2159,0.89,15.19,4.4,68.35,24.5,False
2025-11-04T11:26:55.475814,Day,L4,L4-M4,P-PP,B251104-534,OP-3,novice,11.9,ok,74.2,72.4,43.1,5.83,3.25,96.7,13,1257,2.1,27.48,2.64,52.96,27.3,False
2025-11-04T11:33:55.475814,Swing,L4,L4-M2,P-PEEK,B251104-914,OP-2,intermediate,30.7,overdue,72.9,73.1,46.2,5.48,4.82,107.3,12,1287,2.1,28.5,10.03,53.67,23.8,False
2025-11-04T13:34:55.475814,Day,L2,L2-M1,P-PP,B251104-582,OP-5,expert,20.5,ok,74.4,75.9,51.0,5.61,1.92,121.2,9,1091,1.62,12.28,3.1,51.54,25.0,False
2025-11-04T14:03:55.475814,Night,L4,L4-M1,P-ABS,B251104-815,OP-2,intermediate,15.6,ok,75.4,74.8,57.0,5.42,3.8,122.8,15,1842,1.54,23.68,3.24,63.18,26.5,False
2025-11-04T15:08:55.475814,Night,L2,L2-M5,P-ABS,B251104-119,OP-4,intermediate,24.7,due_soon,74.2,71.4,51.0,5.1,2.74,143.2,14,2004,2.04,27.86,6.46,64.55,22.1,False
2025-11-04T15:54:55.475814,Swing,L4,L4-M6,P-ABS,B251104-784,OP-1,expert,0.0,ok,75.1,74.3,35.5,5.12,2.25,146.3,8,1170,0.57,7.9,4.02,52.22,24.1,False
2025-11-04T16:09:55.475814,Day,L1,L1-M3,P-NYLON,B251104-248,OP-5,expert,19.7,ok,73.1,73.7,34.7,5.64,3.41,128.4,8,1027,0.9,10.62,2.94,49.74,27.6,False
2025-11-04T16:45:55.475814,Night,L4,L4-M5,P-NYLON,B251104-846,OP-2,intermediate,21.8,ok,73.8,75.0,51.5,5.5,2.85,124.0,11,1363,1.64,26.4,4.25,55.58,20.9,False
2025-11-04T17:31:55.475814,Day,L2,L2-M3,P-PP,B251104-214,OP-3,novice,18.2,ok,75.6,75.5,50.0,5.16,2.22,117.5,10,1175,1.78,12.89,3.34,52.74,28.9,False
2025-11-04T18:39:55.475814,Day,L4,L4-M6,P-PEEK,B251104-299,OP-5,expert,20.6,ok,73.5,75.4,47.3,4.64,2.77,92.4,13,1201,0.88,10.78,1.53,53.1,27.9,False
2025-11-04T18:54:55.475814,Swing,L3,L3-M6,P-ABS,B251104-892,OP-5,expert,15.4,ok,74.9,73.4,53.2,5.38,3.59,137.2,13,1783,0.96,14.08,1.59,61.73,21.4,False
2025-11-04T20:27:55.475814,Swing,L2,L2-M3,P-NYLON,B251104-988,OP-1,expert,34.0,overdue,73.9,78.0,48.4,5.78,5.21,116.2,14,1626,2.89,50.85,9.22,60.83,22.6,True
2025-11-04T20:40:55.475814,Day,L4,L4-M6,P-PEEK,B251104-284,OP-5,expert,47.8,overdue,75.8,75.7,50.6,5.86,5.25,96.1,8,768,2.09,10.84,9.81,46.31,29.3,True
2025-11-04T20:51:55.475814,Swing,L3,L3-M2,P-PP,B251104-412,OP-2,intermediate,17.1,ok,73.0,74.9,55.8,5.14,3.54,114.7,12,1376,1.62,26.48,5.35,55.75,26.3,False
2025-11-04T21:04:55.475814,Swing,L4,L4-M4,P-PEEK,B251104-640,OP-5,expert,10.2,ok,73.4,72.9,47.7,5.68,3.53,111.3,12,1336,0.77,11.91,4.89,54.41,23.4,False
2025-11-04T21:07:55.475814,Day,L3,L3-M3,P-NYLON,B251104-143,OP-2,intermediate,19.6,ok,72.1,72.5,43.4,5.83,3.96,135.8,15,2037,1.12,26.0,2.3,65.48,25.6,False
2025-11-04T21:18:55.475814,Night,L3,L3-M2,P-ABS,B251104-194,OP-5,expert,28.4,due_soon,73.4,75.2,52.1,5.81,3.93,115.0,10,1149,1.8,20.73,7.98,52.23,27.6,False
2025-11-04T21:55:55.475814,Night,L1,L1-M3,P-PEEK,B251104-964,OP-4,intermediate,18.7,ok,75.2,75.6,51.8,5.3,4.29,118.4,9,1065,2.19,16.98,5.08,51.01,23.5,False
2025-11-04T22:08:55.475814,Day,L2,L2-M1,P-PP,B251104-721,OP-1,expert,6.0,ok,75.9,77.1,51.4,5.91,2.9,120.9,15,1814,1.46,19.36,1.87,63.52,27.2,False
2025-11-04T22:12:55.475814,Day,L2,L2-M2,P-PEEK,B251104-462,OP-4,intermediate,25.5,due_soon,73.9,73.5,51.3,5.33,2.5,112.6,9,1013,1.74,19.26,3.01,49.43,32.0,False
2025-11-05T00:02:55.475814,Swing,L1,L1-M4,P-NYLON,B251105-291,OP-4,intermediate,20.2,ok,73.9,75.4,44.5,5.42,3.79,105.5,13,1372,2.31,21.87,3.09,55.84,20.4,False
2025-11-05T01:02:55.475814,Day,L4,L4-M6,P-NYLON,B251105-126,OP-1,expert,10.7,ok,74.7,71.8,46.7,5.32,2.77,129.5,11,1424,0.67,9.49,4.26,55.43,26.3,False
2025-11-05T01:15:55.475814,Swing,L2,L2-M1,P-PEEK,B251105-522,OP-3,novice,22.0,ok,72.4,76.0,64.8,5.28,2.3,112.5,9,1012,3.15,26.31,3.36,50.3,24.0,False
2025-11-05T01:18:55.475814,Swing,L3,L3-M2,P-NYLON,B251105-656,OP-2,intermediate,8.3,ok,72.8,78.4,44.5,5.74,3.93,130.8,13,1700,2.55,40.4,3.97,62.14,26.0,False
2025-11-05T01:28:55.475814,Swing,L4,L4-M3,P-NYLON,B251105-510,OP-5,expert,5.2,ok,72.2,73.6,55.2,5.64,2.11,116.6,8,932,1.24,11.61,3.43,48.18,23.7,False
2025-11-05T01:30:55.475814,Swing,L2,L2-M4,P-ABS,B251105-952,OP-2,intermediate,37.5,overdue,72.2,75.7,54.2,5.63,5.63,117.6,15,1763,2.89,39.4,11.41,62.22,23.7,True
2025-11-05T01:55:55.475814,Night,L4,L4-M1,P-PEEK,B251105-598,OP-4,intermediate,28.6,due_soon,73.4,72.9,52.7,5.22,4.07,120.1,10,1200,2.48,26.6,7.66,52.23,25.5,False
2025-11-05T01:58:55.475814,Swing,L4,L4-M3,P-NYLON,B251105-444,OP-2,intermediate,6.1,ok,75.1,74.0,52.2,5.29,2.72,105.8,13,1375,1.56,24.82,3.75,55.4,23.3,False
2025-11-05T03:11:55.475814,Day,L4,L4-M3,P-ABS,B251105-257,OP-1,expert,23.4,due_soon,75.4,75.9,43.1,5.55,4.35,123.2,13,1601,1.25,19.88,5.84,59.67,28.8,False
2025-11-05T03:23:55.475814,Day,L3,L3-M4,P-PEEK,B251105-725,OP-2,intermediate,37.0,overdue,74.9,77.8,43.9,5.68,4.63,132.1,8,1056,2.81,24.58,7.81,51.64,25.3,False
2025-11-05T03:32:55.475814,Day,L3,L3-M2,P-ABS,B251105-844,OP-3,novice,34.5,overdue,73.3,73.4,54.9,5.64,4.93,117.0,15,1754,3.43,63.39,8.21,61.25,25.6,False
2025-11-05T03:40:55.475814,Day,L1,L1-M5,P-NYLON,B251105-306,OP-4,intermediate,23.8,due_soon,73.6,79.5,43.1,5.64,3.85,104.6,8,836,3.19,22.41,4.73,48.72,27.4,False
2025-11-05T03:55:55.475814,Day,L2,L2-M4,P-ABS,B251105-151,OP-3,novice,8.0,ok,72.7,73.2,43.0,6.04,4.19,100.4,9,903,2.11,19.64,3.15,47.58,22.9,False
2025-11-05T03:56:55.475814,Day,L3,L3-M2,P-ABS,B251105-550,OP-3,novice,13.2,ok,72.1,73.6,36.6,5.92,2.99,118.4,12,1420,2.04,33.89,2.68,56.01,27.6,False
2025-11-05T04:13:55.475814,Day,L3,L3-M3,P-PP,B251105-617,OP-1,expert,32.5,overdue,73.3,74.2,46.7,5.74,4.92,108.1,14,1512,1.34,16.32,9.31,57.69,25.1,False
2025-11-05T04:23:55.475814,Swing,L3,L3-M4,P-ABS,B251105-931,OP-5,expert,16.5,ok,73.8,73.9,36.7,5.38,3.3,127.8,11,1405,1.11,16.39,4.3,55.85,23.6,False
2025-11-05T04:51:55.475814,Swing,L3,L3-M5,P-NYLON,B251105-407,OP-3,novice,4.3,ok,73.4,75.4,37.8,5.05,3.17,128.0,8,1024,2.01,18.98,2.4,50.28,27.6,False
2025-11-05T05:26:55.475814,Day,L4,L4-M2,P-PEEK,B251105-746,OP-1,expert,34.8,overdue,75.7,79.7,49.5,5.42,3.87,136.6,13,1776,2.86,37.44,9.29,63.81,26.2,False
2025-11-05T05:47:55.475814,Day,L4,L4-M2,P-PP,B251105-214,OP-4,intermediate,24.8,due_soon,73.0,74.7,41.5,5.16,3.63,114.1,13,1483,1.19,12.72,6.03,57.36,23.6,False
2025-11-05T06:25:55.475814,Night,L2,L2-M3,P-PP,B251105-142,OP-1,expert,0.0,ok,74.5,73.0,58.8,5.24,2.59,119.0,12,1428,1.61,23.39,5.3,55.88,25.8,False
2025-11-05T06:35:55.475814,Swing,L3,L3-M5,P-PP,B251105-178,OP-1,expert,0.0,ok,75.0,74.9,46.0,6.11,3.05,109.7,11,1206,0.87,10.35,5.86,53.03,24.5,False
2025-11-05T07:14:55.475814,Night,L1,L1-M2,P-PP,B251105-924,OP-4,intermediate,0.0,ok,74.5,75.3,48.4,5.38,3.63,134.0,8,1071,2.2,16.99,5.15,51.01,25.9,False
2025-11-05T07:36:55.475814,Day,L3,L3-M1,P-PEEK,B251105-746,OP-1,expert,13.0,ok,72.6,73.2,41.0,5.48,3.01,108.5,13,1410,1.22,18.39,2.43,55.67,22.4,False
2025-11-05T07:41:55.475814,Swing,L2,L2-M6,P-ABS,B251105-173,OP-1,expert,23.3,due_soon,76.0,75.2,51.1,5.12,3.6,117.6,8,940,1.62,16.11,6.82,48.87,30.1,False
2025-11-05T07:48:55.475814,Day,L4,L4-M1,P-PP,B251105-626,OP-2,intermediate,34.2,overdue,75.9,76.4,46.4,5.11,4.05,103.4,10,1033,2.37,23.31,7.58,50.76,27.1,False
2025-11-05T07:53:55.475814,Day,L3,L3-M1,P-NYLON,B251105-462,OP-1,expert,6.8,ok,72.9,73.8,50.0,5.88,3.41,138.5,14,1939,0.81,18.51,3.61,64.36,31.5,False
2025-11-05T09:14:55.475814,Night,L1,L1-M6,P-NYLON,B251105-790,OP-4,intermediate,17.2,ok,72.7,72.0,53.1,5.2,2.91,121.3,14,1698,1.81,35.22,4.78,59.87,20.6,False
2025-11-05T09:27:55.475814,Day,L3,L3-M4,P-ABS,B251105-858,OP-4,intermediate,11.4,ok,75.7,79.4,53.7,5.43,3.33,125.7,13,1633,2.69,47.41,5.16,61.43,24.0,False
2025-11-05T10:12:55.475814,Day,L2,L2-M3,P-PP,B251105-172,OP-3,novice,22.2,ok,72.3,72.4,38.2,5.06,3.66,112.7,10,1126,1.58,14.28,3.16,50.87,29.7,False
2025-11-05T11:05:55.475814,Day,L4,L4-M6,P-ABS,B251105-166,OP-4,intermediate,33.0,overdue,75.5,77.1,48.9,5.15,4.65,101.4,12,1216,3.43,40.55,9.13,53.96,22.1,False
2025-11-05T11:06:55.475814,Night,L1,L1-M3,P-ABS,B251105-308,OP-1,expert,16.5,ok,73.1,73.4,54.3,5.43,3.35,112.6,13,1464,1.51,26.32,5.22,56.62,24.9,False
2025-11-05T11:29:55.475814,Night,L2,L2-M5,P-ABS,B251105-134,OP-4,intermediate,17.1,ok,72.5,72.1,49.6,5.42,3.14,126.1,11,1387,1.78,27.07,5.19,54.93,22.4,False
2025-11-05T14:18:55.475814,Swing,L1,L1-M5,P-PP,B251105-542,OP-5,expert,18.5,ok,75.7,75.7,52.0,5.32,3.1,103.2,8,825,1.01,5.39,1.51,47.2,23.2,False
2025-11-05T14:28:55.475814,Day,L3,L3-M1,P-ABS,B251105-290,OP-3,novice,24.2,due_soon,73.5,74.4,36.1,5.95,3.41,113.9,8,911,2.29,22.27,5.0,48.12,25.3,False
2025-11-05T15:05:55.475814,Swing,L3,L3-M4,P-ABS,B251105-492,OP-1,expert,7.6,ok,73.0,75.5,56.2,5.73,3.14,149.0,10,1489,1.14,12.76,2.45,57.77,26.2,False
2025-11-05T15:10:55.475814,Night,L3,L3-M4,P-NYLON,B251105-456,OP-3,novice,40.6,overdue,74.1,81.0,45.4,6.1,5.19,97.0,13,1260,5.71,62.22,13.78,56.01,23.6,True
2025-11-05T15:19:55.475814,Swing,L4,L4-M5,P-PP,B251105-254,OP-2,intermediate,17.6,ok,75.0,73.8,31.3,5.55,3.6,120.0,8,959,1.01,9.13,4.34,48.68,24.8,False
2025-11-05T17:31:55.475814,Swing,L3,L3-M5,P-PP,B251105-910,OP-3,novice,0.0,ok,74.3,79.5,46.8,5.23,4.21,117.2,9,1054,4.21,27.43,4.52,52.2,21.7,False
2025-11-05T18:10:55.475814,Swing,L4,L4-M5,P-PEEK,B251105-540,OP-4,intermediate,23.3,due_soon,74.8,73.8,53.4,5.8,3.14,121.2,9,1090,2.06,13.8,5.29,50.79,29.5,False
2025-11-05T19:41:55.475814,Swing,L3,L3-M1,P-NYLON,B251105-522,OP-3,novice,35.9,overdue,73.5,72.8,56.8,6.17,3.7,94.9,13,1233,2.93,24.11,8.28,52.7,25.2,False
2025-11-05T20:24:55.475814,Swing,L4,L4-M3,P-ABS,B251105-102,OP-2,intermediate,10.4,ok,74.6,73.7,28.0,5.68,2.85,126.1,8,1008,1.33,11.43,3.44,49.41,23.1,False
2025-11-05T20:39:55.475814,Swing,L2,L2-M4,P-PP,B251105-322,OP-1,expert,16.7,ok,72.4,73.8,61.7,5.69,3.3,114.2,8,913,1.2,12.69,3.87,47.96,22.6,False
2025-11-05T21:40:55.475814,Day,L2,L2-M2,P-ABS,B251105-131,OP-3,novice,0.0,ok,75.7,76.9,43.0,5.78,3.67,88.6,9,797,2.62,18.74,2.51,47.17,25.2,False
2025-11-05T22:45:55.475814,Day,L1,L1-M4,P-ABS,B251105-706,OP-2,intermediate,29.3,due_soon,73.1,71.5,50.0,5.43,3.96,104.7,9,942,1.75,13.48,6.08,47.58,27.4,False
2025-11-06T00:11:55.475814,Day,L4,L4-M1,P-PEEK,B251106-509,OP-3,novice,11.8,ok,73.8,74.5,45.5,6.0,2.77,106.9,15,1603,1.88,25.15,3.42,59.23,27.4,False
2025-11-06T00:53:55.475814,Night,L4,L4-M5,P-PEEK,B251106-765,OP-2,intermediate,42.1,overdue,74.5,75.6,50.3,5.4,6.06,107.9,9,971,3.24,23.29,12.51,49.5,24.8,True
2025-11-06T03:07:55.475814,Day,L1,L1-M2,P-ABS,B251106-693,OP-3,novice,11.6,ok,74.2,74.2,43.5,5.37,3.76,116.6,10,1165,2.22,23.18,3.79,52.12,31.7,False
2025-11-06T03:34:55.475814,Day,L2,L2-M5,P-PEEK,B251106-332,OP-1,expert,14.4,ok,73.0,71.9,57.7,5.08,3.79,136.5,10,1364,0.94,15.28,2.97,54.51,27.2,False
2025-11-06T03:48:55.475814,Day,L3,L3-M1,P-NYLON,B251106-430,OP-3,novice,13.1,ok,72.3,70.9,51.5,5.57,3.38,107.9,15,1618,2.32,37.41,0.46,58.23,24.4,False
2025-11-06T04:32:55.475814,Day,L1,L1-M1,P-PEEK,B251106-848,OP-5,expert,5.6,ok,72.8,72.4,49.9,5.88,3.3,123.6,11,1359,0.41,4.63,4.17,54.6,22.5,False
2025-11-06T04:40:55.475814,Swing,L3,L3-M2,P-ABS,B251106-974,OP-2,intermediate,0.4,ok,76.0,76.7,47.8,5.44,3.47,140.2,11,1542,2.1,26.82,3.14,59.02,29.0,False
2025-11-06T04:51:55.475814,Swing,L3,L3-M4,P-NYLON,B251106-301,OP-1,expert,16.3,ok,73.5,73.2,59.0,5.63,3.54,147.0,10,1469,1.38,22.53,2.22,56.65,26.2,False
2025-11-06T05:03:55.475814,Swing,L4,L4-M4,P-NYLON,B251106-348,OP-1,expert,28.4,due_soon,72.9,73.8,50.0,5.83,4.41,116.9,12,1402,1.1,12.91,7.97,55.78,25.7,False
2025-11-06T05:07:55.475814,Day,L4,L4-M5,P-PEEK,B251106-455,OP-3,novice,13.3,ok,72.2,73.5,51.0,5.46,3.76,105.5,15,1581,1.58,25.38,3.29,58.55,25.2,False
2025-11-06T06:18:55.475814,Day,L2,L2-M4,P-ABS,B251106-467,OP-1,expert,0.0,ok,72.6,72.6,36.7,5.46,2.68,141.0,9,1268,0.72,8.3,3.06,53.21,27.2,False
2025-11-06T06:26:55.475814,Day,L2,L2-M1,P-PP,B251106-540,OP-5,expert,24.1,due_soon,73.4,73.1,43.8,5.34,3.58,132.2,11,1454,1.03,9.7,5.63,56.35,20.8,False
2025-11-06T06:35:55.475814,Day,L3,L3-M6,P-NYLON,B251106-817,OP-5,expert,32.9,overdue,74.6,75.2,51.4,5.98,3.67,128.2,8,1025,1.58,12.93,7.34,50.24,23.9,False
2025-11-06T07:33:55.475814,Day,L4,L4-M2,P-NYLON,B251106-831,OP-5,expert,40.3,overdue,73.6,73.5,49.0,5.4,4.68,141.2,12,1693,1.21,17.15,9.47,60.31,26.4,False
2025-11-06T07:45:55.475814,Day,L3,L3-M1,P-ABS,B251106-900,OP-5,expert,16.5,ok,73.0,73.0,42.3,5.74,3.17,134.6,13,1749,1.33,18.37,1.9,61.05,23.6,False
2025-11-06T07:49:55.475814,Day,L1,L1-M2,P-NYLON,B251106-157,OP-3,novice,25.5,due_soon,74.6,74.7,46.9,5.89,4.02,93.4,15,1400,1.69,28.12,5.48,56.04,23.6,False
2025-11-06T09:15:55.475814,Day,L2,L2-M3,P-ABS,B251106-364,OP-4,intermediate,17.5,ok,74.9,81.3,53.5,5.34,3.26,99.1,15,1486,3.39,56.19,5.44,59.72,23.0,True
2025-11-06T09:33:55.475814,Night,L1,L1-M1,P-PP,B251106-233,OP-2,intermediate,23.5,due_soon,75.2,75.3,52.4,5.95,2.64,122.3,10,1222,2.67,30.61,6.31,53.42,22.3,False
2025-11-06T09:58:55.475814,Swing,L3,L3-M3,P-ABS,B251106-636,OP-1,expert,6.9,ok,72.1,75.2,53.7,5.7,3.15,115.7,10,1156,0.89,6.49,4.3,52.34,25.3,False
2025-11-06T10:03:55.475814,Swing,L4,L4-M3,P-ABS,B251106-291,OP-4,intermediate,41.0,overdue,75.9,79.6,58.7,5.44,4.64,122.1,15,1831,4.62,81.4,10.05,64.65,24.7,False
2025-11-06T10:54:55.475814,Day,L1,L1-M4,P-ABS,B251106-308,OP-1,expert,0.0,ok,75.8,76.1,45.5,5.5,2.88,141.3,12,1695,1.53,17.63,3.22,61.26,26.8,False
2025-11-06T10:54:55.475814,Swing,L3,L3-M3,P-ABS,B251106-820,OP-1,expert,24.4,due_soon,74.3,74.2,43.2,5.71,3.52,133.7,10,1337,1.19,13.39,4.9,54.85,25.6,False
2025-11-06T11:13:55.475814,Day,L3,L3-M6,P-NYLON,B251106-282,OP-2,intermediate,5.3,ok,74.3,77.2,50.5,5.58,3.64,109.4,11,1203,2.09,29.58,3.5,53.79,26.2,False
2025-11-06T11:52:55.475814,Swing,L2,L2-M2,P-NYLON,B251106-949,OP-1,expert,19.7,ok,72.1,76.4,50.7,5.55,2.66,116.2,11,1278,1.55,13.48,3.58,54.68,25.9,False
2025-11-06T11:56:55.475814,Swing,L3,L3-M2,P-PEEK,B251106-219,OP-3,novice,10.6,ok,73.6,76.4,51.0,5.38,3.14,126.6,12,1519,2.85,49.36,4.59,58.54,25.1,False
2025-11-06T12:13:55.475814,Night,L3,L3-M2,P-PP,B251106-802,OP-4,intermediate,39.2,overdue,74.5,78.9,69.4,5.82,5.41,97.4,8,779,5.41,26.24,12.2,47.6,24.4,True
2025-11-06T12:35:55.475814,Day,L4,L4-M1,P-NYLON,B251106-641,OP-2,intermediate,0.0,ok,75.7,76.6,54.6,4.82,3.44,122.2,12,1466,1.7,19.97,5.18,57.77,27.2,False
2025-11-06T12:35:55.475814,Day,L1,L1-M3,P-PEEK,B251106-269,OP-3,novice,16.6,ok,72.0,72.1,55.4,4.95,3.6,107.7,14,1507,2.03,33.6,3.83,56.86,25.7,False
2025-11-06T12:46:55.475814,Swing,L3,L3-M6,P-PEEK,B251106-678,OP-2,intermediate,41.2,overdue,74.1,78.1,40.7,5.53,5.41,95.1,13,1235,3.74,48.29,8.78,54.61,26.0,True
2025-11-06T13:28:55.475814,Swing,L2,L2-M2,P-ABS,B251106-962,OP-3,novice,10.6,ok,73.9,75.3,46.1,5.72,3.15,95.1,12,1140,2.27,21.08,3.57,52.12,25.4,False
2025-11-06T13:33:55.475814,Day,L1,L1-M3,P-ABS,B251106-927,OP-3,novice,33.5,overdue,73.6,79.1,51.3,5.53,5.76,105.4,10,1053,4.63,31.95,11.97,52.03,29.6,True
2025-11-06T14:34:55.475814,Night,L1,L1-M3,P-NYLON,B251106-401,OP-1,expert,27.3,due_soon,74.7,76.9,44.6,5.47,3.89,129.9,8,1039,2.19,22.38,6.42,51.03,24.3,False
2025-11-06T14:48:55.475814,Day,L3,L3-M3,P-PEEK,B251106-257,OP-1,expert,0.1,ok,73.0,74.3,53.1,5.77,2.91,119.5,13,1553,1.12,12.41,2.4,58.36,27.4,False
2025-11-06T16:17:55.475814,Day,L1,L1-M2,P-PP,B251106-670,OP-1,expert,45.0,overdue,72.2,76.8,54.7,5.2,5.76,92.2,9,830,2.87,25.89,12.7,47.67,23.9,True
2025-11-06T16:52:55.475814,Night,L4,L4-M2,P-PP,B251106-920,OP-4,intermediate,34.0,overdue,75.4,78.9,56.0,4.77,4.25,110.6,13,1437,4.24,40.32,11.78,58.12,22.2,False
2025-11-06T17:07:55.475814,Day,L4,L4-M2,P-ABS,B251106-538,OP-1,expert,8.4,ok,72.4,71.0,48.1,5.25,4.02,94.5,9,850,0.92,7.58,4.81,45.96,23.4,False
2025-11-06T17:29:55.475814,Night,L4,L4-M1,P-NYLON,B251106-482,OP-2,intermediate,16.3,ok,75.9,74.1,66.4,5.28,3.45,113.9,11,1252,2.51,29.8,5.6,53.48,23.5,False
2025-11-06T18:06:55.475814,Swing,L1,L1-M2,P-NYLON,B251106-801,OP-5,expert,0.2,ok,75.7,75.4,37.9,4.85,2.98,104.3,9,938,1.22,12.1,5.47,48.92,20.9,False
2025-11-06T18:20:55.475814,Day,L1,L1-M4,P-ABS,B251106-257,OP-3,novice,27.2,due_soon,73.9,74.7,35.4,5.39,3.72,115.0,11,1265,2.24,23.53,4.64,53.9,25.0,False
2025-11-06T18:33:55.475814,Day,L2,L2-M6,P-PEEK,B251106-671,OP-5,expert,10.8,ok,75.7,79.9,37.9,5.07,3.77,110.0,15,1649,2.25,32.66,2.38,61.88,22.7,False
2025-11-06T18:39:55.475814,Day,L3,L3-M3,P-ABS,B251106-317,OP-5,expert,22.1,ok,75.6,76.8,50.6,5.51,3.28,131.6,15,1974,1.66,36.86,3.65,65.96,25.2,False
2025-11-06T20:10:55.475814,Day,L4,L4-M5,P-PEEK,B251106-600,OP-4,intermediate,32.5,overdue,74.2,79.4,42.5,6.38,4.43,97.6,9,878,4.13,41.18,8.79,49.35,23.5,False
2025-11-06T21:14:55.475814,Swing,L2,L2-M3,P-ABS,B251106-569,OP-4,intermediate,28.5,due_soon,73.9,75.3,53.4,5.12,3.16,118.4,13,1539,1.86,27.45,6.08,58.49,25.5,False
2025-11-06T21:58:55.475814,Day,L2,L2-M1,P-ABS,B251106-554,OP-4,intermediate,20.4,ok,74.2,77.9,38.0,6.01,3.12,110.6,13,1438,2.24,27.15,4.29,57.77,23.2,False
2025-11-06T22:07:55.475814,Night,L2,L2-M6,P-ABS,B251106-425,OP-2,intermediate,23.2,due_soon,72.2,74.8,49.0,6.12,3.73,116.9,13,1519,2.27,21.4,7.88,58.01,25.1,False
2025-11-07T01:01:55.475814,Swing,L4,L4-M1,P-ABS,B251107-565,OP-4,intermediate,0.0,ok,74.6,79.1,45.7,5.51,3.45,143.6,8,1148,3.17,42.41,2.53,53.58,28.1,False
2025-11-07T01:10:55.475814,Night,L3,L3-M2,P-PP,B251107-524,OP-3,novice,12.8,ok,73.2,73.4,52.1,5.38,2.76,125.1,14,1750,2.41,38.74,3.07,61.19,21.3,False
2025-11-07T01:28:55.475814,Night,L3,L3-M1,P-PEEK,B251107-619,OP-3,novice,21.9,ok,73.6,73.2,66.2,6.23,3.49,110.1,14,1541,3.86,50.57,5.33,57.78,25.3,False
2025-11-07T02:32:55.475814,Day,L4,L4-M2,P-NYLON,B251107-187,OP-4,intermediate,22.8,ok,74.2,73.2,58.8,5.72,3.29,127.9,9,1151,1.35,17.18,3.6,51.55,25.9,False
2025-11-07T03:11:55.475814,Night,L4,L4-M2,P-ABS,B251107-603,OP-5,expert,10.9,ok,74.5,80.3,41.4,5.3,3.55,117.0,15,1754,3.28,37.62,6.36,63.67,22.2,True
2025-11-07T03:26:55.475814,Day,L1,L1-M5,P-ABS,B251107-624,OP-1,expert,28.2,due_soon,73.3,71.8,56.3,5.5,4.02,124.8,11,1372,1.17,16.72,6.14,54.6,30.5,False
2025-11-07T03:28:55.475814,Day,L2,L2-M2,P-ABS,B251107-618,OP-2,intermediate,12.0,ok,73.3,72.5,54.1,5.8,3.51,101.1,15,1517,1.35,23.39,2.11,57.15,27.2,False
2025-11-07T04:22:55.475814,Day,L4,L4-M1,P-PEEK,B251107-241,OP-4,intermediate,0.0,ok,73.9,73.1,46.2,5.35,3.39,118.0,14,1652,1.16,12.96,4.69,59.53,25.0,False
2025-11-07T05:17:55.475814,Night,L3,L3-M6,P-PP,B251107-993,OP-3,novice,34.6,overdue,73.3,78.9,46.4,5.29,4.98,115.9,12,1391,4.94,58.55,11.23,57.37,25.1,False
2025-11-07T06:31:55.475814,Swing,L2,L2-M6,P-ABS,B251107-539,OP-3,novice,4.0,ok,74.9,76.1,33.1,5.2,3.44,113.4,8,907,2.53,23.03,1.99,48.65,22.2,False
2025-11-07T06:44:55.475814,Day,L4,L4-M1,P-ABS,B251107-715,OP-2,intermediate,4.5,ok,73.4,71.9,48.3,5.65,3.65,120.7,12,1448,1.1,16.24,3.69,55.84,28.8,False
2025-11-07T06:54:55.475814,Day,L4,L4-M3,P-ABS,B251107-943,OP-2,intermediate,16.1,ok,74.9,75.7,72.1,5.51,3.56,117.4,15,1760,2.85,42.52,4.25,62.16,26.9,False
2025-11-07T07:43:55.475814,Swing,L3,L3-M6,P-PP,B251107-979,OP-5,expert,4.4,ok,74.3,81.2,47.2,5.48,2.35,118.0,12,1416,3.43,37.7,5.92,58.58,27.1,True
2025-11-07T09:22:55.475814,Day,L2,L2-M1,P-PP,B251107-198,OP-4,intermediate,16.1,ok,75.8,73.9,56.2,5.64,1.74,102.9,13,1338,1.2,16.33,3.43,54.78,27.4,False
2025-11-07T10:58:55.475814,Swing,L3,L3-M1,P-PEEK,B251107-730,OP-1,expert,25.8,due_soon,72.3,71.4,36.5,5.77,3.52,115.3,12,1383,1.19,13.86,5.72,54.63,26.9,False
2025-11-07T11:08:55.475814,Night,L1,L1-M5,P-PEEK,B251107-397,OP-3,novice,30.1,overdue,72.9,77.1,47.1,5.33,4.72,104.3,14,1460,4.43,46.48,11.67,57.86,22.5,False
2025-11-07T11:25:55.475814,Day,L1,L1-M6,P-PEEK,B251107-781,OP-1,expert,14.8,ok,73.3,71.0,53.2,5.45,3.08,143.0,10,1429,0.82,7.64,2.26,55.22,25.9,False
2025-11-07T11:31:55.475814,Swing,L2,L2-M1,P-PP,B251107-217,OP-4,intermediate,17.0,ok,73.2,74.0,49.3,5.16,3.46,105.5,11,1160,1.6,15.5,3.16,51.97,22.1,False
2025-11-07T11:55:55.475814,Day,L1,L1-M4,P-NYLON,B251107-508,OP-4,intermediate,40.7,overdue,74.1,73.2,47.6,5.7,4.64,128.9,15,1933,2.47,40.78,9.59,64.06,32.0,False
2025-11-07T12:11:55.475814,Swing,L2,L2-M4,P-NYLON,B251107-949,OP-4,intermediate,14.8,ok,75.3,79.8,54.6,4.6,3.36,98.4,14,1377,3.27,49.59,3.8,57.47,27.4,False
2025-11-07T12:15:55.475814,Swing,L3,L3-M1,P-PP,B251107-594,OP-2,intermediate,30.1,overdue,74.5,73.8,29.5,5.5,4.54,91.9,9,827,2.44,18.33,9.77,46.57,20.3,False
2025-11-07T13:59:55.475814,Swing,L4,L4-M4,P-NYLON,B251107-170,OP-1,expert,2.0,ok,72.4,73.8,51.1,5.47,3.04,119.1,10,1190,0.95,8.12,4.74,52.38,25.3,False
2025-11-07T14:06:55.475814,Day,L4,L4-M6,P-PP,B251107-923,OP-2,intermediate,9.4,ok,73.8,73.3,50.6,4.98,2.98,122.1,15,1831,1.28,23.35,3.68,62.48,27.3,False
2025-11-07T14:11:55.475814,Day,L3,L3-M1,P-ABS,B251107-694,OP-2,intermediate,11.5,ok,74.4,77.3,54.6,5.17,3.89,97.9,12,1174,2.37,25.73,2.8,53.34,30.7,False
2025-11-07T14:34:55.475814,Swing,L4,L4-M2,P-NYLON,B251107-218,OP-5,expert,37.9,overdue,75.3,74.2,55.0,5.53,4.71,106.0,13,1378,1.69,24.0,9.2,55.51,26.6,False
2025-11-07T15:04:55.475814,Day,L1,L1-M5,P-ABS,B251107-530,OP-4,intermediate,7.4,ok,72.2,78.6,50.2,5.66,3.1,122.4,12,1468,2.41,34.64,2.8,58.51,26.8,False
2025-11-07T15:38:55.475814,Swing,L1,L1-M4,P-ABS,B251107-360,OP-5,expert,31.5,overdue,72.8,74.0,43.7,5.3,5.41,125.8,12,1509,2.26,37.71,11.22,57.56,20.5,True
2025-11-07T16:36:55.475814,Night,L2,L2-M2,P-PEEK,B251107-178,OP-1,expert,31.2,overdue,73.5,73.0,60.2,5.68,5.21,114.4,12,1372,2.75,28.62,11.29,54.99,23.7,True
2025-11-07T18:11:55.475814,Night,L1,L1-M5,P-ABS,B251107-289,OP-1,expert,14.0,ok,72.4,70.9,47.7,5.94,3.68,115.3,14,1614,1.16,17.28,2.92,58.13,21.7,False
2025-11-07T18:19:55.475814,Day,L2,L2-M6,P-NYLON,B251107-399,OP-4,intermediate,31.1,overdue,73.4,72.5,57.3,5.82,4.82,120.8,11,1328,2.29,31.96,9.2,54.15,20.8,False
2025-11-07T18:28:55.475814,Day,L4,L4-M3,P-PP,B251107-884,OP-3,novice,12.9,ok,74.8,73.8,53.4,5.19,3.58,115.7,9,1041,2.29,17.22,4.47,49.99,26.8,False
2025-11-07T18:40:55.475814,Day,L2,L2-M1,P-NYLON,B251107-377,OP-3,novice,15.5,ok,75.1,74.9,59.3,5.35,3.0,115.0,14,1610,2.19,30.59,0.3,59.49,21.5,False
2025-11-07T18:41:55.475814,Night,L4,L4-M6,P-ABS,B251107-483,OP-4,intermediate,31.5,overdue,72.2,75.4,50.9,5.6,4.26,98.8,13,1284,3.12,41.33,9.99,54.42,27.3,False
2025-11-07T19:53:55.475814,Swing,L2,L2-M4,P-ABS,B251107-477,OP-1,expert,7.8,ok,75.4,75.4,49.2,5.69,3.67,135.0,11,1484,0.98,13.6,3.18,57.65,18.0,False
2025-11-07T19:53:55.475814,Night,L2,L2-M4,P-ABS,B251107-795,OP-2,intermediate,17.1,ok,72.9,73.3,54.4,5.57,2.82,107.4,8,859,1.79,9.74,4.59,46.92,24.9,False
2025-11-07T20:42:55.475814,Night,L3,L3-M1,P-PP,B251107-517,OP-1,expert,22.2,ok,73.7,71.7,50.1,5.35,3.39,121.6,11,1338,1.73,22.6,3.78,53.99,30.0,False
2025-11-07T21:53:55.475814,Night,L2,L2-M5,P-PP,B251107-470,OP-4,intermediate,2.3,ok,72.4,73.6,46.4,5.87,3.45,130.8,11,1439,1.89,16.84,4.02,56.27,22.5,False
2025-11-07T21:59:55.475814,Day,L4,L4-M4,P-ABS,B251107-906,OP-1,expert,16.5,ok,74.7,74.9,46.5,5.43,2.16,138.3,14,1935,0.64,8.75,2.37,64.69,28.5,False
2025-11-07T22:05:55.475814,Swing,L2,L2-M6,P-ABS,B251107-667,OP-1,expert,16.4,ok,73.2,72.5,42.1,5.48,2.68,132.3,15,1984,1.02,16.11,3.52,64.62,22.2,False
2025-11-07T22:23:55.475814,Swing,L2,L2-M6,P-NYLON,B251107-623,OP-2,intermediate,19.4,ok,74.9,78.3,44.8,5.4,3.78,125.3,15,1879,2.81,43.94,4.89,64.99,18.1,False
2025-11-07T23:39:55.475814,Night,L1,L1-M6,P-ABS,B251107-742,OP-1,expert,27.7,due_soon,75.2,78.8,49.4,5.34,3.74,120.9,13,1571,2.89,45.91,7.75,60.23,22.7,False
2025-11-07T23:57:55.475814,Night,L4,L4-M3,P-ABS,B251107-580,OP-2,intermediate,15.4,ok,73.3,70.9,54.6,5.72,2.6,142.8,13,1856,1.72,30.82,5.49,62.02,26.4,False
2025-11-08T00:14:55.475814,Swing,L2,L2-M1,P-NYLON,B251108-761,OP-5,expert,24.2,due_soon,74.9,75.9,56.1,5.06,3.04,128.0,12,1536,1.18,19.42,5.53,58.64,25.0,False
2025-11-08T01:50:55.475814,Swing,L3,L3-M4,P-NYLON,B251108-625,OP-2,intermediate,27.3,due_soon,73.7,72.3,54.8,4.85,2.47,133.8,11,1471,1.58,19.26,6.68,56.35,29.0,False
2025-11-08T02:30:55.475814,Night,L2,L2-M4,P-NYLON,B251108-157,OP-1,expert,6.7,ok,75.6,78.9,54.9,5.33,3.31,121.6,10,1215,2.59,20.73,4.31,54.56,20.6,False
2025-11-08T03:25:55.475814,Day,L3,L3-M5,P-PEEK,B251108-254,OP-2,intermediate,21.9,ok,75.6,76.1,33.3,5.34,3.15,132.0,8,1055,1.71,17.62,2.45,51.02,27.1,False
2025-11-08T03:35:55.475814,Swing,L4,L4-M3,P-PEEK,B251108-169,OP-2,intermediate,25.4,due_soon,73.4,70.2,54.5,5.5,3.49,112.6,15,1688,1.32,18.76,5.84,59.09,23.8,False
2025-11-08T03:58:55.475814,Swing,L1,L1-M6,P-ABS,B251108-790,OP-2,intermediate,7.7,ok,73.0,75.2,44.5,5.75,2.88,121.7,12,1459,1.41,13.73,4.61,57.18,26.8,False
2025-11-08T04:12:55.475814,Day,L4,L4-M5,P-ABS,B251108-640,OP-5,expert,29.2,due_soon,72.2,73.1,43.2,5.32,2.95,136.3,12,1636,1.1,13.79,5.69,59.26,26.9,False
2025-11-08T04:16:55.475814,Day,L4,L4-M2,P-PP,B251108-814,OP-5,expert,25.1,due_soon,72.2,73.5,61.0,5.2,4.05,148.6,15,2229,1.27,17.9,5.66,68.88,26.6,False
2025-11-08T05:35:55.475814,Day,L3,L3-M5,P-PP,B251108-881,OP-3,novice,24.2,due_soon,75.1,75.5,50.3,5.15,3.58,116.3,9,1047,2.06,25.89,6.65,50.68,26.4,False
2025-11-08T06:33:55.475814,Day,L2,L2-M1,P-PEEK,B251108-760,OP-2,intermediate,0.0,ok,75.5,76.6,41.6,5.58,3.35,123.9,9,1115,1.8,19.88,3.13,52.14,32.0,False
2025-11-08T06:45:55.475814,Swing,L3,L3-M1,P-PEEK,B251108-643,OP-5,expert,16.5,ok,73.3,73.5,66.9,5.96,3.22,116.6,15,1748,1.81,34.6,2.27,61.19,19.4,False
2025-11-08T07:15:55.475814,Day,L3,L3-M2,P-ABS,B251108-528,OP-4,intermediate,1.4,ok,74.0,73.2,48.3,5.96,2.11,121.8,12,1461,1.34,20.1,2.74,56.51,25.1,False
2025-11-08T07:18:55.475814,Day,L2,L2-M2,P-PEEK,B251108-294,OP-1,expert,2.1,ok,75.9,77.7,37.2,5.54,4.33,100.4,13,1304,1.55,24.09,3.8,55.57,24.7,False
2025-11-08T08:06:55.475814,Day,L4,L4-M3,P-ABS,B251108-191,OP-5,expert,7.5,ok,74.4,73.1,49.0,5.39,3.13,121.2,14,1697,0.53,7.38,3.42,60.23,24.3,False
2025-11-08T08:37:55.475814,Swing,L2,L2-M3,P-PEEK,B251108-293,OP-5,expert,0.0,ok,73.4,74.6,49.6,5.0,3.41,138.1,10,1381,1.38,17.04,4.11,55.7,23.8,False
2025-11-08T08:50:55.475814,Day,L4,L4-M2,P-PP,B251108-311,OP-5,expert,0.0,ok,75.5,76.7,50.7,5.61,3.02,108.5,15,1626,1.12,20.57,3.1,60.39,23.1,False
2025-11-08T09:21:55.475814,Night,L3,L3-M3,P-ABS,B251108-235,OP-4,intermediate,16.3,ok,72.4,73.4,54.5,5.31,2.97,127.6,11,1403,1.81,16.97,4.37,55.66,25.7,False
2025-11-08T09:37:55.475814,Night,L1,L1-M5,P-PP,B251108-347,OP-4,intermediate,8.1,ok,73.2,72.5,55.8,5.55,3.74,129.0,11,1419,1.79,19.36,4.6,55.58,20.5,False
2025-11-08T09:47:55.475814,Night,L1,L1-M5,P-PP,B251108-154,OP-3,novice,2.3,ok,74.4,75.5,49.2,5.55,3.49,126.6,15,1898,2.89,58.82,4.11,64.29,28.3,False
2025-11-08T10:13:55.475814,Night,L1,L1-M1,P-ABS,B251108-286,OP-5,expert,0.0,ok,72.9,72.2,54.5,4.92,3.56,133.9,11,1473,1.36,14.88,4.71,56.34,22.7,False
2025-11-08T11:24:55.475814,Swing,L2,L2-M6,P-ABS,B251108-757,OP-5,expert,9.9,ok,75.5,75.3,53.8,5.56,3.66,116.2,13,1509,0.94,12.69,1.87,58.03,22.8,False
2025-11-08T12:06:55.475814,Swing,L3,L3-M4,P-NYLON,B251108-836,OP-2,intermediate,29.4,due_soon,72.9,71.7,37.1,5.82,4.55,94.3,12,1131,2.16,24.13,5.85,50.71,22.9,False
2025-11-08T12:37:55.475814,Swing,L3,L3-M6,P-ABS,B251108-933,OP-5,expert,32.6,overdue,75.8,80.7,57.7,5.45,4.08,131.7,9,1185,3.99,34.51,10.83,54.71,23.4,True
2025-11-08T13:03:55.475814,Day,L4,L4-M6,P-PEEK,B251108-509,OP-1,expert,11.3,ok,72.8,70.7,63.2,5.45,3.29,127.9,11,1406,1.82,27.7,4.46,54.75,26.9,False
2025-11-08T13:37:55.475814,Swing,L4,L4-M2,P-NYLON,B251108-970,OP-4,intermediate,24.7,due_soon,73.0,73.9,43.9,5.44,2.28,132.6,15,1989,1.65,35.47,7.07,65.21,27.9,False
2025-11-08T14:28:55.475814,Day,L1,L1-M5,P-PEEK,B251108-192,OP-2,intermediate,7.7,ok,72.5,76.7,50.5,5.14,2.64,130.6,11,1436,2.11,18.26,4.71,57.31,25.9,False
2025-11-08T16:18:55.475814,Day,L1,L1-M6,P-PEEK,B251108-469,OP-3,novice,14.1,ok,72.3,73.8,35.3,5.94,3.34,131.3,11,1444,1.98,33.84,3.08,56.44,23.1,False
2025-11-08T16:40:55.475814,Swing,L4,L4-M3,P-PP,B251108-614,OP-1,expert,8.9,ok,74.4,74.3,55.8,6.18,3.77,107.4,12,1289,1.07,8.63,3.32,54.14,20.9,False
2025-11-08T17:45:55.475814,Night,L2,L2-M2,P-PEEK,B251108-395,OP-1,expert,7.0,ok,74.9,76.4,55.5,5.43,3.3,151.8,13,1973,1.59,25.1,3.87,65.83,23.9,False
2025-11-08T18:40:55.475814,Day,L3,L3-M3,P-ABS,B251108-638,OP-4,intermediate,0.0,ok,75.3,75.6,46.4,4.86,3.77,132.6,11,1458,1.28,19.5,2.53,57.3,26.0,False
2025-11-08T19:37:55.475814,Swing,L1,L1-M6,P-PEEK,B251108-408,OP-2,intermediate,21.0,ok,72.4,72.2,43.9,5.6,3.5,109.9,11,1208,1.4,10.57,4.4,52.11,28.3,False
2025-11-08T19:45:55.475814,Night,L4,L4-M3,P-PP,B251108-620,OP-5,expert,3.7,ok,73.5,73.2,46.8,5.8,2.4,105.2,10,1052,1.01,10.03,3.77,49.95,25.4,False
2025-11-08T20:45:55.475814,Day,L1,L1-M1,P-PEEK,B251108-416,OP-3,novice,1.6,ok,75.2,76.8,47.4,5.81,2.88,97.1,10,970,2.34,24.41,2.18,49.9,29.0,False
2025-11-08T20:47:55.475814,Night,L1,L1-M2,P-NYLON,B251108-585,OP-3,novice,22.4,ok,73.4,71.8,61.3,5.57,3.08,94.9,9,854,2.9,26.13,4.6,46.31,22.6,False
2025-11-08T20:50:55.475814,Swing,L2,L2-M6,P-ABS,B251108-918,OP-5,expert,13.7,ok,73.0,74.0,56.0,5.27,3.67,145.6,13,1893,1.03,21.17,4.81,63.7,25.5,False
2025-11-08T21:22:55.475814,Day,L4,L4-M6,P-ABS,B251108-395,OP-3,novice,6.8,ok,75.4,73.8,48.0,5.47,3.15,108.2,15,1623,1.92,19.21,3.53,59.31,24.0,False
2025-11-08T21:29:55.475814,Night,L4,L4-M6,P-NYLON,B251108-200,OP-2,intermediate,23.1,due_soon,75.6,75.3,55.5,5.75,3.84,80.0,11,880,2.05,16.01,6.47,47.93,24.4,False
2025-11-08T22:25:55.475814,Swing,L4,L4-M5,P-PP,B251108-139,OP-2,intermediate,8.1,ok,73.1,72.9,49.3,5.8,3.11,117.5,13,1527,1.46,18.32,3.34,57.47,25.3,False
2025-11-08T22:26:55.475814,Swing,L4,L4-M1,P-ABS,B251108-252,OP-5,expert,23.2,due_soon,72.3,71.0,56.9,5.71,4.09,111.4,13,1447,1.13,16.87,5.59,55.52,26.5,False
2025-11-08T22:41:55.475814,Swing,L1,L1-M6,P-PP,B251108-776,OP-2,intermediate,17.0,ok,75.9,74.1,41.2,5.28,3.59,125.1,15,1876,1.56,32.46,3.28,63.45,25.8,False
2025-11-08T22:47:55.475814,Day,L1,L1-M1,P-NYLON,B251108-407,OP-4,intermediate,22.8,ok,72.8,72.2,48.1,5.79,2.66,135.3,10,1353,1.2,11.93,3.57,54.42,29.0,False
2025-11-08T22:49:55.475814,Night,L4,L4-M4,P-ABS,B251108-651,OP-2,intermediate,25.4,due_soon,74.6,78.4,48.8,5.2,3.8,132.3,12,1588,3.16,39.89,4.58,60.34,21.8,False
2025-11-08T22:57:55.475814,Day,L2,L2-M5,P-PP,B251108-386,OP-2,intermediate,21.0,ok,74.0,76.4,50.8,6.02,4.13,110.9,14,1552,1.8,24.3,4.45,59.1,29.6,False
2025-11-08T23:30:55.475814,Swing,L4,L4-M3,P-PEEK,B251108-688,OP-2,intermediate,6.2,ok,74.9,82.3,47.3,5.53,3.44,129.8,15,1947,4.16,57.06,5.08,67.45,26.7,True
2025-11-08T23:42:55.475814,Night,L4,L4-M2,P-NYLON,B251108-934,OP-2,intermediate,34.7,overdue,74.4,73.4,55.1,5.13,4.65,91.9,15,1378,2.79,37.51,9.36,55.25,28.1,False
2025-11-09T00:17:55.475814,Day,L1,L1-M3,P-NYLON,B251109-323,OP-3,novice,4.2,ok,72.6,73.8,45.9,5.67,2.86,108.0,15,1619,2.32,40.94,1.4,59.25,27.0,False
2025-11-09T00:53:55.475814,Swing,L2,L2-M1,P-ABS,B251109-515,OP-3,novice,11.3,ok,74.8,73.2,43.0,6.06,2.71,116.1,10,1161,2.09,28.87,3.65,51.7,22.9,False
2025-11-09T01:05:55.475814,Day,L1,L1-M3,P-ABS,B251109-909,OP-3,novice,5.3,ok,72.3,72.1,59.1,5.91,2.67,146.9,10,1468,2.02,31.63,2.16,56.23,26.3,False
2025-11-09T02:05:55.475814,Day,L1,L1-M1,P-PP,B251109-728,OP-5,expert,0.0,ok,74.5,78.4,57.3,5.88,2.95,140.9,9,1268,2.22,25.34,3.64,55.23,22.4,False
2025-11-09T02:45:55.475814,Swing,L1,L1-M2,P-ABS,B251109-215,OP-4,intermediate,0.6,ok,73.8,78.4,50.6,5.35,3.44,130.0,9,1169,2.72,27.69,1.93,53.65,22.0,False
2025-11-09T03:01:55.475814,Night,L1,L1-M4,P-ABS,B251109-960,OP-5,expert,25.6,due_soon,73.7,72.8,63.1,5.37,3.8,116.3,11,1279,2.21,20.2,8.43,53.45,21.0,False
2025-11-09T04:27:55.475814,Swing,L4,L4-M4,P-ABS,B251109-750,OP-1,expert,4.9,ok,73.7,72.3,52.5,5.65,2.88,151.1,8,1208,1.21,10.2,3.21,52.16,22.1,False
2025-11-09T05:43:55.475814,Day,L1,L1-M3,P-NYLON,B251109-481,OP-5,expert,4.8,ok,73.0,73.1,50.5,5.44,2.65,145.8,9,1312,1.01,12.12,4.12,54.07,29.1,False
2025-11-09T05:44:55.475814,Day,L4,L4-M1,P-ABS,B251109-919,OP-2,intermediate,42.8,overdue,75.0,78.7,50.9,5.58,5.7,98.9,12,1187,4.03,33.66,11.82,54.05,21.6,True
2025-11-09T06:22:55.475814,Swing,L3,L3-M4,P-PP,B251109-597,OP-4,intermediate,12.6,ok,74.5,75.3,44.4,5.38,3.93,98.8,10,988,1.46,12.26,4.09,49.65,22.2,False
2025-11-09T06:34:55.475814,Night,L3,L3-M3,P-ABS,B251109-826,OP-5,expert,27.3,due_soon,72.4,70.9,48.1,5.65,4.19,113.6,10,1136,1.75,15.25,6.9,50.49,26.6,False
2025-11-09T07:32:55.475814,Night,L4,L4-M6,P-NYLON,B251109-667,OP-3,novice,52.2,overdue,74.6,73.7,52.5,5.42,4.98,87.7,8,701,3.67,25.15,8.26,44.52,18.6,False
2025-11-09T07:39:55.475814,Night,L1,L1-M5,P-ABS,B251109-183,OP-5,expert,12.7,ok,74.0,77.2,39.3,5.61,2.49,112.8,8,902,1.81,9.81,3.73,48.97,25.0,False
2025-11-09T07:44:55.475814,Day,L2,L2-M5,P-ABS,B251109-513,OP-4,intermediate,5.1,ok,74.3,75.5,47.5,5.27,2.92,114.0,9,1025,1.29,15.81,4.77,50.33,26.4,False
2025-11-09T08:21:55.475814,Day,L3,L3-M5,P-NYLON,B251109-867,OP-4,intermediate,17.3,ok,73.7,74.2,36.0,6.0,4.0,102.5,10,1025,1.61,10.7,4.38,49.86,27.8,False
2025-11-09T08:47:55.475814,Day,L1,L1-M6,P-PP,B251109-182,OP-5,expert,21.1,ok,72.8,72.9,53.0,5.16,2.54,134.1,10,1341,0.64,9.05,2.23,54.47,27.0,False
2025-11-09T10:09:55.475814,Swing,L4,L4-M5,P-ABS,B251109-206,OP-3,novice,29.1,due_soon,72.3,71.7,38.6,5.16,3.97,122.7,14,1717,2.16,26.99,7.17,60.07,23.1,False
2025-11-09T11:57:55.475814,Day,L2,L2-M6,P-NYLON,B251109-912,OP-1,expert,5.4,ok,74.3,75.0,46.8,5.71,3.2,140.6,8,1125,0.98,9.64,4.91,51.76,24.2,False
2025-11-09T12:08:55.475814,Swing,L3,L3-M1,P-PEEK,B251109-702,OP-1,expert,5.0,ok,72.6,72.6,52.1,5.49,3.25,129.8,9,1167,1.24,16.8,3.02,51.61,27.0,False
2025-11-09T12:32:55.475814,Day,L2,L2-M4,P-NYLON,B251109-696,OP-5,expert,19.7,ok,72.7,72.7,32.1,5.11,2.69,117.5,15,1762,0.64,8.35,4.17,61.13,23.3,False
2025-11-09T13:39:55.475814,Swing,L3,L3-M2,P-NYLON,B251109-971,OP-4,intermediate,1.9,ok,73.9,76.0,43.7,5.9,2.97,125.6,8,1004,1.84,11.65,3.84,50.17,23.0,False
2025-11-09T13:56:55.475814,Night,L4,L4-M3,P-PEEK,B251109-411,OP-5,expert,24.3,due_soon,73.2,73.1,66.8,5.21,3.39,100.5,14,1406,2.27,20.07,8.15,55.6,22.3,False
2025-11-09T14:33:55.475814,Day,L1,L1-M3,P-NYLON,B251109-876,OP-3,novice,26.8,due_soon,74.0,74.6,49.2,5.22,3.49,105.9,12,1271,2.42,35.64,4.44,53.94,25.1,False
2025-11-09T14:53:55.475814,Day,L1,L1-M1,P-PP,B251109-312,OP-5,expert,18.8,ok,74.0,78.4,52.4,5.55,2.7,139.6,8,1116,1.67,16.88,3.71,52.81,24.9,False
2025-11-09T15:46:55.475814,Day,L2,L2-M6,P-ABS,B251109-477,OP-2,intermediate,6.8,ok,72.5,71.8,41.6,5.58,3.61,123.7,14,1731,1.1,20.75,3.36,60.32,27.4,False
2025-11-09T15:56:55.475814,Day,L4,L4-M5,P-PP,B251109-387,OP-2,intermediate,7.2,ok,74.0,73.7,66.1,5.67,3.08,119.5,8,955,2.02,12.18,3.1,48.58,25.4,False
2025-11-09T16:30:55.475814,Day,L1,L1-M3,P-NYLON,B251109-924,OP-2,intermediate,11.2,ok,72.4,72.4,46.8,5.0,4.38,95.7,13,1244,1.17,12.84,2.13,52.74,26.9,False
2025-11-09T17:04:55.475814,Day,L4,L4-M1,P-PP,B251109-248,OP-4,intermediate,21.0,ok,73.1,78.3,55.8,5.77,2.63,130.5,11,1435,2.65,41.45,2.38,57.88,28.2,False
2025-11-09T17:09:55.475814,Day,L1,L1-M1,P-PEEK,B251109-777,OP-5,expert,26.6,due_soon,75.8,76.5,44.6,5.13,3.47,128.4,15,1926,1.72,34.4,4.53,65.1,25.3,False
2025-11-09T17:12:55.475814,Swing,L1,L1-M6,P-PEEK,B251109-639,OP-5,expert,30.1,overdue,75.5,80.6,28.0,5.61,3.86,95.4,9,858,3.44,29.69,10.13,49.44,24.7,True
2025-11-09T17:47:55.475814,Swing,L4,L4-M5,P-PP,B251109-210,OP-3,novice,0.0,ok,73.4,73.3,50.0,5.44,3.08,112.1,15,1680,1.73,32.19,3.14,60.07,26.4,False
2025-11-09T18:02:55.475814,Night,L1,L1-M4,P-ABS,B251109-163,OP-4,intermediate,0.0,ok,75.6,76.4,28.0,4.79,3.28,107.8,13,1401,2.35,35.77,5.29,56.68,19.4,False
2025-11-09T18:44:55.475814,Day,L1,L1-M5,P-NYLON,B251109-135,OP-5,expert,0.0,ok,73.3,78.8,39.9,5.43,3.24,105.0,9,945,2.19,18.44,4.34,50.19,24.3,False
2025-11-09T18:45:55.475814,Day,L4,L4-M4,P-PP,B251109-470,OP-2,intermediate,11.4,ok,73.7,73.5,51.9,5.46,3.3,114.9,10,1148,1.61,13.64,2.6,51.62,27.5,False
2025-11-09T19:29:55.475814,Day,L4,L4-M1,P-NYLON,B251109-531,OP-4,intermediate,26.5,due_soon,73.5,73.1,41.8,5.28,3.24,95.9,11,1055,1.27,15.4,4.71,49.97,27.8,False
2025-11-09T19:59:55.475814,Swing,L3,L3-M1,P-NYLON,B251109-745,OP-2,intermediate,40.2,overdue,74.1,75.6,47.5,5.51,5.21,94.7,13,1230,3.11,27.13,9.93,53.66,21.3,True
2025-11-09T20:19:55.475814,Day,L3,L3-M3,P-NYLON,B251109-550,OP-3,novice,19.5,ok,72.1,70.7,35.2,5.44,3.36,121.2,11,1332,1.79,18.93,4.44,53.56,27.0,False
2025-11-09T21:02:55.475814,Day,L4,L4-M6,P-PEEK,B251109-482,OP-5,expert,23.0,due_soon,72.5,77.6,48.6,5.68,3.49,131.5,15,1972,1.49,25.98,4.07,66.23,25.6,False
2025-11-10T00:09:55.475814,Swing,L2,L2-M5,P-NYLON,B251110-444,OP-4,intermediate,32.2,overdue,74.8,74.4,47.5,5.41,4.97,97.8,12,1174,2.47,26.67,10.74,52.31,26.7,False
2025-11-10T00:29:55.475814,Swing,L4,L4-M6,P-PEEK,B251110-259,OP-1,expert,32.2,overdue,73.9,71.2,39.6,5.35,3.58,94.7,13,1231,1.69,20.36,8.59,52.13,22.0,False
2025-11-10T02:03:55.475814,Day,L2,L2-M1,P-PP,B251110-183,OP-1,expert,0.4,ok,73.6,72.5,45.9,5.08,3.7,114.2,14,1599,0.52,5.55,2.17,58.45,21.7,False
2025-11-10T02:10:55.475814,Swing,L3,L3-M5,P-PP,B251110-161,OP-5,expert,16.8,ok,75.5,77.3,47.5,5.77,3.27,132.7,8,1061,2.33,16.49,4.87,51.56,22.5,False
2025-11-10T02:17:55.475814,Night,L3,L3-M4,P-PEEK,B251110-476,OP-2,intermediate,8.5,ok,74.2,75.7,53.5,5.48,3.42,116.6,8,932,1.86,14.03,6.11,48.93,23.4,False
2025-11-10T02:42:55.475814,Swing,L4,L4-M4,P-ABS,B251110-557,OP-2,intermediate,10.6,ok,75.9,74.7,47.5,5.53,4.37,109.8,14,1537,1.67,25.23,4.58,58.25,26.6,False
2025-11-10T04:03:55.475814,Swing,L2,L2-M4,P-ABS,B251110-793,OP-1,expert,40.0,overdue,74.6,79.1,46.9,5.11,5.56,134.0,14,1876,3.37,68.42,9.84,65.21,19.2,True
2025-11-10T04:03:55.475814,Night,L3,L3-M4,P-ABS,B251110-952,OP-1,expert,29.7,due_soon,72.8,71.1,63.1,5.61,3.51,104.2,11,1145,2.12,24.99,8.93,50.73,28.6,False
2025-11-10T04:33:55.475814,Day,L4,L4-M2,P-ABS,B251110-660,OP-4,intermediate,8.6,ok,72.1,68.8,67.8,5.74,3.1,101.9,10,1019,1.67,15.12,2.87,47.89,27.8,False
2025-11-10T04:40:55.475814,Day,L2,L2-M3,P-ABS,B251110-196,OP-2,intermediate,32.7,overdue,72.3,76.9,50.4,5.62,5.28,118.4,14,1657,3.8,50.39,9.88,60.94,26.3,True
2025-11-10T04:53:55.475814,Swing,L4,L4-M1,P-NYLON,B251110-698,OP-3,novice,36.8,overdue,75.7,82.0,44.2,5.8,4.43,80.0,10,800,5.5,32.25,11.12,49.01,22.4,True
2025-11-10T05:27:55.475814,Night,L3,L3-M3,P-ABS,B251110-710,OP-4,intermediate,17.1,ok,75.4,75.3,49.0,5.43,2.58,127.6,15,1914,1.68,25.32,5.42,64.48,23.2,False
2025-11-10T06:02:55.475814,Swing,L4,L4-M5,P-ABS,B251110-930,OP-4,intermediate,0.0,ok,72.1,71.1,47.4,5.31,3.42,130.2,9,1172,1.9,16.08,3.04,51.15,24.7,False
2025-11-10T06:33:55.475814,Swing,L2,L2-M5,P-PEEK,B251110-393,OP-1,expert,0.8,ok,75.4,73.3,44.3,5.53,2.46,138.6,9,1247,0.89,10.36,4.41,53.14,21.9,False
2025-11-10T06:47:55.475814,Night,L1,L1-M2,P-PEEK,B251110-477,OP-3,novice,24.0,due_soon,75.9,76.6,49.5,5.57,4.41,105.1,14,1472,3.61,57.29,6.48,57.86,23.6,False
2025-11-10T06:55:55.475814,Day,L1,L1-M1,P-PP,B251110-894,OP-5,expert,25.4,due_soon,74.3,80.6,48.3,5.92,2.29,131.7,14,1843,3.0,40.3,7.73,65.2,28.5,True
2025-11-10T07:21:55.475814,Swing,L4,L4-M3,P-NYLON,B251110-655,OP-2,intermediate,31.6,overdue,72.1,70.8,34.5,5.7,4.93,119.0,13,1546,2.17,31.32,9.21,57.01,26.4,False
2025-11-10T07:46:55.475814,Day,L3,L3-M4,P-ABS,B251110-106,OP-3,novice,41.6,overdue,73.5,75.0,56.6,5.22,5.66,116.1,11,1277,3.48,42.82,9.63,54.18,25.8,True
2025-11-10T08:05:55.475814,Night,L1,L1-M3,P-PEEK,B251110-517,OP-2,intermediate,15.2,ok,72.4,71.5,56.0,5.31,2.67,120.4,11,1324,1.74,15.84,5.53,53.73,23.5,False
2025-11-10T08:47:55.475814,Day,L2,L2-M1,P-PP,B251110-553,OP-2,intermediate,37.7,overdue,73.4,73.0,37.1,5.36,4.8,126.7,15,1900,2.72,51.82,8.82,63.46,25.7,False
2025-11-10T08:52:55.475814,Day,L3,L3-M6,P-PP,B251110-919,OP-1,expert,11.2,ok,75.5,75.3,42.1,5.62,3.14,126.6,13,1645,0.61,8.36,2.83,60.18,22.4,False
2025-11-10T08:53:55.475814,Day,L3,L3-M1,P-ABS,B251110-529,OP-4,intermediate,13.4,ok,75.8,80.5,63.1,5.46,2.79,99.5,11,1094,3.26,27.12,3.43,53.18,27.8,True
2025-11-10T09:11:55.475814,Swing,L2,L2-M6,P-PEEK,B251110-170,OP-1,expert,4.0,ok,72.2,72.3,43.3,5.56,3.57,127.8,10,1278,1.21,15.0,4.16,53.25,24.7,False
2025-11-10T09:52:55.475814,Swing,L2,L2-M3,P-ABS,B251110-286,OP-4,intermediate,43.9,overdue,75.5,73.3,45.4,5.43,7.0,116.0,15,1739,3.79,78.74,11.85,60.99,25.2,True
2025-11-10T10:15:55.475814,Swing,L2,L2-M6,P-PEEK,B251110-280,OP-3,novice,0.0,ok,75.5,74.9,59.8,5.15,3.06,120.8,10,1208,2.44,29.19,5.67,53.03,26.0,False
2025-11-10T10:39:55.475814,Day,L4,L4-M1,P-NYLON,B251110-575,OP-1,expert,7.6,ok,74.9,74.4,39.2,5.63,2.37,123.7,9,1112,0.81,10.53,3.17,51.35,25.3,False
2025-11-10T11:29:55.475814,Day,L4,L4-M2,P-ABS,B251110-285,OP-5,expert,24.5,due_soon,75.4,76.1,37.3,5.71,3.66,123.4,9,1110,1.56,18.18,5.21,51.91,28.6,False
2025-11-10T13:52:55.475814,Swing,L2,L2-M4,P-PEEK,B251110-131,OP-4,intermediate,17.6,ok,72.9,72.5,63.1,5.2,3.73,112.5,9,1012,2.3,18.5,4.49,49.1,23.0,False
2025-11-10T14:44:55.475814,Day,L2,L2-M6,P-PP,B251110-998,OP-3,novice,23.2,due_soon,73.2,79.7,45.6,5.0,3.42,112.3,15,1684,4.18,74.64,8.1,62.36,25.5,False
2025-11-10T14:46:55.475814,Day,L1,L1-M2,P-PP,B251110-375,OP-5,expert,7.8,ok,74.6,79.2,34.6,5.4,3.17,118.2,8,945,2.36,19.62,2.0,50.35,27.2,False
2025-11-10T14:55:55.475814,Swing,L2,L2-M2,P-PP,B251110-167,OP-5,expert,18.7,ok,73.8,75.1,44.1,5.35,3.37,116.2,15,1743,0.99,14.4,1.76,61.66,20.2,False
2025-11-10T15:40:55.475814,Swing,L1,L1-M4,P-NYLON,B251110-483,OP-5,expert,23.9,due_soon,73.9,73.6,42.5,5.07,4.09,121.7,10,1217,1.41,16.28,8.32,52.73,21.8,False
2025-11-10T16:19:55.475814,Night,L1,L1-M2,P-ABS,B251110-105,OP-4,intermediate,16.3,ok,73.5,75.4,50.9,5.08,3.75,111.0,8,888,2.17,11.6,4.95,48.11,24.4,False
2025-11-10T17:08:55.475814,Swing,L2,L2-M2,P-NYLON,B251110-717,OP-3,novice,5.3,ok,73.5,72.6,58.1,5.48,3.19,127.1,13,1652,2.02,20.14,3.65,59.35,24.7,False
2025-11-10T17:46:55.475814,Night,L1,L1-M1,P-NYLON,B251110-681,OP-2,intermediate,2.7,ok,72.5,71.4,49.5,5.57,3.11,117.5,11,1292,1.29,17.02,5.46,53.15,24.6,False
2025-11-10T18:04:55.475814,Night,L2,L2-M6,P-ABS,B251110-500,OP-3,novice,16.8,ok,73.5,78.8,47.5,6.15,3.92,121.0,12,1452,3.86,35.66,5.04,58.32,23.7,False
2025-11-10T18:36:55.475814,Night,L2,L2-M1,P-PP,B251110-585,OP-3,novice,28.1,due_soon,75.4,74.5,63.4,5.27,4.15,116.9,15,1753,3.18,47.49,6.62,61.63,24.8,False
2025-11-10T18:46:55.475814,Day,L2,L2-M3,P-PP,B251110-722,OP-2,intermediate,16.7,ok,75.7,74.8,42.9,5.54,2.61,101.7,15,1526,0.87,14.65,5.01,58.09,28.7,False
2025-11-10T19:22:55.475814,Swing,L4,L4-M1,P-NYLON,B251110-947,OP-2,intermediate,21.4,ok,74.7,74.2,51.4,5.34,2.8,119.6,12,1435,1.77,18.08,4.71,56.43,25.7,False
2025-11-10T19:36:55.475814,Swing,L4,L4-M5,P-PP,B251110-910,OP-5,expert,35.2,overdue,72.1,70.1,51.1,5.54,5.54,85.8,12,1029,2.4,16.02,10.27,48.49,27.3,True
2025-11-10T21:11:55.475814,Swing,L2,L2-M3,P-NYLON,B251110-859,OP-2,intermediate,18.2,ok,73.9,76.8,45.9,5.69,3.81,104.8,14,1467,2.4,31.09,3.62,57.85,30.4,False
2025-11-10T21:33:55.475814,Day,L2,L2-M3,P-ABS,B251110-699,OP-3,novice,0.0,ok,74.9,79.8,50.8,5.55,3.8,124.0,14,1735,3.77,50.98,1.98,63.19,24.0,False
2025-11-10T22:07:55.475814,Night,L3,L3-M2,P-NYLON,B251110-945,OP-2,intermediate,18.2,ok,73.2,71.4,37.4,5.42,3.21,121.6,9,1094,2.09,18.74,4.36,50.0,22.6,False
2025-11-10T22:41:55.475814,Night,L4,L4-M3,P-PEEK,B251110-895,OP-4,intermediate,7.6,ok,72.3,76.8,57.4,5.49,2.8,140.1,12,1680,2.69,52.72,4.88,61.28,26.9,False
2025-11-10T22:49:55.475814,Swing,L3,L3-M2,P-ABS,B251110-926,OP-1,expert,0.0,ok,74.8,80.0,42.6,5.01,2.98,111.8,11,1230,2.83,28.98,3.24,55.18,24.1,False
2025-11-10T22:59:55.475814,Day,L4,L4-M3,P-ABS,B251110-777,OP-5,expert,13.5,ok,74.0,79.3,37.5,5.58,3.72,110.2,15,1653,2.29,24.91,2.51,61.72,30.0,False
2025-11-10T23:14:55.475814,Day,L2,L2-M5,P-PEEK,B251110-863,OP-1,expert,0.0,ok,74.0,75.1,59.8,5.64,3.42,143.6,14,2010,1.56,25.53,3.67,65.96,23.1,False
2025-11-10T23:39:55.475814,Day,L1,L1-M5,P-NYLON,B251110-330,OP-2,intermediate,3.8,ok,72.0,73.2,40.1,5.43,2.99,113.3,11,1246,1.04,13.22,4.96,53.05,26.7,False
2025-11-10T23:53:55.475814,Day,L4,L4-M6,P-ABS,B251110-271,OP-1,expert,7.7,ok,74.5,73.4,40.0,5.38,2.99,133.9,9,1205,0.7,8.29,1.98,52.48,30.1,False
2025-11-11T00:41:55.475814,Night,L1,L1-M5,P-NYLON,B251111-872,OP-3,novice,20.7,ok,74.6,71.9,39.7,5.13,3.48,128.6,11,1414,2.56,35.89,5.82,55.31,23.1,False
2025-11-11T00:48:55.475814,Swing,L1,L1-M4,P-NYLON,B251111-828,OP-2,intermediate,17.8,ok,72.8,73.7,42.3,5.4,3.1,99.1,10,990,1.56,11.89,5.55,49.15,24.2,False
2025-11-11T01:52:55.475814,Day,L2,L2-M4,P-PEEK,B251111-180,OP-3,novice,9.2,ok,73.2,74.2,35.9,5.41,4.18,114.6,14,1604,2.19,37.19,2.24,59.13,25.9,False
2025-11-11T02:05:55.475814,Swing,L2,L2-M3,P-ABS,B251111-866,OP-1,expert,0.0,ok,72.3,72.7,54.2,4.6,2.94,127.0,13,1650,1.08,19.58,3.94,59.36,22.2,False
2025-11-11T03:04:55.475814,Day,L3,L3-M5,P-NYLON,B251111-457,OP-4,intermediate,11.3,ok,72.6,71.9,63.9,5.22,3.21,108.6,12,1303,2.17,17.07,3.37,53.5,28.5,False
2025-11-11T03:10:55.475814,Day,L2,L2-M6,P-PEEK,B251111-634,OP-2,intermediate,0.0,ok,75.9,75.7,44.2,5.68,2.81,128.8,15,1931,1.28,22.76,3.2,64.89,22.5,False
2025-11-11T03:17:55.475814,Day,L1,L1-M2,P-NYLON,B251111-643,OP-1,expert,13.3,ok,74.0,76.3,57.3,5.43,3.91,111.0,11,1220,1.06,12.7,3.99,53.74,24.3,False
2025-11-11T03:27:55.475814,Day,L4,L4-M4,P-ABS,B251111-443,OP-5,expert,0.0,ok,74.9,73.5,49.1,5.55,4.08,142.2,14,1991,0.91,17.77,3.99,65.09,27.1,False
2025-11-11T06:11:55.475814,Day,L1,L1-M5,P-PEEK,B251111-211,OP-5,expert,7.8,ok,72.1,71.3,47.0,5.63,3.22,116.8,15,1751,0.71,14.81,5.33,60.48,25.0,False
2025-11-11T06:14:55.475814,Day,L2,L2-M4,P-NYLON,B251111-245,OP-4,intermediate,33.1,overdue,74.8,73.1,49.1,5.47,4.58,103.8,8,830,2.04,13.02,9.42,46.37,29.8,False
2025-11-11T07:07:55.475814,Day,L2,L2-M6,P-PP,B251111-709,OP-3,novice,12.3,ok,72.5,72.4,36.2,5.62,3.93,118.2,10,1182,2.05,23.93,3.78,51.75,23.5,False
2025-11-11T07:32:55.475814,Day,L2,L2-M4,P-ABS,B251111-474,OP-1,expert,0.0,ok,73.7,74.2,43.6,5.75,2.48,120.4,10,1204,1.08,14.53,2.5,52.75,23.3,False
2025-11-11T07:59:55.475814,Night,L4,L4-M3,P-ABS,B251111-229,OP-4,intermediate,15.9,ok,72.3,71.9,48.4,5.38,3.33,115.5,10,1154,1.8,23.36,6.52,51.16,21.0,False
2025-11-11T08:27:55.475814,Day,L3,L3-M5,P-PP,B251111-445,OP-2,intermediate,20.5,ok,75.8,73.7,40.9,5.49,3.77,131.9,12,1582,1.28,22.96,2.37,58.62,27.0,False
2025-11-11T08:29:55.475814,Swing,L2,L2-M4,P-ABS,B251111-969,OP-1,expert,16.3,ok,75.6,77.6,31.7,5.71,2.25,106.0,10,1059,1.63,13.61,2.96,51.61,22.3,False
2025-11-11T08:49:55.475814,Night,L1,L1-M4,P-ABS,B251111-705,OP-4,intermediate,30.2,overdue,72.1,77.2,37.4,4.72,4.51,104.2,12,1250,3.53,30.18,9.52,54.52,24.9,False
2025-11-11T09:22:55.475814,Swing,L1,L1-M5,P-NYLON,B251111-738,OP-3,novice,29.7,due_soon,72.8,71.8,46.9,5.15,4.24,110.4,15,1655,2.29,32.23,5.01,59.11,20.5,False
2025-11-11T09:42:55.475814,Day,L1,L1-M4,P-ABS,B251111-233,OP-3,novice,28.6,due_soon,72.5,73.5,56.1,5.71,3.61,118.0,15,1770,2.13,34.77,5.61,61.55,25.5,False
2025-11-11T10:00:55.475814,Swing,L2,L2-M2,P-PEEK,B251111-602,OP-3,novice,27.2,due_soon,75.4,76.5,41.5,4.94,3.49,80.0,15,1200,2.89,22.41,5.81,53.48,22.2,False
2025-11-11T10:19:55.475814,Day,L1,L1-M6,P-PP,B251111-869,OP-2,intermediate,18.2,ok,73.1,73.8,52.8,5.12,3.75,107.4,10,1074,1.32,12.78,3.18,50.51,29.8,False
2025-11-11T11:15:55.475814,Swing,L2,L2-M5,P-PP,B251111-901,OP-3,novice,0.0,ok,75.8,74.3,51.5,5.31,2.21,122.4,10,1223,2.22,23.36,3.81,53.09,25.6,False
2025-11-11T12:03:55.475814,Day,L2,L2-M2,P-PEEK,B251111-344,OP-3,novice,16.5,ok,75.2,73.8,42.2,6.05,2.82,108.4,15,1625,2.14,39.48,3.88,59.35,23.9,False
2025-11-11T12:05:55.475814,Day,L4,L4-M3,P-NYLON,B251111-718,OP-3,novice,31.4,overdue,72.3,75.1,37.5,5.4,4.57,115.7,12,1388,2.53,31.1,8.73,55.99,29.1,False
2025-11-11T12:08:55.475814,Day,L2,L2-M5,P-NYLON,B251111-576,OP-4,intermediate,22.9,ok,73.8,74.2,41.0,5.08,3.96,99.3,14,1390,0.98,15.15,2.48,55.73,25.7,False
2025-11-11T12:15:55.475814,Day,L3,L3-M6,P-NYLON,B251111-466,OP-5,expert,16.2,ok,72.9,74.8,32.9,5.66,3.1,109.8,14,1537,1.21,20.04,5.2,58.28,24.0,False
2025-11-11T13:00:55.475814,Day,L4,L4-M6,P-PEEK,B251111-837,OP-3,novice,26.4,due_soon,72.5,71.6,39.1,5.13,3.7,106.0,10,1059,2.09,26.59,6.89,49.51,23.8,False
2025-11-11T13:03:55.475814,Swing,L3,L3-M5,P-NYLON,B251111-932,OP-4,intermediate,6.9,ok,73.3,73.4,55.8,5.37,3.14,118.9,8,951,1.74,13.09,3.51,48.39,21.5,False
2025-11-11T13:38:55.475814,Night,L3,L3-M2,P-PP,B251111-803,OP-1,expert,33.3,overdue,73.2,73.5,50.0,5.53,5.24,108.6,8,869,2.26,14.58,10.8,47.11,23.6,True
2025-11-11T14:43:55.475814,Swing,L4,L4-M6,P-PEEK,B251111-800,OP-3,novice,10.2,ok,74.4,73.5,42.8,5.57,2.69,140.5,8,1123,2.16,23.25,3.42,51.19,23.2,False
2025-11-11T14:50:55.475814,Swing,L1,L1-M4,P-ABS,B251111-989,OP-5,expert,20.3,ok,74.1,74.2,59.7,5.6,2.61,123.2,15,1848,1.34,27.48,2.51,63.04,28.8,False
2025-11-11T14:52:55.475814,Swing,L4,L4-M1,P-ABS,B251111-648,OP-3,novice,35.1,overdue,72.5,74.0,44.3,5.38,5.2,113.8,15,1706,3.06,58.33,10.62,60.7,20.6,False
2025-11-11T15:00:55.475814,Swing,L2,L2-M1,P-ABS,B251111-915,OP-5,expert,11.1,ok,74.1,73.9,37.3,5.76,2.98,139.5,14,1952,0.77,17.1,4.14,64.59,24.2,False
2025-11-11T15:50:55.475814,Day,L4,L4-M6,P-PEEK,B251111-922,OP-4,intermediate,12.9,ok,72.5,71.9,42.2,5.3,2.52,105.0,10,1050,1.07,7.77,3.5,49.47,27.9,False
2025-11-11T16:06:55.475814,Swing,L1,L1-M4,P-PEEK,B251111-188,OP-1,expert,26.7,due_soon,72.2,69.2,42.9,4.97,4.35,124.7,12,1495,1.62,15.43,6.43,55.65,25.1,False
2025-11-11T16:44:55.475814,Day,L2,L2-M5,P-PP,B251111-537,OP-1,expert,26.1,due_soon,74.5,75.7,53.3,5.71,3.5,133.6,9,1202,1.16,15.28,6.38,53.24,25.5,False
2025-11-11T17:02:55.475814,Day,L1,L1-M6,P-PEEK,B251111-432,OP-1,expert,19.4,ok,74.2,77.3,50.8,5.65,4.29,116.0,15,1739,1.72,21.94,3.09,62.37,22.9,False
2025-11-11T17:18:55.475814,Night,L4,L4-M3,P-NYLON,B251111-532,OP-1,expert,30.9,overdue,75.0,75.8,66.3,5.44,3.62,99.3,12,1191,3.01,23.0,9.49,53.11,26.4,False
2025-11-11T17:43:55.475814,Day,L2,L2-M3,P-ABS,B251111-363,OP-2,intermediate,31.1,overdue,73.3,73.7,62.0,6.05,5.28,125.6,12,1507,2.64,47.2,11.61,57.4,27.1,True
2025-11-11T18:47:55.475814,Night,L3,L3-M6,P-ABS,B251111-537,OP-3,novice,18.1,ok,72.5,73.3,52.5,5.26,3.28,125.0,8,1000,2.69,24.24,4.9,49.18,22.8,False
2025-11-11T19:16:55.475814,Day,L2,L2-M6,P-PEEK,B251111-233,OP-1,expert,0.0,ok,72.3,73.7,41.1,5.71,2.94,107.9,15,1618,0.83,12.63,3.91,59.19,28.0,False
2025-11-11T20:34:55.475814,Swing,L2,L2-M3,P-NYLON,B251111-910,OP-1,expert,6.7,ok,72.8,72.5,67.1,5.4,2.63,120.8,8,966,2.1,15.61,4.31,48.35,24.2,False
2025-11-11T21:34:55.475814,Night,L1,L1-M3,P-ABS,B251111-594,OP-3,novice,18.8,ok,72.6,73.0,55.5,5.17,3.53,104.5,10,1044,2.38,22.39,4.07,49.76,22.3,False
2025-11-11T21:48:55.475814,Day,L2,L2-M5,P-ABS,B251111-325,OP-3,novice,1.5,ok,75.9,73.7,29.6,4.65,2.9,131.2,10,1311,1.59,17.5,1.35,54.29,28.9,False
2025-11-11T21:54:55.475814,Swing,L4,L4-M1,P-NYLON,B251111-861,OP-2,intermediate,32.8,overdue,73.5,75.6,36.5,5.83,5.16,100.2,10,1002,2.72,17.76,9.36,50.0,24.5,False
2025-11-11T21:59:55.475814,Day,L3,L3-M5,P-PEEK,B251111-611,OP-4,intermediate,14.7,ok,73.4,74.1,55.7,5.32,3.34,128.5,15,1927,1.07,20.48,2.97,64.28,25.3,False
2025-11-11T22:01:55.475814,Swing,L4,L4-M6,P-PP,B251111-119,OP-3,novice,0.0,ok,72.8,72.4,35.3,5.59,2.63,99.2,14,1388,2.21,23.43,3.63,55.07,22.0,False
2025-11-12T00:35:55.475814,Night,L4,L4-M6,P-PEEK,B251112-853,OP-2,intermediate,6.6,ok,73.7,74.0,57.6,5.18,3.64,94.2,13,1224,2.45,29.2,3.72,53.0,22.5,False
2025-11-12T00:39:55.475814,Day,L3,L3-M1,P-PEEK,B251112-889,OP-4,intermediate,15.1,ok,73.9,74.8,40.7,4.9,2.63,131.1,11,1442,1.03,10.27,3.42,56.75,29.1,False
2025-11-12T00:49:55.475814,Swing,L2,L2-M4,P-PEEK,B251112-573,OP-3,novice,14.4,ok,74.2,73.5,47.0,5.42,2.47,108.2,15,1623,2.75,34.43,2.01,59.2,24.7,False
2025-11-12T02:32:55.475814,Night,L1,L1-M6,P-PP,B251112-487,OP-2,intermediate,14.6,ok,72.4,73.2,63.3,5.31,2.75,137.4,8,1099,2.18,20.88,4.75,50.71,21.8,False
2025-11-12T02:33:55.475814,Night,L2,L2-M5,P-PEEK,B251112-115,OP-1,expert,14.5,ok,73.4,76.8,53.1,6.11,2.45,123.3,11,1356,1.77,19.97,2.64,56.07,21.6,False
2025-11-12T03:02:55.475814,Day,L1,L1-M6,P-PEEK,B251112-356,OP-5,expert,24.5,due_soon,74.1,73.6,51.9,5.23,3.92,134.0,11,1474,1.21,13.94,5.14,56.86,27.4,False
2025-11-12T03:12:55.475814,Swing,L2,L2-M4,P-ABS,B251112-682,OP-2,intermediate,32.0,overdue,74.8,79.5,63.1,4.78,3.93,120.5,10,1205,4.15,32.46,10.19,54.6,25.2,False
2025-11-12T04:18:55.475814,Day,L1,L1-M5,P-PP,B251112-297,OP-1,expert,18.8,ok,73.3,75.0,61.4,4.93,3.83,118.2,12,1418,1.78,19.51,3.01,56.45,28.8,False
2025-11-12T04:45:55.475814,Swing,L4,L4-M6,P-PEEK,B251112-761,OP-2,intermediate,0.0,ok,72.1,74.1,47.4,5.33,3.12,122.4,8,979,1.8,18.36,1.75,49.12,20.3,False
2025-11-12T04:54:55.475814,Day,L4,L4-M5,P-PEEK,B251112-420,OP-4,intermediate,10.7,ok,75.9,79.7,50.2,5.05,3.85,132.5,9,1192,2.88,35.07,3.2,54.49,24.5,False
2025-11-12T06:36:55.475814,Night,L4,L4-M2,P-ABS,B251112-564,OP-3,novice,16.1,ok,73.7,75.8,50.4,5.68,3.63,134.1,13,1743,3.01,58.73,4.85,61.91,21.2,False
2025-11-12T06:48:55.475814,Day,L4,L4-M5,P-PP,B251112-425,OP-5,expert,0.0,ok,74.3,74.5,48.7,5.62,3.56,135.0,8,1080,1.24,15.07,4.04,50.86,21.9,False
2025-11-12T07:07:55.475814,Day,L2,L2-M5,P-PEEK,B251112-473,OP-4,intermediate,30.0,overdue,72.4,75.5,58.2,5.65,4.4,86.8,12,1041,2.21,27.35,9.88,50.58,26.5,False
2025-11-12T07:12:55.475814,Night,L4,L4-M5,P-ABS,B251112-946,OP-2,intermediate,28.3,due_soon,73.6,77.5,33.0,5.42,3.99,117.5,14,1644,3.02,36.18,6.98,60.93,26.3,False
2025-11-12T08:08:55.475814,Day,L1,L1-M2,P-NYLON,B251112-626,OP-2,intermediate,37.6,overdue,72.5,74.1,52.6,5.28,5.42,116.3,15,1745,2.54,41.17,10.41,61.37,23.9,True
2025-11-12T09:03:55.475814,Swing,L1,L1-M2,P-PP,B251112-647,OP-3,novice,4.8,ok,73.3,71.7,48.7,5.09,3.54,129.8,15,1946,2.25,26.97,5.18,63.76,25.1,False
2025-11-12T09:56:55.475814,Day,L2,L2-M5,P-PP,B251112-508,OP-4,intermediate,9.5,ok,74.6,79.0,42.6,5.27,4.22,138.1,11,1518,2.82,40.88,3.8,59.46,24.7,False
2025-11-12T10:34:55.475814,Night,L4,L4-M1,P-NYLON,B251112-723,OP-1,expert,5.5,ok,73.6,72.2,49.5,5.74,3.23,122.2,14,1710,0.86,13.12,3.55,60.13,24.1,False
2025-11-12T11:08:55.475814,Day,L4,L4-M3,P-ABS,B251112-649,OP-3,novice,38.4,overdue,74.7,73.0,43.1,6.17,4.71,141.5,9,1273,2.88,25.01,10.4,53.43,25.4,False
2025-11-12T11:27:55.475814,Night,L1,L1-M5,P-PEEK,B251112-867,OP-4,intermediate,4.2,ok,72.4,79.6,46.3,5.71,3.03,129.6,11,1425,3.6,31.98,5.31,58.19,22.6,False
2025-11-12T12:09:55.475814,Day,L1,L1-M4,P-PEEK,B251112-922,OP-1,expert,10.8,ok,74.9,75.5,47.0,5.52,3.91,116.8,10,1168,1.17,14.5,3.15,52.61,24.2,False
2025-11-12T12:19:55.475814,Night,L3,L3-M5,P-PP,B251112-691,OP-2,intermediate,10.3,ok,72.0,71.0,44.8,5.46,2.6,131.0,13,1702,1.88,31.55,5.61,59.61,23.3,False
2025-11-12T12:55:55.475814,Swing,L2,L2-M4,P-NYLON,B251112-659,OP-2,intermediate,21.8,ok,75.7,76.6,46.5,5.6,3.44,120.1,8,960,2.12,22.78,3.98,49.68,20.6,False
2025-11-12T13:29:55.475814,Swing,L3,L3-M6,P-NYLON,B251112-400,OP-3,novice,36.1,overdue,73.3,79.9,33.9,5.2,4.53,116.3,12,1395,4.59,40.0,9.59,57.79,24.5,False
2025-11-12T13:49:55.475814,Swing,L1,L1-M3,P-ABS,B251112-235,OP-4,intermediate,18.1,ok,72.2,77.4,47.6,5.7,3.33,112.5,13,1462,2.44,27.35,4.32,58.0,21.5,False
2025-11-12T13:58:55.475814,Day,L1,L1-M6,P-PP,B251112-306,OP-4,intermediate,17.3,ok,75.2,74.3,54.6,5.97,2.62,88.8,10,888,0.94,7.46,3.06,47.72,27.5,False
2025-11-12T13:59:55.475814,Day,L1,L1-M1,P-NYLON,B251112-861,OP-4,intermediate,34.0,overdue,73.7,78.9,53.0,5.82,4.42,98.5,15,1477,3.54,51.46,9.3,58.76,27.6,False
2025-11-12T14:18:55.475814,Day,L3,L3-M1,P-PEEK,B251112-897,OP-5,expert,10.6,ok,73.8,74.2,54.4,5.27,2.87,129.9,11,1428,1.01,16.11,4.33,56.31,28.3,False
2025-11-12T14:25:55.475814,Day,L4,L4-M3,P-ABS,B251112-587,OP-1,expert,10.8,ok,74.7,76.6,51.6,4.84,4.1,127.6,9,1148,1.27,8.92,1.48,52.69,26.6,False
2025-11-12T14:30:55.475814,Swing,L1,L1-M6,P-ABS,B251112-760,OP-5,expert,5.7,ok,72.1,71.4,48.0,5.59,3.1,131.4,11,1445,0.97,12.64,2.26,55.61,24.1,False
2025-11-12T15:51:55.475814,Night,L1,L1-M3,P-PEEK,B251112-573,OP-5,expert,5.8,ok,74.3,75.4,53.0,5.47,3.13,140.3,15,2104,1.54,20.7,4.57,67.56,19.4,False
2025-11-12T16:10:55.475814,Day,L2,L2-M3,P-NYLON,B251112-835,OP-2,intermediate,10.5,ok,72.9,73.1,48.0,5.27,3.7,121.5,14,1701,0.76,11.65,4.75,60.32,20.7,False
2025-11-12T16:19:55.475814,Night,L4,L4-M5,P-PEEK,B251112-369,OP-3,novice,29.3,due_soon,75.5,76.3,39.0,5.25,3.87,127.0,12,1523,3.16,39.29,7.74,58.59,21.5,False
2025-11-12T16:19:55.475814,Day,L2,L2-M4,P-NYLON,B251112-675,OP-2,intermediate,27.7,due_soon,73.8,77.0,47.8,5.75,3.76,121.5,13,1579,2.56,24.89,5.08,59.73,29.0,False
2025-11-12T16:27:55.475814,Day,L1,L1-M3,P-ABS,B251112-474,OP-4,intermediate,11.0,ok,73.2,72.0,47.8,5.37,3.29,114.4,13,1487,1.47,20.72,5.56,56.49,27.9,False
2025-11-12T16:49:55.475814,Swing,L1,L1-M2,P-NYLON,B251112-120,OP-4,intermediate,8.8,ok,72.2,72.5,44.9,5.85,3.17,113.4,15,1700,1.39,15.83,3.48,60.09,21.8,False
2025-11-12T17:17:55.475814,Day,L3,L3-M4,P-ABS,B251112-236,OP-1,expert,39.1,overdue,73.9,76.0,63.9,5.75,5.63,105.7,15,1585,2.99,55.55,12.14,59.47,27.4,True
2025-11-12T18:49:55.475814,Day,L3,L3-M5,P-PP,B251112-956,OP-1,expert,41.4,overdue,75.1,78.9,38.4,5.21,4.4,116.9,13,1520,2.99,37.49,8.65,59.43,28.2,False
2025-11-12T19:16:55.475814,Swing,L1,L1-M2,P-PEEK,B251112-275,OP-2,intermediate,0.0,ok,73.5,73.3,59.0,4.94,3.13,125.9,8,1007,1.82,21.01,2.95,49.26,19.9,False
2025-11-12T19:39:55.475814,Day,L1,L1-M4,P-ABS,B251112-277,OP-2,intermediate,11.7,ok,72.2,75.5,40.7,5.34,3.7,116.3,13,1511,1.54,20.89,1.61,58.12,27.8,False
2025-11-12T19:49:55.475814,Swing,L1,L1-M4,P-ABS,B251112-363,OP-4,intermediate,23.1,due_soon,73.5,74.3,63.5,5.37,3.25,112.1,10,1120,1.94,23.26,7.3,51.43,21.7,False
2025-11-12T20:14:55.475814,Swing,L3,L3-M3,P-PP,B251112-114,OP-2,intermediate,16.7,ok,72.3,71.5,42.8,5.71,3.52,120.8,10,1208,1.61,22.78,4.03,51.84,21.5,False
2025-11-12T20:51:55.475814,Day,L4,L4-M4,P-ABS,B251112-893,OP-5,expert,22.7,ok,73.6,73.1,52.3,5.22,4.08,93.8,11,1032,0.96,8.14,3.39,49.62,27.5,False
2025-11-12T21:00:55.475814,Day,L2,L2-M1,P-ABS,B251112-196,OP-4,intermediate,18.7,ok,75.4,75.2,46.9,5.01,3.41,118.1,13,1534,1.69,20.45,1.9,58.39,26.1,False
2025-11-12T21:14:55.475814,Day,L2,L2-M2,P-PEEK,B251112-666,OP-4,intermediate,20.4,ok,72.6,74.5,42.3,5.46,4.16,98.6,13,1281,1.48,12.32,3.44,54.08,24.0,False
2025-11-12T22:32:55.475814,Swing,L1,L1-M6,P-PP,B251112-556,OP-4,intermediate,30.0,overdue,74.0,75.3,50.6,5.48,6.09,88.9,13,1155,2.8,32.93,10.83,52.33,24.5,True
2025-11-12T23:03:55.475814,Day,L2,L2-M3,P-NYLON,B251112-383,OP-3,novice,19.4,ok,72.9,71.8,47.5,5.88,3.76,114.0,13,1482,2.01,27.07,2.61,56.36,31.0,False
2025-11-12T23:37:55.475814,Day,L4,L4-M5,P-PP,B251112-887,OP-2,intermediate,29.4,due_soon,75.4,76.6,49.9,5.95,3.54,124.8,13,1622,2.29,33.01,5.21,60.28,25.5,False
2025-11-12T23:45:55.475814,Swing,L4,L4-M3,P-ABS,B251112-324,OP-4,intermediate,14.9,ok,73.8,75.5,59.1,5.81,3.84,123.8,8,990,1.84,11.62,4.62,49.78,24.5,False
2025-11-13T00:18:55.475814,Night,L4,L4-M5,P-NYLON,B251113-258,OP-1,expert,21.9,ok,73.4,79.0,52.6,5.47,3.66,129.0,13,1677,2.49,44.29,4.46,62.01,27.7,False
2025-11-13T00:19:55.475814,Day,L1,L1-M5,P-ABS,B251113-406,OP-3,novice,29.9,due_soon,73.1,71.4,49.1,5.63,3.54,98.1,13,1275,2.47,36.62,5.63,52.9,24.8,False
2025-11-13T00:22:55.475814,Swing,L3,L3-M5,P-PEEK,B251113-831,OP-4,intermediate,12.1,ok,75.3,77.1,49.7,5.56,3.07,123.3,8,986,2.15,24.4,3.54,50.25,22.3,False
2025-11-13T01:45:55.475814,Swing,L2,L2-M6,P-NYLON,B251113-159,OP-2,intermediate,0.0,ok,74.7,75.8,28.0,5.99,3.39,139.7,9,1257,1.55,15.37,2.69,54.15,22.5,False
2025-11-13T01:53:55.475814,Swing,L4,L4-M5,P-PEEK,B251113-849,OP-4,intermediate,17.1,ok,74.9,75.1,49.9,5.35,3.7,137.2,14,1921,1.39,20.55,2.27,64.51,25.1,False
2025-11-13T02:46:55.475814,Swing,L1,L1-M2,P-PP,B251113-617,OP-4,intermediate,30.6,overdue,72.8,74.2,36.2,5.27,4.82,121.8,12,1461,2.14,25.53,10.13,56.85,24.8,False
2025-11-13T03:04:55.475814,Day,L4,L4-M2,P-ABS,B251113-106,OP-2,intermediate,0.0,ok,74.8,74.2,42.6,5.55,3.04,134.7,14,1886,1.14,15.74,2.38,63.64,25.2,False
2025-11-13T03:55:55.475814,Swing,L4,L4-M5,P-PP,B251113-186,OP-2,intermediate,0.0,ok,75.2,80.9,45.7,5.57,2.85,112.0,15,1680,4.01,72.08,6.22,62.7,21.5,True
2025-11-13T04:24:55.475814,Swing,L3,L3-M4,P-PP,B251113-961,OP-2,intermediate,20.4,ok,74.5,73.8,52.8,5.08,3.99,117.8,14,1649,1.5,18.86,4.41,59.72,26.0,False
2025-11-13T04:36:55.475814,Day,L4,L4-M5,P-NYLON,B251113-231,OP-4,intermediate,7.0,ok,73.2,73.0,42.9,5.6,3.28,134.2,14,1878,1.47,21.25,1.91,63.11,24.0,False
2025-11-13T05:30:55.475814,Swing,L1,L1-M2,P-PP,B251113-687,OP-1,expert,36.2,overdue,74.4,72.7,46.1,5.44,4.5,130.2,13,1692,1.88,23.2,7.93,60.02,23.2,False
2025-11-13T05:47:55.475814,Day,L4,L4-M1,P-ABS,B251113-367,OP-5,expert,30.0,due_soon,74.3,75.0,40.3,5.94,3.56,126.9,8,1015,1.07,9.68,4.91,49.98,23.7,False
2025-11-13T06:08:55.475814,Swing,L4,L4-M3,P-PEEK,B251113-387,OP-5,expert,38.9,overdue,75.2,75.0,49.4,5.27,4.77,125.4,11,1379,1.92,20.31,10.52,55.82,25.8,False
2025-11-13T06:14:55.475814,Day,L2,L2-M4,P-PEEK,B251113-443,OP-1,expert,9.6,ok,75.4,74.3,52.9,5.35,2.8,132.5,14,1854,0.93,17.62,2.6,63.17,27.6,False
2025-11-13T07:13:55.475814,Day,L3,L3-M3,P-PEEK,B251113-793,OP-2,intermediate,0.0,ok,74.2,73.0,58.2,5.29,2.59,107.1,11,1177,1.49,15.65,4.37,51.9,26.5,False
2025-11-13T07:16:55.475814,Night,L1,L1-M6,P-PP,B251113-792,OP-4,intermediate,20.9,ok,75.5,74.4,53.0,6.27,2.92,92.1,15,1381,2.07,28.41,3.28,55.63,25.2,False
2025-11-13T07:35:55.475814,Swing,L2,L2-M3,P-ABS,B251113-770,OP-3,novice,25.6,due_soon,75.0,75.2,43.9,5.47,3.75,100.8,8,806,2.75,17.64,6.74,46.72,26.9,False
2025-11-13T08:33:55.475814,Swing,L4,L4-M4,P-ABS,B251113-873,OP-1,expert,9.0,ok,75.5,75.4,62.3,5.44,2.02,135.1,13,1756,1.53,24.43,5.27,61.99,23.3,False
2025-11-13T08:40:55.475814,Day,L2,L2-M5,P-PEEK,B251113-586,OP-1,expert,41.1,overdue,75.3,76.1,31.8,5.69,5.06,122.2,12,1466,2.38,24.92,7.78,57.6,26.9,False
2025-11-13T08:54:55.475814,Swing,L2,L2-M3,P-NYLON,B251113-550,OP-5,expert,10.6,ok,73.2,73.2,43.6,5.55,4.87,126.5,9,1138,1.15,12.55,5.81,51.31,25.2,False
2025-11-13T08:56:55.475814,Swing,L1,L1-M2,P-ABS,B251113-870,OP-3,novice,6.8,ok,74.9,73.6,39.8,5.54,2.46,111.2,9,1000,2.36,25.7,3.83,49.27,24.9,False
2025-11-13T09:47:55.475814,Swing,L4,L4-M2,P-ABS,B251113-602,OP-5,expert,30.2,overdue,72.1,69.7,38.8,5.7,6.1,101.4,11,1115,2.22,20.11,11.64,49.74,22.2,True
2025-11-13T10:59:55.475814,Day,L1,L1-M5,P-NYLON,B251113-278,OP-2,intermediate,48.8,overdue,74.4,73.7,55.7,5.6,5.06,119.6,12,1435,1.95,28.72,10.73,56.26,30.1,False
2025-11-13T11:37:55.475814,Day,L3,L3-M3,P-PEEK,B251113-572,OP-4,intermediate,23.0,due_soon,75.9,80.1,33.8,5.65,3.0,132.6,14,1855,3.3,41.11,7.66,65.23,27.2,True
2025-11-13T12:06:55.475814,Swing,L2,L2-M2,P-ABS,B251113-639,OP-5,expert,21.3,ok,74.9,75.8,54.9,6.16,2.42,134.5,8,1075,1.87,12.62,3.73,51.23,23.1,False
2025-11-13T12:22:55.475814,Day,L4,L4-M3,P-NYLON,B251113-984,OP-1,expert,24.8,due_soon,75.1,79.9,43.3,5.53,2.9,111.0,11,1221,2.8,37.72,4.72,54.99,25.4,False
2025-11-13T13:14:55.475814,Day,L4,L4-M5,P-ABS,B251113-599,OP-2,intermediate,14.4,ok,74.6,81.4,48.7,5.47,3.08,110.5,14,1547,3.54,33.53,5.71,60.73,27.0,True
2025-11-13T13:25:55.475814,Day,L3,L3-M6,P-PP,B251113-270,OP-5,expert,20.3,ok,75.3,75.7,44.7,6.17,3.63,134.3,15,2014,1.15,19.8,3.0,66.24,24.1,False
2025-11-13T13:36:55.475814,Swing,L1,L1-M5,P-ABS,B251113-390,OP-4,intermediate,29.7,due_soon,73.5,74.3,56.3,6.07,4.04,125.5,15,1882,1.93,29.21,7.53,63.63,25.9,False
2025-11-13T14:04:55.475814,Day,L4,L4-M2,P-ABS,B251113-713,OP-5,expert,12.6,ok,72.4,72.5,42.4,5.24,3.47,142.0,14,1988,0.5,8.76,1.54,64.68,27.6,False
2025-11-13T14:23:55.475814,Day,L4,L4-M6,P-ABS,B251113-792,OP-5,expert,9.6,ok,73.2,78.0,51.6,6.06,3.37,146.1,10,1461,2.14,20.96,3.28,58.19,25.9,False
2025-11-13T15:28:55.475814,Night,L2,L2-M3,P-ABS,B251113-718,OP-2,intermediate,0.0,ok,75.9,75.8,48.6,5.59,3.01,131.5,9,1183,2.11,17.82,5.24,52.97,21.9,False
2025-11-13T16:02:55.475814,Night,L1,L1-M3,P-NYLON,B251113-381,OP-4,intermediate,7.6,ok,73.6,73.4,44.9,5.74,2.93,114.0,9,1026,1.56,11.32,5.35,49.61,20.0,False
2025-11-13T16:20:55.475814,Day,L2,L2-M6,P-NYLON,B251113-857,OP-1,expert,19.2,ok,73.5,74.3,35.5,5.48,2.64,133.6,15,2003,0.73,12.07,3.05,65.56,24.4,False
2025-11-13T17:19:55.475814,Swing,L3,L3-M3,P-PEEK,B251113-277,OP-5,expert,22.2,ok,73.8,78.9,44.2,6.13,3.48,116.0,8,927,2.44,21.41,2.94,49.95,25.0,False
2025-11-13T17:55:55.475814,Day,L2,L2-M6,P-PP,B251113-581,OP-2,intermediate,32.2,overdue,74.8,76.5,43.0,5.61,4.04,117.9,14,1650,2.7,30.24,9.05,60.66,26.8,False
2025-11-13T18:35:55.475814,Swing,L1,L1-M6,P-ABS,B251113-745,OP-3,novice,17.8,ok,74.8,78.2,38.4,5.08,2.83,117.7,8,941,3.9,29.79,5.54,49.94,25.2,False
2025-11-13T19:36:55.475814,Day,L3,L3-M2,P-PEEK,B251113-193,OP-4,intermediate,31.8,overdue,75.7,74.0,53.0,5.25,4.43,105.4,12,1264,1.9,22.76,10.15,53.63,25.3,False
2025-11-13T19:45:55.475814,Night,L2,L2-M5,P-PP,B251113-852,OP-1,expert,10.5,ok,75.7,76.4,48.0,5.51,2.16,122.5,12,1470,1.87,26.63,2.97,57.77,25.0,False
2025-11-13T19:52:55.475814,Swing,L4,L4-M5,P-ABS,B251113-280,OP-1,expert,14.7,ok,72.3,70.5,58.8,5.62,4.11,114.2,8,913,1.03,6.41,2.16,46.79,24.5,False
2025-11-13T21:05:55.475814,Swing,L1,L1-M1,P-NYLON,B251113-208,OP-5,expert,45.6,overdue,75.2,75.6,47.9,5.8,5.41,116.8,11,1284,2.47,35.45,9.76,54.5,22.4,True
2025-11-13T21:43:55.475814,Day,L1,L1-M5,P-ABS,B251113-632,OP-1,expert,36.2,overdue,74.2,76.4,37.6,5.64,4.8,123.2,8,985,2.15,21.38,9.39,50.01,22.8,False
2025-11-13T22:06:55.475814,Swing,L4,L4-M3,P-NYLON,B251113-867,OP-2,intermediate,21.7,ok,73.0,75.6,30.0,5.4,3.83,124.6,8,996,1.6,10.8,4.46,49.89,18.0,False
2025-11-13T22:13:55.475814,Night,L1,L1-M5,P-PEEK,B251113-402,OP-1,expert,14.1,ok,74.8,74.9,54.1,5.0,3.27,119.8,13,1557,1.35,23.87,3.31,58.62,24.6,False
2025-11-13T22:33:55.475814,Swing,L3,L3-M2,P-PP,B251113-539,OP-4,intermediate,21.9,ok,73.3,74.5,62.9,5.74,3.76,122.0,8,976,1.97,13.52,3.88,49.21,23.7,False
2025-11-13T22:37:55.475814,Day,L4,L4-M3,P-PP,B251113-519,OP-1,expert,7.5,ok,75.3,78.9,37.3,5.48,3.47,133.5,15,2002,2.03,25.85,3.12,67.15,28.9,False
2025-11-13T23:38:55.475814,Swing,L3,L3-M3,P-PEEK,B251113-865,OP-4,intermediate,11.2,ok,74.1,72.6,49.9,5.18,3.35,112.2,10,1121,1.81,22.42,4.1,50.86,24.1,False
2025-11-14T00:01:55.475814,Swing,L2,L2-M6,P-ABS,B251114-977,OP-5,expert,13.0,ok,73.7,74.4,54.9,5.51,2.14,122.8,8,982,1.17,7.84,3.92,49.26,24.2,False
2025-11-14T00:49:55.475814,Swing,L1,L1-M5,P-NYLON,B251114-103,OP-3,novice,31.0,overdue,73.7,78.4,46.8,5.12,4.86,104.9,12,1258,4.17,57.6,10.88,55.06,19.9,False
2025-11-14T04:41:55.475814,Day,L1,L1-M3,P-PP,B251114-343,OP-1,expert,9.6,ok,72.0,72.0,44.7,5.68,3.41,124.1,11,1364,0.94,10.89,2.47,54.52,28.3,False
2025-11-14T05:00:55.475814,Night,L4,L4-M3,P-PP,B251114-864,OP-4,intermediate,15.1,ok,73.7,77.9,65.8,5.47,3.14,128.4,12,1540,3.19,30.88,3.9,59.41,18.9,False
2025-11-14T05:19:55.475814,Swing,L1,L1-M6,P-ABS,B251114-888,OP-2,intermediate,9.6,ok,74.4,75.4,38.6,5.62,3.93,130.7,15,1960,1.4,22.2,4.55,65.26,25.2,False
2025-11-14T06:40:55.475814,Swing,L3,L3-M2,P-PP,B251114-913,OP-2,intermediate,9.6,ok,72.3,71.0,47.8,5.42,2.04,127.2,13,1653,1.69,21.58,2.36,58.82,27.7,False
2025-11-14T07:00:55.475814,Day,L3,L3-M6,P-ABS,B251114-497,OP-1,expert,14.7,ok,73.7,74.8,38.9,5.64,2.72,119.6,11,1315,0.85,10.33,3.71,54.73,27.7,False
2025-11-14T07:07:55.475814,Swing,L2,L2-M3,P-PP,B251114-296,OP-2,intermediate,32.2,overdue,75.2,78.9,43.5,5.88,4.58,108.1,11,1189,4.16,31.85,10.69,54.15,23.1,False
2025-11-14T07:24:55.475814,Swing,L1,L1-M6,P-PP,B251114-578,OP-1,expert,16.1,ok,73.6,73.5,52.6,5.0,3.7,114.5,10,1145,0.65,5.33,3.06,51.53,26.9,False
2025-11-14T07:27:55.475814,Day,L3,L3-M3,P-NYLON,B251114-926,OP-2,intermediate,29.7,due_soon,74.7,75.0,36.5,5.64,4.06,107.7,9,968,1.65,10.88,5.93,49.27,28.0,False
2025-11-14T07:34:55.475814,Day,L4,L4-M1,P-PEEK,B251114-630,OP-5,expert,15.9,ok,75.1,75.7,39.7,5.48,3.22,112.3,10,1123,1.1,10.56,4.17,51.97,26.5,False
2025-11-14T07:38:55.475814,Night,L3,L3-M3,P-ABS,B251114-433,OP-4,intermediate,38.2,overdue,72.3,79.4,46.8,5.6,4.81,95.8,9,862,4.82,43.36,9.48,49.09,25.2,False
2025-11-14T08:07:55.475814,Night,L3,L3-M5,P-NYLON,B251114-100,OP-5,expert,0.0,ok,72.9,74.9,58.9,6.07,3.45,107.2,12,1286,1.38,14.93,3.86,54.29,21.6,False
2025-11-14T08:16:55.475814,Swing,L2,L2-M6,P-PP,B251114-873,OP-4,intermediate,22.0,ok,73.6,75.7,59.3,5.45,2.88,143.9,10,1439,1.9,23.84,5.55,57.02,21.5,False
2025-11-14T09:10:55.475814,Night,L3,L3-M5,P-ABS,B251114-333,OP-1,expert,0.0,ok,74.7,75.5,50.6,5.34,2.79,122.2,9,1099,1.21,12.63,1.89,51.52,25.2,False
2025-11-14T09:12:55.475814,Day,L2,L2-M4,P-ABS,B251114-259,OP-1,expert,23.7,due_soon,75.8,76.5,65.7,5.44,4.23,138.6,12,1662,2.0,33.32,6.9,60.88,28.3,False
2025-11-14T11:23:55.475814,Swing,L2,L2-M4,P-PP,B251114-614,OP-3,novice,18.4,ok,75.5,74.2,42.9,5.04,2.35,117.2,12,1406,2.47,22.57,3.64,55.97,23.4,False
2025-11-14T12:21:55.475814,Night,L4,L4-M4,P-ABS,B251114-825,OP-1,expert,7.0,ok,75.5,76.1,60.2,5.46,3.72,125.2,15,1878,2.06,41.87,5.76,64.18,23.1,False
2025-11-14T12:23:55.475814,Swing,L4,L4-M2,P-ABS,B251114-393,OP-1,expert,18.2,ok,75.0,75.0,56.1,5.36,3.47,123.2,9,1108,1.07,7.32,3.47,51.49,25.9,False
2025-11-14T12:38:55.475814,Night,L1,L1-M5,P-PP,B251114-275,OP-5,expert,18.6,ok,75.8,76.7,53.1,5.57,1.97,136.0,9,1224,1.72,19.61,3.5,53.91,26.4,False
2025-11-14T13:46:55.475814,Day,L1,L1-M5,P-PP,B251114-272,OP-2,intermediate,35.7,overdue,75.4,76.6,36.7,5.46,4.48,105.0,8,839,2.91,15.87,8.65,47.76,21.2,False
2025-11-14T14:14:55.475814,Day,L1,L1-M1,P-PEEK,B251114-702,OP-3,novice,12.7,ok,73.3,80.8,55.2,5.21,3.28,94.0,14,1315,4.29,53.34,4.86,56.82,24.1,True
2025-11-14T14:57:55.475814,Day,L4,L4-M6,P-PP,B251114-513,OP-2,intermediate,25.4,due_soon,73.4,72.8,65.1,5.52,2.63,125.0,15,1874,2.46,29.44,5.36,62.99,26.1,False
2025-11-14T15:06:55.475814,Swing,L2,L2-M2,P-PP,B251114-502,OP-3,novice,37.8,overdue,72.1,73.8,60.5,5.89,5.28,96.0,8,768,3.94,33.92,11.09,45.61,28.1,True
2025-11-14T15:17:55.475814,Swing,L4,L4-M1,P-NYLON,B251114-169,OP-1,expert,13.5,ok,72.6,72.5,45.7,5.69,2.21,139.7,11,1537,1.16,11.89,3.52,57.45,27.0,False
2025-11-14T15:59:55.475814,Day,L4,L4-M1,P-NYLON,B251114-194,OP-4,intermediate,18.1,ok,72.2,75.3,48.5,5.8,3.71,108.0,9,971,1.3,8.36,5.19,49.4,20.7,False
2025-11-14T16:24:55.475814,Swing,L3,L3-M5,P-NYLON,B251114-488,OP-2,intermediate,17.4,ok,74.3,72.4,40.2,5.9,2.35,102.7,10,1027,1.75,18.94,4.88,49.26,21.3,False
2025-11-14T16:48:55.475814,Swing,L4,L4-M4,P-NYLON,B251114-305,OP-5,expert,24.0,due_soon,72.7,72.2,49.3,5.89,3.3,134.1,15,2011,1.17,14.75,4.59,64.95,23.6,False
2025-11-14T16:50:55.475814,Night,L4,L4-M2,P-PEEK,B251114-701,OP-5,expert,7.4,ok,73.0,70.6,50.6,5.41,2.97,104.7,9,942,1.31,8.35,4.8,47.28,21.1,False
2025-11-14T17:37:55.475814,Swing,L1,L1-M5,P-PEEK,B251114-264,OP-5,expert,5.6,ok,74.8,76.3,53.5,5.5,3.2,104.7,12,1255,1.68,24.38,2.58,54.31,24.4,False
2025-11-14T17:46:55.475814,Day,L2,L2-M1,P-NYLON,B251114-700,OP-2,intermediate,36.6,overdue,74.3,75.6,35.4,5.37,4.8,132.5,9,1192,2.44,19.44,9.11,53.04,29.3,False
2025-11-14T19:13:55.475814,Day,L3,L3-M5,P-ABS,B251114-165,OP-3,novice,18.0,ok,74.0,77.4,49.3,5.25,3.16,99.6,12,1195,2.7,24.99,2.45,53.7,23.2,False
2025-11-14T20:00:55.475814,Day,L1,L1-M4,P-NYLON,B251114-308,OP-3,novice,3.8,ok,74.3,72.4,48.2,5.12,2.59,125.0,15,1874,1.83,33.62,3.83,62.82,28.0,False
2025-11-14T20:13:55.475814,Night,L1,L1-M2,P-PP,B251114-319,OP-2,intermediate,2.1,ok,75.8,73.6,41.1,5.23,3.72,115.8,10,1157,1.88,25.03,4.89,51.8,24.8,False
2025-11-14T20:47:55.475814,Swing,L1,L1-M4,P-PP,B251114-457,OP-1,expert,20.0,ok,72.3,70.6,46.2,5.73,4.28,133.5,13,1735,1.23,17.38,5.06,59.98,28.2,False
2025-11-14T21:34:55.475814,Swing,L1,L1-M1,P-PP,B251114-962,OP-4,intermediate,22.9,ok,75.0,76.3,43.2,5.58,2.79,127.6,11,1403,2.28,35.8,2.49,56.66,24.8,False
2025-11-14T21:50:55.475814,Day,L3,L3-M5,P-PEEK,B251114-933,OP-3,novice,0.0,ok,72.4,72.8,56.7,5.27,3.21,133.7,9,1203,2.03,24.94,3.5,52.22,26.6,False
2025-11-14T21:58:55.475814,Swing,L4,L4-M4,P-PP,B251114-983,OP-4,intermediate,10.0,ok,73.3,73.7,39.6,5.48,2.82,113.8,10,1138,1.87,20.05,3.09,51.51,25.4,False
2025-11-14T22:15:55.475814,Swing,L4,L4-M6,P-NYLON,B251114-987,OP-4,intermediate,10.0,ok,74.1,72.7,54.7,5.76,3.44,127.9,8,1023,1.27,14.58,3.07,49.32,19.2,False
2025-11-14T22:18:55.475814,Night,L3,L3-M5,P-PP,B251114-846,OP-4,intermediate,18.3,ok,74.1,74.5,69.9,5.28,3.14,124.2,8,993,3.09,19.08,3.7,49.47,21.4,False
2025-11-14T23:03:55.475814,Day,L1,L1-M3,P-PP,B251114-631,OP-1,expert,11.8,ok,73.4,77.3,55.4,5.84,3.5,139.8,8,1118,2.0,14.26,2.73,52.45,23.7,False
2025-11-14T23:08:55.475814,Day,L4,L4-M3,P-ABS,B251114-426,OP-1,expert,15.7,ok,73.8,73.7,41.9,5.76,3.34,124.4,15,1865,0.83,16.16,3.04,63.15,30.2,False
2025-11-14T23:10:55.475814,Day,L4,L4-M4,P-NYLON,B251114-340,OP-4,intermediate,11.3,ok,75.5,79.8,32.8,5.57,3.77,123.3,10,1232,2.9,24.35,3.07,55.17,24.6,False
2025-11-14T23:14:55.475814,Swing,L2,L2-M5,P-NYLON,B251114-697,OP-2,intermediate,0.7,ok,73.2,72.5,40.6,5.35,2.12,115.2,9,1036,1.57,15.31,3.19,49.46,23.5,False
2025-11-14T23:25:55.475814,Night,L3,L3-M5,P-PEEK,B251114-461,OP-4,intermediate,13.2,ok,73.8,73.5,58.4,5.88,2.8,136.9,12,1642,2.31,32.39,2.29,59.49,24.4,False
2025-11-14T23:53:55.475814,Day,L4,L4-M5,P-ABS,B251114-831,OP-1,expert,3.3,ok,72.3,75.4,36.8,5.67,3.65,124.7,13,1620,1.11,14.07,1.39,59.81,26.8,False
2025-11-15T00:11:55.475814,Swing,L3,L3-M4,P-ABS,B251115-711,OP-3,novice,35.9,overdue,72.4,73.0,37.8,5.24,4.45,99.3,15,1489,2.99,46.35,8.79,56.88,26.8,False
2025-11-15T02:32:55.475814,Night,L3,L3-M3,P-ABS,B251115-954,OP-5,expert,0.0,ok,74.8,75.5,51.4,5.23,3.52,118.1,12,1416,1.27,14.44,6.15,56.58,24.6,False
2025-11-15T02:36:55.475814,Day,L4,L4-M4,P-ABS,B251115-701,OP-4,intermediate,27.9,due_soon,73.1,72.1,66.8,5.92,3.67,135.1,12,1620,2.39,37.34,5.08,58.66,25.0,False
2025-11-15T02:42:55.475814,Day,L1,L1-M1,P-NYLON,B251115-410,OP-2,intermediate,9.8,ok,74.0,75.8,45.2,4.81,3.04,137.7,11,1514,0.89,9.32,2.32,58.26,25.0,False
2025-11-15T03:04:55.475814,Swing,L1,L1-M3,P-PP,B251115-800,OP-2,intermediate,19.9,ok,75.5,76.2,51.0,5.7,2.87,112.3,8,898,1.74,10.72,3.5,48.56,23.1,False
2025-11-15T03:28:55.475814,Swing,L4,L4-M2,P-ABS,B251115-632,OP-5,expert,10.6,ok,74.8,73.1,51.2,5.67,3.35,127.6,13,1659,0.9,14.7,2.18,59.63,23.9,False
2025-11-15T04:45:55.475814,Day,L1,L1-M4,P-PP,B251115-684,OP-3,novice,7.8,ok,75.3,74.6,50.4,5.9,3.34,112.9,15,1692,1.47,29.71,3.81,60.71,26.2,False
2025-11-15T05:24:55.475814,Swing,L4,L4-M1,P-ABS,B251115-648,OP-3,novice,15.9,ok,76.0,81.9,59.0,5.54,2.67,112.3,10,1122,4.63,48.27,5.88,54.13,23.1,True
2025-11-15T07:14:55.475814,Swing,L1,L1-M5,P-ABS,B251115-880,OP-2,intermediate,19.9,ok,75.8,81.4,52.4,5.65,3.42,100.2,8,801,3.5,19.31,5.57,48.82,20.9,True
2025-11-15T08:38:55.475814,Swing,L1,L1-M5,P-PP,B251115-831,OP-2,intermediate,24.0,due_soon,74.4,73.2,49.9,5.36,3.06,131.1,9,1180,2.25,18.74,5.04,52.0,24.5,False
2025-11-15T08:39:55.475814,Swing,L3,L3-M1,P-ABS,B251115-766,OP-2,intermediate,35.7,overdue,72.8,73.0,42.5,5.96,5.21,118.1,9,1062,2.73,31.4,10.66,50.04,25.9,True
2025-11-15T09:53:55.475814,Night,L2,L2-M5,P-PEEK,B251115-396,OP-4,intermediate,8.1,ok,73.6,75.8,53.5,5.67,3.19,113.9,10,1139,2.33,26.05,3.58,52.27,24.2,False
2025-11-15T10:05:55.475814,Swing,L3,L3-M2,P-NYLON,B251115-586,OP-2,intermediate,9.5,ok,75.6,74.9,51.5,5.25,3.33,112.7,9,1013,2.08,19.98,3.96,49.96,20.7,False
2025-11-15T10:51:55.475814,Day,L2,L2-M1,P-NYLON,B251115-527,OP-3,novice,17.1,ok,72.7,73.6,47.1,5.35,2.89,115.6,9,1040,2.02,14.34,1.81,49.89,25.0,False
2025-11-15T12:04:55.475814,Day,L4,L4-M5,P-PP,B251115-939,OP-3,novice,15.0,ok,75.4,79.1,46.9,5.65,2.32,99.0,8,792,3.39,21.74,4.31,47.86,24.9,False
2025-11-15T12:28:55.475814,Night,L4,L4-M6,P-ABS,B251115-452,OP-1,expert,16.8,ok,73.3,72.9,53.8,5.35,3.64,108.9,12,1306,1.36,12.96,5.27,53.94,18.7,False
2025-11-15T12:45:55.475814,Day,L4,L4-M2,P-NYLON,B251115-186,OP-5,expert,34.1,overdue,73.4,73.6,34.8,5.49,4.99,96.9,14,1356,2.17,21.45,9.86,54.96,28.2,False
2025-11-15T13:05:55.475814,Swing,L1,L1-M5,P-NYLON,B251115-933,OP-2,intermediate,21.9,ok,75.3,74.8,41.4,5.57,2.53,110.1,11,1210,1.69,16.43,3.64,53.06,21.3,False
2025-11-15T13:22:55.475814,Night,L2,L2-M6,P-PEEK,B251115-672,OP-2,intermediate,19.5,ok,74.9,75.9,43.3,5.56,2.62,144.3,14,2019,2.17,38.02,5.99,66.39,26.5,False
2025-11-15T13:24:55.475814,Swing,L2,L2-M1,P-PEEK,B251115-314,OP-5,expert,8.6,ok,73.3,71.8,36.5,5.17,3.64,109.0,15,1634,0.76,11.78,3.9,58.8,23.2,False
2025-11-15T13:54:55.475814,Night,L3,L3-M4,P-PEEK,B251115-367,OP-2,intermediate,4.1,ok,73.3,76.5,57.7,6.05,2.74,137.6,12,1651,3.0,36.16,4.68,60.71,21.0,False
2025-11-15T14:41:55.475814,Day,L1,L1-M3,P-NYLON,B251115-605,OP-3,novice,22.7,ok,73.9,71.5,42.8,5.45,2.53,106.8,15,1601,1.63,19.69,2.96,58.15,27.8,False
2025-11-15T14:50:55.475814,Swing,L2,L2-M4,P-PP,B251115-203,OP-1,expert,11.7,ok,75.5,80.5,49.6,5.48,3.95,136.6,13,1775,3.06,56.01,6.68,64.09,22.3,True
2025-11-15T14:50:55.475814,Night,L3,L3-M4,P-ABS,B251115-415,OP-2,intermediate,12.8,ok,75.7,77.4,59.9,5.5,3.31,117.8,13,1532,2.81,40.68,6.38,59.11,21.6,False
2025-11-15T15:14:55.475814,Night,L4,L4-M1,P-NYLON,B251115-509,OP-3,novice,34.7,overdue,72.0,69.5,48.7,5.0,4.91,105.8,12,1269,3.37,37.76,11.11,52.13,22.6,False
2025-11-15T16:01:55.475814,Day,L1,L1-M5,P-ABS,B251115-891,OP-3,novice,6.0,ok,74.7,73.1,55.9,5.52,3.39,117.6,8,940,2.42,21.59,4.24,48.12,23.9,False
2025-11-15T16:26:55.475814,Swing,L1,L1-M1,P-PEEK,B251115-718,OP-3,novice,37.6,overdue,73.0,72.6,59.3,5.48,5.1,109.3,9,983,3.21,34.01,9.86,48.66,24.9,False
2025-11-15T17:22:55.475814,Swing,L3,L3-M4,P-ABS,B251115-455,OP-2,intermediate,17.1,ok,73.5,76.8,35.5,5.64,3.09,142.9,14,2000,2.11,35.77,4.65,66.39,28.1,False
2025-11-15T17:27:55.475814,Swing,L3,L3-M5,P-PP,B251115-334,OP-4,intermediate,38.5,overdue,74.7,78.3,55.8,5.91,4.76,99.5,8,795,4.0,26.25,7.24,47.64,25.6,False
2025-11-15T17:47:55.475814,Night,L2,L2-M6,P-PP,B251115-292,OP-5,expert,19.3,ok,74.4,72.8,36.1,5.48,2.67,128.1,14,1793,1.08,17.26,5.6,61.68,20.3,False
2025-11-15T17:55:55.475814,Swing,L2,L2-M2,P-PEEK,B251115-888,OP-5,expert,15.3,ok,76.0,78.5,46.2,5.58,2.48,104.0,8,832,2.02,16.02,2.73,48.3,28.0,False
2025-11-15T18:23:55.475814,Day,L2,L2-M4,P-ABS,B251115-657,OP-3,novice,30.7,overdue,73.9,74.8,49.1,5.28,4.98,100.4,12,1204,2.8,32.13,9.62,52.97,28.2,False
2025-11-15T20:04:55.475814,Day,L4,L4-M1,P-NYLON,B251115-811,OP-4,intermediate,10.2,ok,73.4,74.1,54.3,5.38,3.17,133.9,9,1204,1.22,13.95,3.15,52.72,25.9,False
2025-11-15T20:20:55.475814,Swing,L1,L1-M4,P-NYLON,B251115-845,OP-4,intermediate,24.6,due_soon,74.5,73.4,54.9,5.2,3.64,123.1,10,1230,1.75,13.32,5.0,52.89,26.4,False
2025-11-15T20:58:55.475814,Swing,L4,L4-M5,P-NYLON,B251115-108,OP-2,intermediate,22.6,ok,74.4,75.0,42.8,5.04,2.44,128.1,13,1665,1.45,16.51,2.0,60.39,28.1,False
2025-11-15T21:23:55.475814,Day,L3,L3-M3,P-NYLON,B251115-679,OP-1,expert,16.9,ok,74.7,74.1,47.7,5.86,2.74,132.6,11,1458,0.74,8.85,3.81,56.77,26.1,False
2025-11-15T21:46:55.475814,Night,L2,L2-M2,P-PP,B251115-747,OP-2,intermediate,21.3,ok,73.5,75.5,46.5,5.77,3.9,133.4,12,1600,2.68,28.27,4.18,59.54,25.3,False
2025-11-15T22:29:55.475814,Night,L3,L3-M5,P-NYLON,B251115-932,OP-3,novice,37.3,overdue,75.1,74.6,40.3,5.33,5.02,103.5,10,1034,3.64,41.47,11.41,50.16,24.8,False
2025-11-15T22:55:55.475814,Day,L4,L4-M1,P-PEEK,B251115-932,OP-3,novice,4.8,ok,74.5,75.1,62.6,5.91,2.93,112.9,12,1355,2.16,22.22,3.35,55.46,32.0,False
2025-11-15T23:29:55.475814,Swing,L3,L3-M1,P-ABS,B251115-197,OP-1,expert,23.0,ok,73.7,79.8,50.5,5.47,2.66,128.4,8,1027,2.66,24.85,6.18,51.86,19.5,False
2025-11-15T23:32:55.475814,Night,L2,L2-M3,P-NYLON,B251115-257,OP-4,intermediate,13.0,ok,74.0,75.4,47.8,5.46,2.81,111.1,14,1554,1.99,30.01,4.47,58.75,19.7,False
2025-11-16T00:11:55.475814,Day,L1,L1-M6,P-PP,B251116-825,OP-2,intermediate,23.2,due_soon,76.0,76.0,38.3,5.71,3.32,111.6,15,1674,1.63,24.81,3.61,60.9,28.2,False
2025-11-16T00:31:55.475814,Day,L2,L2-M1,P-ABS,B251116-172,OP-1,expert,19.2,ok,73.6,75.1,61.7,5.19,3.99,140.0,13,1820,1.49,32.21,1.83,62.91,27.8,False
2025-11-16T00:38:55.475814,Swing,L4,L4-M4,P-ABS,B251116-259,OP-4,intermediate,11.1,ok,75.9,75.7,36.5,5.1,2.82,105.5,10,1054,1.92,24.16,3.23,50.88,23.6,False
2025-11-16T01:27:55.475814,Night,L1,L1-M3,P-PEEK,B251116-987,OP-5,expert,26.7,due_soon,74.0,71.4,68.1,5.43,3.01,118.2,8,945,2.99,20.62,5.45,47.62,22.8,False
2025-11-16T01:44:55.475814,Day,L2,L2-M1,P-ABS,B251116-551,OP-1,expert,2.0,ok,74.3,74.2,35.8,5.27,2.28,149.1,13,1938,0.91,19.64,3.83,64.49,32.0,False
2025-11-16T02:04:55.475814,Day,L1,L1-M4,P-PP,B251116-380,OP-2,intermediate,2.6,ok,73.9,73.7,49.4,5.51,2.83,130.8,14,1831,1.67,26.53,2.94,62.59,28.3,False
2025-11-16T04:08:55.475814,Day,L2,L2-M2,P-ABS,B251116-724,OP-3,novice,19.8,ok,75.9,76.8,44.6,5.64,3.08,112.7,11,1239,2.61,21.73,4.07,54.23,27.0,False
2025-11-16T04:21:55.475814,Day,L4,L4-M3,P-NYLON,B251116-439,OP-4,intermediate,9.2,ok,72.1,71.1,35.8,5.59,3.03,130.7,12,1568,1.17,12.18,2.3,57.49,26.7,False
2025-11-16T04:33:55.475814,Day,L2,L2-M5,P-ABS,B251116-819,OP-5,expert,12.2,ok,75.5,76.9,47.2,6.05,3.73,119.1,13,1547,1.67,22.96,4.61,59.17,27.1,False
2025-11-16T04:49:55.475814,Swing,L1,L1-M5,P-PP,B251116-655,OP-5,expert,16.8,ok,72.1,72.8,63.9,5.39,2.9,135.3,12,1623,1.27,12.38,3.91,58.96,22.6,False
2025-11-16T05:09:55.475814,Swing,L1,L1-M4,P-PEEK,B251116-797,OP-2,intermediate,16.2,ok,74.6,74.0,43.5,5.36,2.94,121.1,15,1816,1.49,24.24,5.04,62.47,24.6,False
2025-11-16T05:49:55.475814,Swing,L1,L1-M1,P-NYLON,B251116-699,OP-4,intermediate,23.1,due_soon,72.6,74.0,50.4,5.36,3.53,139.2,9,1252,1.62,22.09,4.89,53.43,24.9,False
2025-11-16T06:06:55.475814,Day,L4,L4-M6,P-ABS,B251116-144,OP-3,novice,24.9,due_soon,74.8,75.1,47.6,5.67,3.42,109.8,11,1207,2.59,37.37,5.76,53.1,29.5,False
2025-11-16T06:07:55.475814,Day,L3,L3-M5,P-ABS,B251116-346,OP-4,intermediate,10.3,ok,73.4,72.4,40.0,5.37,2.38,111.2,15,1668,1.12,21.39,2.77,59.53,24.0,False
2025-11-16T06:30:55.475814,Day,L1,L1-M1,P-PP,B251116-940,OP-1,expert,0.0,ok,72.7,74.6,53.2,5.21,2.67,119.7,10,1197,0.86,6.35,3.62,52.76,22.6,False
2025-11-16T07:00:55.475814,Swing,L4,L4-M2,P-ABS,B251116-937,OP-3,novice,7.7,ok,74.3,80.3,40.6,5.77,3.31,111.1,12,1332,3.71,54.12,5.48,56.91,23.8,True
2025-11-16T07:20:55.475814,Day,L2,L2-M4,P-ABS,B251116-587,OP-5,expert,32.2,overdue,73.3,77.6,51.4,4.98,5.09,152.9,14,2140,2.28,53.98,9.89,68.91,25.7,False
2025-11-16T07:27:55.475814,Night,L3,L3-M6,P-NYLON,B251116-833,OP-1,expert,32.2,overdue,72.3,76.6,42.9,5.45,4.45,107.4,10,1073,2.74,26.69,9.55,51.48,19.8,False
2025-11-16T07:46:55.475814,Swing,L4,L4-M1,P-NYLON,B251116-342,OP-2,intermediate,25.0,due_soon,74.6,75.6,41.0,5.48,2.95,89.6,10,896,2.02,14.87,4.38,48.3,25.4,False
2025-11-16T07:54:55.475814,Swing,L2,L2-M5,P-ABS,B251116-220,OP-4,intermediate,8.4,ok,74.3,79.4,47.2,5.44,3.09,122.1,8,976,3.18,31.25,2.94,50.91,22.8,False
2025-11-16T08:01:55.475814,Night,L2,L2-M5,P-ABS,B251116-180,OP-4,intermediate,16.1,ok,75.4,77.0,61.6,5.3,4.2,136.0,8,1088,3.29,23.05,5.6,51.88,26.3,False
2025-11-16T08:20:55.475814,Swing,L4,L4-M4,P-PP,B251116-675,OP-2,intermediate,28.9,due_soon,75.0,73.1,38.4,5.47,3.42,116.9,10,1168,1.65,21.99,4.57,51.79,27.2,False
2025-11-16T08:40:55.475814,Swing,L1,L1-M3,P-PP,B251116-850,OP-4,intermediate,21.5,ok,74.5,72.1,55.8,5.08,4.22,123.5,11,1357,1.52,22.79,3.69,54.47,27.8,False
2025-11-16T08:57:55.475814,Day,L1,L1-M6,P-ABS,B251116-345,OP-2,intermediate,8.0,ok,73.4,77.4,35.1,4.9,3.48,119.9,8,958,2.17,20.86,2.85,49.92,27.9,False
2025-11-16T10:09:55.475814,Day,L4,L4-M3,P-PEEK,B251116-365,OP-4,intermediate,14.3,ok,75.5,77.9,42.6,5.68,3.77,105.6,11,1161,2.1,26.08,4.36,53.35,29.4,False
2025-11-16T10:34:55.475814,Day,L1,L1-M2,P-PEEK,B251116-920,OP-2,intermediate,38.5,overdue,75.3,81.6,51.0,5.27,5.31,102.4,8,818,4.61,26.84,12.01,49.15,25.5,True
2025-11-16T10:41:55.475814,Day,L1,L1-M3,P-PP,B251116-860,OP-4,intermediate,34.9,overdue,72.5,71.4,55.4,5.7,4.57,104.5,14,1462,2.36,22.43,9.64,55.88,25.0,False
2025-11-16T10:56:55.475814,Day,L4,L4-M3,P-ABS,B251116-915,OP-2,intermediate,0.0,ok,73.0,72.1,44.4,5.11,2.23,143.4,8,1146,1.27,10.48,3.82,51.09,29.3,False
2025-11-16T10:58:55.475814,Day,L2,L2-M3,P-PP,B251116-664,OP-2,intermediate,34.3,overdue,74.4,73.0,48.6,5.53,4.26,108.9,12,1306,1.85,16.63,7.21,53.94,25.8,False
2025-11-16T11:02:55.475814,Day,L2,L2-M4,P-NYLON,B251116-631,OP-5,expert,24.3,due_soon,72.6,72.7,47.5,5.64,3.26,112.9,13,1468,1.37,13.85,6.28,56.43,23.9,False
2025-11-16T11:10:55.475814,Day,L4,L4-M4,P-NYLON,B251116-608,OP-2,intermediate,18.7,ok,74.9,76.1,43.1,5.44,3.3,108.2,12,1298,1.8,17.33,2.72,54.9,30.9,False
2025-11-16T11:59:55.475814,Day,L3,L3-M1,P-PP,B251116-851,OP-5,expert,4.1,ok,75.8,77.5,55.0,5.77,2.84,125.6,9,1130,1.89,15.06,3.3,52.69,29.3,False
2025-11-16T12:53:55.475814,Day,L2,L2-M2,P-NYLON,B251116-368,OP-1,expert,17.2,ok,73.4,72.3,37.9,5.43,3.67,111.7,10,1117,0.3,2.05,6.22,50.68,24.6,False
2025-11-16T13:02:55.475814,Day,L4,L4-M2,P-NYLON,B251116-296,OP-3,novice,22.7,ok,75.2,75.2,41.9,5.8,3.17,118.9,13,1545,2.03,25.2,4.59,58.54,26.2,False
2025-11-16T13:51:55.475814,Day,L1,L1-M1,P-PEEK,B251116-435,OP-3,novice,21.3,ok,75.0,79.4,38.9,5.36,3.08,115.3,15,1729,3.47,69.18,3.42,62.98,22.4,False
2025-11-16T13:58:55.475814,Swing,L4,L4-M1,P-ABS,B251116-189,OP-2,intermediate,10.1,ok,74.3,74.6,40.7,6.01,3.93,124.3,15,1865,1.39,15.54,3.45,63.47,26.8,False
2025-11-16T14:18:55.475814,Day,L2,L2-M3,P-PEEK,B251116-321,OP-5,expert,3.7,ok,72.9,72.1,47.0,5.16,3.84,128.2,13,1666,0.7,8.36,5.23,59.4,26.2,False
2025-11-16T14:57:55.475814,Night,L3,L3-M1,P-PEEK,B251116-410,OP-5,expert,33.5,overdue,73.0,74.3,61.0,5.57,4.69,132.7,14,1857,2.8,58.81,10.02,63.21,24.0,False
2025-11-16T15:12:55.475814,Swing,L3,L3-M5,P-PP,B251116-765,OP-4,intermediate,15.7,ok,74.2,75.3,53.3,5.07,3.36,122.5,9,1102,1.58,17.59,3.56,51.5,25.1,False
2025-11-16T16:04:55.475814,Swing,L1,L1-M1,P-NYLON,B251116-277,OP-2,intermediate,0.6,ok,73.3,71.6,57.5,5.88,3.08,118.8,15,1782,1.54,22.97,4.31,61.08,23.9,False
2025-11-16T16:24:55.475814,Day,L3,L3-M5,P-PEEK,B251116-504,OP-2,intermediate,21.3,ok,75.5,75.5,48.2,5.24,3.05,120.2,9,1081,1.19,15.2,3.31,51.24,24.6,False
2025-11-16T17:17:55.475814,Day,L3,L3-M6,P-PEEK,B251116-956,OP-5,expert,24.3,due_soon,74.8,72.8,48.2,5.05,3.35,132.9,14,1861,1.32,24.67,5.08,62.77,26.2,False
2025-11-16T17:36:55.475814,Swing,L2,L2-M1,P-NYLON,B251116-806,OP-4,intermediate,28.8,due_soon,74.8,78.0,45.0,5.4,3.98,124.5,12,1493,2.59,37.36,5.66,58.71,21.4,False
2025-11-16T17:56:55.475814,Swing,L3,L3-M2,P-PP,B251116-545,OP-5,expert,15.8,ok,72.7,74.1,44.4,5.42,3.06,147.2,10,1471,1.28,19.14,3.32,56.97,22.1,False
2025-11-16T18:57:55.475814,Day,L3,L3-M3,P-ABS,B251116-664,OP-3,novice,23.4,due_soon,73.9,73.2,47.2,5.6,3.96,108.0,15,1620,2.34,24.52,5.12,59.05,26.9,False
2025-11-16T19:10:55.475814,Day,L3,L3-M5,P-NYLON,B251116-463,OP-5,expert,29.7,due_soon,74.4,73.9,41.3,5.74,3.21,115.2,10,1151,1.04,8.64,4.24,51.79,24.8,False
2025-11-16T19:27:55.475814,Day,L3,L3-M4,P-ABS,B251116-783,OP-2,intermediate,23.4,due_soon,73.9,72.2,53.3,5.27,3.4,118.6,10,1185,1.7,19.0,5.7,51.72,23.8,False
2025-11-16T19:45:55.475814,Swing,L4,L4-M5,P-PP,B251116-309,OP-4,intermediate,0.0,ok,74.9,74.0,49.1,4.96,3.58,129.4,15,1940,1.64,36.56,3.71,64.46,22.8,False
2025-11-16T19:48:55.475814,Swing,L3,L3-M1,P-ABS,B251116-448,OP-2,intermediate,30.5,overdue,72.8,73.2,42.7,5.04,5.15,117.9,15,1768,2.73,31.21,11.1,61.43,23.4,False
2025-11-16T20:30:55.475814,Night,L1,L1-M4,P-NYLON,B251116-146,OP-5,expert,17.1,ok,73.9,73.8,43.5,5.74,4.15,140.4,15,2105,1.11,25.81,5.06,67.03,23.8,False
2025-11-16T20:32:55.475814,Swing,L4,L4-M4,P-NYLON,B251116-308,OP-3,novice,13.5,ok,75.9,75.9,49.2,6.14,3.48,126.4,14,1769,2.47,26.93,2.67,62.39,23.6,False
2025-11-16T20:45:55.475814,Swing,L2,L2-M5,P-PEEK,B251116-473,OP-4,intermediate,27.6,due_soon,75.4,80.8,53.3,5.19,3.55,104.8,10,1047,3.63,34.2,8.3,52.55,26.4,True
2025-11-16T21:16:55.475814,Night,L1,L1-M1,P-ABS,B251116-944,OP-5,expert,6.8,ok,75.4,75.7,58.1,5.57,2.91,141.8,10,1417,1.92,22.68,4.21,56.68,28.3,False
2025-11-16T21:36:55.475814,Swing,L3,L3-M3,P-PEEK,B251116-286,OP-1,expert,11.1,ok,74.8,80.0,55.5,5.63,3.89,142.8,12,1713,2.7,36.88,3.07,62.91,23.0,False
2025-11-16T22:48:55.475814,Day,L4,L4-M6,P-NYLON,B251116-750,OP-3,novice,5.2,ok,72.3,71.3,39.0,5.52,3.85,100.7,8,805,1.69,16.09,1.06,45.34,25.1,False
2025-11-16T23:06:55.475814,Day,L2,L2-M3,P-PP,B251116-963,OP-5,expert,16.8,ok,75.7,76.4,58.2,5.57,4.47,118.9,10,1189,1.16,9.13,1.9,53.25,25.9,False
2025-11-16T23:09:55.475814,Day,L2,L2-M3,P-PP,B251116-987,OP-5,expert,21.2,ok,75.4,77.9,64.1,5.65,3.29,123.4,14,1726,2.62,52.36,2.89,62.41,29.0,False
2025-11-17T00:37:55.475814,Day,L4,L4-M6,P-NYLON,B251117-272,OP-2,intermediate,26.6,due_soon,75.7,74.6,66.7,5.59,3.93,97.2,12,1166,2.52,19.23,3.63,52.26,24.6,False
2025-11-17T00:40:55.475814,Day,L4,L4-M1,P-PEEK,B251117-465,OP-4,intermediate,31.2,overdue,74.7,74.3,29.4,5.48,4.85,121.9,14,1706,2.09,22.75,9.89,60.8,25.2,False
2025-11-17T01:49:55.475814,Night,L2,L2-M5,P-PP,B251117-352,OP-3,novice,30.7,overdue,73.5,72.6,65.9,4.82,3.75,111.5,8,892,3.89,25.99,9.33,47.18,23.3,False
2025-11-17T02:04:55.475814,Swing,L4,L4-M5,P-PP,B251117-653,OP-2,intermediate,16.7,ok,72.4,72.9,48.5,5.29,3.09,101.3,9,911,1.42,14.36,5.99,47.59,27.8,False
2025-11-17T02:36:55.475814,Swing,L1,L1-M2,P-PP,B251117-978,OP-2,intermediate,19.4,ok,73.5,71.0,44.7,5.22,2.54,112.0,9,1007,1.63,11.64,5.53,48.46,20.1,False
2025-11-17T03:28:55.475814,Swing,L4,L4-M3,P-PEEK,B251117-856,OP-5,expert,19.5,ok,73.4,74.1,38.7,5.5,3.86,120.8,8,966,0.91,9.5,4.78,48.89,25.1,False
2025-11-17T04:14:55.475814,Day,L1,L1-M5,P-PEEK,B251117-758,OP-3,novice,21.4,ok,74.7,75.3,31.5,6.17,3.38,124.3,8,994,2.01,18.11,3.24,49.76,30.0,False
2025-11-17T05:29:55.475814,Day,L2,L2-M4,P-NYLON,B251117-900,OP-4,intermediate,31.1,overdue,75.8,75.1,42.5,4.97,4.41,109.1,10,1090,1.79,19.25,9.43,51.23,24.7,False
2025-11-17T05:57:55.475814,Day,L3,L3-M6,P-NYLON,B251117-402,OP-2,intermediate,8.7,ok,74.0,78.7,42.2,5.46,3.27,134.4,11,1477,2.58,45.25,3.25,58.7,31.0,False
2025-11-17T06:48:55.475814,Swing,L4,L4-M2,P-NYLON,B251117-691,OP-4,intermediate,6.4,ok,75.5,76.1,30.8,5.55,2.92,108.5,12,1301,1.98,27.24,3.25,54.95,26.0,False
2025-11-17T07:42:55.475814,Day,L2,L2-M1,P-PEEK,B251117-496,OP-3,novice,39.0,overdue,73.4,78.6,40.9,5.68,4.87,134.1,13,1742,4.29,84.87,8.87,62.88,28.5,False
2025-11-17T07:42:55.475814,Swing,L3,L3-M2,P-NYLON,B251117-418,OP-5,expert,27.8,due_soon,75.5,81.6,40.1,5.42,3.62,117.5,14,1644,3.09,41.35,8.1,62.36,25.3,True
2025-11-17T08:05:55.475814,Swing,L2,L2-M3,P-NYLON,B251117-188,OP-1,expert,5.6,ok,73.0,72.4,46.3,5.14,2.69,99.4,14,1391,1.36,16.29,4.14,55.09,25.0,False
2025-11-17T08:35:55.475814,Swing,L3,L3-M2,P-ABS,B251117-705,OP-4,intermediate,0.0,ok,75.7,75.8,59.6,5.23,3.18,122.5,11,1347,1.87,21.78,3.84,55.59,25.0,False
2025-11-17T09:34:55.475814,Day,L2,L2-M5,P-ABS,B251117-858,OP-1,expert,6.8,ok,74.9,74.8,47.4,5.38,3.92,119.9,13,1558,0.62,6.8,4.62,58.64,26.8,False
2025-11-17T09:45:55.475814,Swing,L2,L2-M4,P-PP,B251117-741,OP-1,expert,4.4,ok,74.9,74.6,58.9,5.1,3.14,131.9,14,1847,1.38,18.86,2.25,63.17,22.7,False
2025-11-17T11:03:55.475814,Night,L4,L4-M4,P-PP,B251117-288,OP-1,expert,19.1,ok,72.1,72.9,57.8,5.1,3.32,133.2,8,1065,1.5,11.18,4.88,50.06,26.6,False
2025-11-17T11:30:55.475814,Swing,L3,L3-M5,P-ABS,B251117-387,OP-5,expert,18.0,ok,75.1,73.5,55.1,4.92,3.15,130.2,11,1432,1.24,19.16,5.96,56.13,27.0,False
2025-11-17T11:43:55.475814,Day,L2,L2-M2,P-PP,B251117-348,OP-2,intermediate,18.7,ok,76.0,74.8,50.0,5.19,3.05,124.9,10,1248,0.99,14.37,3.07,53.66,25.4,False
2025-11-17T12:57:55.475814,Day,L4,L4-M3,P-ABS,B251117-488,OP-5,expert,2.1,ok,75.3,74.3,54.1,5.38,3.36,122.9,12,1475,0.89,9.92,1.14,57.1,29.5,False
2025-11-17T13:15:55.475814,Day,L2,L2-M4,P-ABS,B251117-266,OP-5,expert,13.5,ok,73.8,73.6,44.4,5.35,3.07,110.2,9,991,0.93,8.32,3.31,49.13,26.8,False
2025-11-17T14:13:55.475814,Day,L4,L4-M1,P-PP,B251117-171,OP-3,novice,15.4,ok,72.5,77.9,60.9,6.05,2.86,108.1,13,1405,3.06,45.02,2.26,57.26,27.9,False
2025-11-17T14:57:55.475814,Day,L4,L4-M4,P-PP,B251117-865,OP-2,intermediate,3.5,ok,75.4,74.1,53.1,5.59,3.08,120.8,9,1086,1.9,13.87,2.85,50.83,26.2,False
2025-11-17T14:59:55.475814,Day,L1,L1-M1,P-ABS,B251117-508,OP-4,intermediate,0.1,ok,72.5,78.2,44.1,5.99,2.31,137.4,9,1236,2.64,33.12,1.99,54.66,32.0,False
2025-11-17T15:30:55.475814,Day,L1,L1-M4,P-ABS,B251117-577,OP-2,intermediate,11.4,ok,74.1,73.5,41.6,5.36,3.53,110.1,13,1431,1.2,17.1,2.27,56.13,24.5,False
2025-11-17T15:58:55.475814,Swing,L3,L3-M4,P-PEEK,B251117-500,OP-1,expert,19.9,ok,75.0,74.7,48.6,5.7,2.86,130.9,15,1963,1.32,26.9,2.91,65.06,23.0,False
2025-11-17T16:06:55.475814,Swing,L2,L2-M3,P-ABS,B251117-548,OP-2,intermediate,34.5,overdue,74.9,74.6,56.8,5.6,4.36,138.8,15,2081,2.59,56.29,10.3,66.91,26.0,False
2025-11-17T16:40:55.475814,Swing,L1,L1-M4,P-ABS,B251117-752,OP-1,expert,15.5,ok,72.8,77.5,47.7,5.44,3.24,115.4,11,1269,2.13,22.91,5.47,54.94,24.9,False
2025-11-17T16:56:55.475814,Swing,L4,L4-M5,P-PP,B251117-369,OP-3,novice,11.2,ok,75.1,74.6,38.5,5.48,3.53,113.1,9,1017,2.5,27.14,4.54,49.91,28.0,False
2025-11-17T18:05:55.475814,Day,L1,L1-M4,P-NYLON,B251117-596,OP-2,intermediate,6.9,ok,75.9,82.0,52.3,5.13,3.1,113.4,9,1020,4.15,39.83,5.42,52.53,28.4,True
2025-11-17T20:06:55.475814,Day,L1,L1-M3,P-NYLON,B251117-849,OP-2,intermediate,31.5,overdue,75.9,76.0,51.4,5.38,3.67,112.9,9,1016,2.23,15.08,5.91,50.35,28.7,False
2025-11-17T21:51:55.475814,Swing,L3,L3-M3,P-NYLON,B251117-273,OP-4,intermediate,12.6,ok,73.0,71.8,49.6,5.9,2.91,96.2,15,1443,1.35,15.06,3.58,55.71,19.9,False
2025-11-17T22:47:55.475814,Day,L3,L3-M3,P-ABS,B251117-294,OP-3,novice,29.2,due_soon,74.5,73.7,54.5,5.77,4.27,106.3,12,1275,2.26,21.93,6.77,53.68,26.9,False
2025-11-17T22:50:55.475814,Day,L4,L4-M4,P-PEEK,B251117-410,OP-5,expert,5.0,ok,75.7,77.5,41.9,5.02,2.81,122.3,11,1345,1.48,17.66,5.37,56.16,27.1,False
2025-11-17T23:53:55.475814,Day,L4,L4-M6,P-NYLON,B251117-809,OP-2,intermediate,21.3,ok,72.9,70.8,36.3,5.8,3.26,115.2,9,1036,1.42,15.36,2.33,48.87,29.7,False
2025-11-18T01:02:55.475814,Swing,L2,L2-M6,P-ABS,B251118-845,OP-3,novice,26.2,due_soon,72.5,72.4,44.0,5.88,3.66,87.0,11,957,2.26,13.26,6.21,48.14,24.7,False
2025-11-18T01:45:55.475814,Night,L1,L1-M6,P-ABS,B251118-671,OP-2,intermediate,23.3,due_soon,73.5,77.2,42.4,5.89,3.15,113.0,11,1243,2.85,38.14,4.78,54.41,22.8,False
2025-11-18T01:54:55.475814,Swing,L2,L2-M5,P-NYLON,B251118-659,OP-5,expert,20.7,ok,73.5,75.3,48.3,5.28,3.66,100.7,8,805,1.22,11.03,4.13,46.74,20.5,False
2025-11-18T04:23:55.475814,Swing,L2,L2-M3,P-NYLON,B251118-647,OP-3,novice,11.8,ok,72.3,71.0,44.3,5.66,3.23,124.6,8,996,2.13,22.06,4.31,48.29,27.1,False
2025-11-18T04:40:55.475814,Swing,L1,L1-M1,P-PEEK,B251118-207,OP-3,novice,6.2,ok,74.1,76.7,54.2,5.71,3.67,108.9,12,1306,3.31,36.6,3.59,55.25,29.3,False
2025-11-18T04:49:55.475814,Swing,L3,L3-M1,P-NYLON,B251118-826,OP-2,intermediate,28.3,due_soon,75.0,74.8,47.3,5.27,3.55,127.5,12,1529,1.84,28.81,6.19,58.16,22.8,False
2025-11-18T05:26:55.475814,Day,L1,L1-M3,P-ABS,B251118-125,OP-3,novice,18.1,ok,74.6,78.3,50.1,5.91,3.36,93.6,8,748,2.92,19.18,2.36,46.9,27.3,False
2025-11-18T06:10:55.475814,Day,L4,L4-M4,P-ABS,B251118-675,OP-1,expert,0.0,ok,74.8,80.5,44.3,5.99,4.12,130.3,12,1564,3.38,38.36,4.42,60.72,27.3,True
2025-11-18T06:19:55.475814,Night,L2,L2-M3,P-ABS,B251118-872,OP-2,intermediate,9.9,ok,73.1,73.2,34.3,5.36,2.88,126.5,13,1644,2.12,29.77,6.31,59.43,22.5,False
2025-11-18T06:26:55.475814,Swing,L1,L1-M4,P-NYLON,B251118-650,OP-1,expert,19.4,ok,72.9,73.8,57.7,5.67,2.87,123.1,14,1723,1.43,15.31,6.62,60.91,23.4,False
2025-11-18T06:38:55.475814,Swing,L2,L2-M1,P-PP,B251118-728,OP-3,novice,42.1,overdue,73.8,78.7,48.9,5.03,4.97,110.2,8,881,4.79,32.79,10.55,49.16,24.8,False
2025-11-18T07:14:55.475814,Swing,L2,L2-M1,P-NYLON,B251118-128,OP-1,expert,20.4,ok,75.2,74.4,31.8,5.52,3.32,104.9,10,1048,1.22,9.08,3.8,50.34,28.2,False
2025-11-18T07:38:55.475814,Swing,L4,L4-M3,P-ABS,B251118-759,OP-1,expert,11.3,ok,72.6,73.5,49.2,5.38,3.78,133.3,15,1999,0.35,7.27,2.24,65.21,26.7,False
2025-11-18T07:45:55.475814,Day,L1,L1-M6,P-PEEK,B251118-231,OP-1,expert,15.8,ok,72.9,74.3,28.0,5.61,3.75,149.1,11,1640,0.82,14.95,3.82,59.74,24.6,False
2025-11-18T08:22:55.475814,Day,L4,L4-M2,P-PP,B251118-484,OP-5,expert,22.1,ok,72.1,73.6,46.6,5.78,3.95,129.2,13,1679,0.75,11.33,3.65,60.15,27.6,False
2025-11-18T08:29:55.475814,Day,L1,L1-M6,P-ABS,B251118-596,OP-1,expert,48.2,overdue,75.1,72.9,44.3,5.71,5.7,113.8,15,1707,2.53,29.0,10.0,60.35,23.3,True
2025-11-18T08:38:55.475814,Day,L4,L4-M2,P-NYLON,B251118-735,OP-5,expert,15.0,ok,72.5,77.7,49.9,5.3,2.81,144.9,13,1883,1.69,36.22,4.67,64.85,28.7,False
2025-11-18T09:04:55.475814,Day,L3,L3-M1,P-PEEK,B251118-507,OP-4,intermediate,12.2,ok,73.5,72.9,46.6,5.29,3.37,118.6,15,1779,1.08,20.2,5.0,61.5,21.9,False
2025-11-18T09:20:55.475814,Swing,L1,L1-M4,P-PP,B251118-672,OP-5,expert,17.9,ok,75.6,73.7,46.2,5.66,2.68,124.8,11,1373,0.94,10.55,4.15,55.27,21.1,False
2025-11-18T09:25:55.475814,Day,L3,L3-M4,P-PEEK,B251118-613,OP-4,intermediate,13.8,ok,74.2,72.3,39.7,5.39,4.47,131.5,12,1577,1.46,21.32,5.82,58.04,25.4,False
2025-11-18T10:00:55.475814,Day,L4,L4-M1,P-ABS,B251118-453,OP-1,expert,31.9,overdue,73.1,73.6,54.7,5.0,4.73,108.6,9,977,1.82,12.84,9.39,48.89,29.3,False
2025-11-18T10:29:55.475814,Swing,L1,L1-M3,P-PP,B251118-557,OP-5,expert,18.7,ok,74.1,76.4,45.9,4.66,3.58,133.3,15,1999,1.12,15.32,3.69,66.24,18.2,False
2025-11-18T10:32:55.475814,Day,L2,L2-M2,P-NYLON,B251118-974,OP-3,novice,21.1,ok,72.2,72.4,40.5,5.31,3.52,120.1,12,1440,1.97,28.18,2.91,55.91,23.0,False
2025-11-18T11:29:55.475814,Swing,L4,L4-M6,P-NYLON,B251118-298,OP-2,intermediate,23.4,due_soon,75.1,75.0,49.3,5.47,3.58,103.9,12,1246,1.62,20.78,5.27,53.68,18.0,False
2025-11-18T11:50:55.475814,Swing,L2,L2-M5,P-PP,B251118-746,OP-3,novice,32.2,overdue,72.3,70.5,47.0,5.59,4.52,116.9,13,1520,2.97,43.7,10.77,56.49,25.7,False
2025-11-18T12:10:55.475814,Day,L2,L2-M6,P-ABS,B251118-694,OP-1,expert,9.5,ok,75.0,74.3,44.0,5.71,2.99,131.5,11,1446,1.1,19.1,1.57,56.65,26.0,False
2025-11-18T12:42:55.475814,Night,L2,L2-M6,P-ABS,B251118-679,OP-2,intermediate,15.8,ok,75.8,80.0,45.4,5.86,2.73,103.1,14,1443,3.3,36.37,6.37,58.6,23.4,True
2025-11-18T12:56:55.475814,Day,L2,L2-M1,P-ABS,B251118-476,OP-2,intermediate,18.5,ok,73.6,71.2,62.4,5.49,4.04,121.2,11,1333,1.99,18.76,2.77,53.76,29.6,False
2025-11-18T13:45:55.475814,Night,L4,L4-M3,P-ABS,B251118-577,OP-3,novice,12.6,ok,74.5,77.7,62.7,5.8,2.91,124.0,13,1611,3.84,68.52,4.48,60.5,22.0,False
2025-11-18T15:43:55.475814,Swing,L1,L1-M1,P-PP,B251118-116,OP-2,intermediate,0.0,ok,72.8,72.9,44.1,5.79,2.68,123.4,12,1480,1.43,23.29,4.16,56.72,21.5,False
2025-11-18T16:35:55.475814,Day,L3,L3-M4,P-ABS,B251118-701,OP-4,intermediate,21.8,ok,72.1,73.4,49.7,5.05,3.74,130.0,8,1040,1.09,7.01,3.25,49.85,25.4,False
2025-11-18T16:48:55.475814,Day,L3,L3-M4,P-PEEK,B251118-644,OP-2,intermediate,27.4,due_soon,73.7,70.0,37.9,5.61,3.6,120.9,13,1572,0.58,6.51,6.08,57.17,31.3,False
2025-11-18T17:07:55.475814,Swing,L4,L4-M4,P-ABS,B251118-271,OP-5,expert,21.8,ok,75.7,77.0,39.1,5.44,3.71,139.1,12,1669,1.62,20.54,3.99,61.16,21.1,False
2025-11-18T17:42:55.475814,Day,L4,L4-M4,P-PEEK,B251118-588,OP-3,novice,19.1,ok,72.3,73.8,45.5,5.73,3.18,109.9,15,1648,1.96,34.22,3.97,59.72,25.1,False
2025-11-18T18:03:55.475814,Swing,L3,L3-M6,P-ABS,B251118-194,OP-2,intermediate,24.4,due_soon,75.0,74.6,43.9,5.35,3.9,123.8,10,1238,1.66,16.59,5.98,53.42,23.7,False
2025-11-18T18:04:55.475814,Swing,L2,L2-M2,P-NYLON,B251118-560,OP-3,novice,22.6,ok,74.6,74.8,36.5,5.66,3.27,110.6,13,1437,1.88,26.82,2.97,56.67,23.9,False
2025-11-18T18:32:55.475814,Day,L3,L3-M3,P-PEEK,B251118-674,OP-2,intermediate,20.0,ok,74.1,73.2,51.3,5.82,3.95,109.5,15,1641,1.56,15.94,3.13,59.41,27.1,False
2025-11-18T20:20:55.475814,Swing,L1,L1-M5,P-ABS,B251118-380,OP-4,intermediate,17.9,ok,74.7,73.5,41.7,5.22,3.42,95.6,10,955,1.86,11.39,2.92,48.51,24.8,False
2025-11-18T22:23:55.475814,Night,L4,L4-M6,P-ABS,B251118-620,OP-2,intermediate,17.2,ok,75.0,75.0,59.9,5.28,3.27,102.1,11,1122,1.85,20.3,5.43,51.73,25.9,False
2025-11-18T22:43:55.475814,Night,L2,L2-M6,P-ABS,B251118-965,OP-2,intermediate,27.5,due_soon,72.9,74.9,63.6,5.78,3.66,123.8,14,1733,3.01,37.71,7.46,61.44,25.5,False
2025-11-19T00:21:55.475814,Day,L1,L1-M2,P-NYLON,B251119-217,OP-1,expert,3.8,ok,72.4,71.4,57.5,5.29,3.85,133.3,13,1732,0.9,17.42,2.27,60.23,25.4,False
2025-11-19T00:39:55.475814,Swing,L1,L1-M4,P-NYLON,B251119-731,OP-1,expert,7.6,ok,72.7,73.4,44.4,5.65,3.98,127.3,12,1527,1.25,13.6,3.37,57.64,19.4,False
2025-11-19T00:40:55.475814,Day,L3,L3-M1,P-PEEK,B251119-290,OP-1,expert,31.5,overdue,72.5,70.6,41.6,5.32,5.12,136.6,12,1639,1.73,21.72,9.8,58.45,24.0,False
2025-11-19T00:54:55.475814,Day,L4,L4-M2,P-PP,B251119-234,OP-4,intermediate,23.7,due_soon,73.3,73.3,42.9,6.12,2.15,116.3,15,1744,0.96,16.77,4.4,61.07,29.7,False
2025-11-19T01:55:55.475814,Swing,L3,L3-M5,P-NYLON,B251119-337,OP-2,intermediate,7.3,ok,74.6,74.4,47.6,6.07,3.79,148.2,12,1778,2.03,41.03,3.05,62.0,23.4,False
2025-11-19T02:02:55.475814,Day,L3,L3-M1,P-PP,B251119-591,OP-2,intermediate,12.3,ok,73.7,73.7,43.5,5.19,2.54,122.5,13,1592,1.4,19.36,1.94,58.77,23.8,False
2025-11-19T02:48:55.475814,Swing,L2,L2-M3,P-ABS,B251119-339,OP-5,expert,16.0,ok,72.3,73.4,34.3,5.85,3.1,138.0,15,2070,1.06,25.38,5.14,66.32,22.6,False
2025-11-19T03:17:55.475814,Day,L4,L4-M5,P-ABS,B251119-914,OP-5,expert,37.1,overdue,73.2,74.7,55.2,5.64,5.12,138.1,8,1104,1.99,21.77,8.69,51.32,25.1,False
2025-11-19T03:44:55.475814,Day,L4,L4-M5,P-PP,B251119-256,OP-5,expert,11.3,ok,73.9,73.0,51.5,5.28,3.0,144.1,13,1873,0.88,12.65,1.66,63.03,28.2,False
2025-11-19T04:20:55.475814,Day,L3,L3-M4,P-NYLON,B251119-832,OP-2,intermediate,7.5,ok,72.7,72.8,55.6,5.36,2.58,143.9,8,1150,1.99,27.49,2.4,51.4,26.9,False
2025-11-19T04:25:55.475814,Day,L4,L4-M3,P-PEEK,B251119-186,OP-3,novice,10.1,ok,75.5,79.3,47.5,5.54,3.51,120.5,14,1687,3.51,41.45,2.81,62.26,28.1,False
2025-11-19T05:28:55.475814,Swing,L1,L1-M6,P-PP,B251119-545,OP-3,novice,0.7,ok,73.0,74.2,60.6,5.17,2.96,100.1,14,1401,2.3,20.44,3.62,55.89,20.4,False
2025-11-19T05:57:55.475814,Day,L2,L2-M4,P-PP,B251119-662,OP-1,expert,0.0,ok,72.0,73.4,44.6,5.64,3.0,133.0,8,1064,1.05,9.47,3.25,50.22,22.4,False
2025-11-19T06:07:55.475814,Day,L3,L3-M4,P-PEEK,B251119-612,OP-2,intermediate,10.4,ok,72.1,71.7,40.4,5.42,3.41,131.9,12,1583,1.3,16.93,3.12,57.93,32.0,False
2025-11-19T06:21:55.475814,Swing,L4,L4-M6,P-PEEK,B251119-947,OP-5,expert,22.7,ok,73.2,77.1,54.4,5.49,3.86,135.0,15,2024,1.6,38.0,4.31,66.89,24.3,False
2025-11-19T06:23:55.475814,Day,L4,L4-M6,P-NYLON,B251119-595,OP-1,expert,9.0,ok,74.8,74.8,40.7,5.7,3.75,118.9,15,1783,1.25,18.9,3.46,62.23,22.0,False
2025-11-19T06:33:55.475814,Day,L2,L2-M3,P-NYLON,B251119-447,OP-2,intermediate,34.6,overdue,75.0,73.2,43.8,5.79,5.11,112.6,11,1239,2.3,17.32,9.93,52.93,25.2,False
2025-11-19T07:15:55.475814,Swing,L2,L2-M6,P-PEEK,B251119-784,OP-5,expert,18.2,ok,75.5,79.9,36.7,5.47,2.79,136.4,13,1773,2.77,54.42,4.44,63.86,26.1,False
2025-11-19T07:37:55.475814,Day,L2,L2-M3,P-PP,B251119-594,OP-4,intermediate,24.4,due_soon,74.0,74.6,58.9,5.77,3.44,139.5,11,1534,2.07,23.86,5.1,58.15,23.4,False
2025-11-19T10:44:55.475814,Swing,L4,L4-M3,P-ABS,B251119-618,OP-5,expert,28.3,due_soon,72.9,72.9,50.9,5.27,4.58,125.5,12,1506,1.84,24.05,7.03,57.1,24.1,False
2025-11-19T11:24:55.475814,Night,L1,L1-M3,P-ABS,B251119-272,OP-2,intermediate,37.3,overdue,74.7,75.1,50.0,5.85,5.56,93.4,14,1306,3.13,32.93,12.92,54.71,23.8,True
2025-11-19T11:27:55.475814,Swing,L2,L2-M6,P-NYLON,B251119-104,OP-2,intermediate,18.4,ok,73.2,77.1,44.8,4.96,2.76,115.6,10,1156,2.17,18.95,2.65,52.97,25.4,False
2025-11-19T11:33:55.475814,Day,L2,L2-M6,P-NYLON,B251119-803,OP-4,intermediate,18.4,ok,75.0,74.5,68.2,5.84,2.77,86.7,13,1126,2.4,29.12,3.29,51.6,23.6,False
2025-11-19T12:31:55.475814,Night,L1,L1-M4,P-PP,B251119-604,OP-1,expert,0.0,ok,73.6,74.5,51.9,5.85,2.7,129.2,14,1809,1.8,33.87,3.64,62.54,23.0,False
2025-11-19T12:34:55.475814,Night,L3,L3-M6,P-PP,B251119-793,OP-3,novice,35.1,overdue,75.4,75.4,56.8,5.86,4.83,91.8,9,826,3.84,27.8,9.18,47.1,23.4,False
2025-11-19T12:46:55.475814,Day,L2,L2-M6,P-PEEK,B251119-305,OP-3,novice,23.6,due_soon,74.8,73.3,52.0,5.68,3.11,115.6,9,1040,2.06,18.55,4.38,49.81,28.9,False
2025-11-19T13:24:55.475814,Day,L1,L1-M1,P-PEEK,B251119-183,OP-3,novice,22.4,ok,73.5,76.7,45.2,5.74,3.4,98.2,8,785,2.5,14.78,2.36,46.9,29.4,False
2025-11-19T13:31:55.475814,Swing,L3,L3-M4,P-PP,B251119-934,OP-4,intermediate,9.0,ok,75.8,79.7,47.6,5.03,3.11,139.8,10,1398,3.32,29.57,3.03,57.76,20.3,False
2025-11-19T14:09:55.475814,Day,L4,L4-M6,P-ABS,B251119-458,OP-2,intermediate,8.2,ok,75.6,76.9,49.8,6.05,3.2,128.2,14,1795,1.87,23.45,3.28,63.13,27.1,False
2025-11-19T14:36:55.475814,Day,L2,L2-M3,P-PP,B251119-905,OP-1,expert,12.1,ok,72.9,75.1,38.8,5.99,2.7,122.2,8,977,1.03,7.16,3.48,49.41,21.9,False
2025-11-19T17:00:55.475814,Day,L3,L3-M4,P-ABS,B251119-229,OP-3,novice,27.5,due_soon,72.1,71.3,49.1,6.16,3.85,129.0,9,1161,2.4,20.82,5.68,51.05,24.1,False
2025-11-19T20:41:55.475814,Night,L2,L2-M1,P-ABS,B251119-786,OP-2,intermediate,11.2,ok,74.7,76.3,44.5,5.73,1.81,117.4,9,1056,2.55,27.09,3.34,51.1,22.0,False
2025-11-19T22:32:55.475814,Night,L2,L2-M1,P-NYLON,B251119-761,OP-5,expert,21.6,ok,75.9,76.9,51.5,5.63,3.28,114.8,13,1491,1.96,17.81,3.46,58.3,27.8,False
2025-11-19T22:41:55.475814,Swing,L4,L4-M3,P-PP,B251119-850,OP-3,novice,34.1,overdue,75.9,74.2,48.2,5.14,4.79,97.5,9,877,3.49,29.68,10.54,47.5,26.6,False
2025-11-20T00:04:55.475814,Day,L2,L2-M4,P-NYLON,B251120-771,OP-5,expert,29.9,due_soon,75.0,79.3,53.3,5.27,3.39,123.8,9,1113,2.66,26.82,5.81,53.08,25.7,False
2025-11-20T00:05:55.475814,Day,L4,L4-M6,P-PEEK,B251120-348,OP-3,novice,38.4,overdue,73.0,76.8,46.0,5.22,5.12,110.8,12,1330,4.08,58.59,9.11,55.66,24.8,False
2025-11-20T00:15:55.475814,Day,L2,L2-M1,P-NYLON,B251120-789,OP-4,intermediate,7.2,ok,72.7,77.0,49.8,5.86,3.22,134.2,10,1342,1.74,19.0,0.0,55.92,29.1,False
2025-11-20T00:17:55.475814,Day,L1,L1-M2,P-PP,B251120-708,OP-2,intermediate,4.8,ok,74.5,73.3,32.2,5.59,2.39,128.1,15,1921,1.36,28.15,1.69,63.88,23.8,False
2025-11-20T00:46:55.475814,Day,L4,L4-M1,P-ABS,B251120-778,OP-5,expert,0.0,ok,74.1,72.5,36.8,5.97,3.65,115.0,12,1379,0.68,6.27,3.14,54.96,27.1,False
2025-11-20T00:55:55.475814,Day,L3,L3-M1,P-PEEK,B251120-427,OP-1,expert,35.9,overdue,74.6,75.1,43.4,5.83,5.28,112.7,9,1013,1.93,20.54,8.73,50.0,23.2,True
2025-11-20T01:07:55.475814,Night,L1,L1-M3,P-PEEK,B251120-470,OP-4,intermediate,40.8,overdue,74.7,82.1,45.5,5.7,5.65,116.8,10,1168,5.18,64.2,12.24,54.93,28.8,True
2025-11-20T01:29:55.475814,Day,L4,L4-M5,P-PEEK,B251120-644,OP-3,novice,43.0,overdue,73.8,70.5,49.9,5.96,4.99,106.6,9,958,3.07,35.26,12.29,47.5,23.6,False
2025-11-20T01:33:55.475814,Night,L1,L1-M6,P-ABS,B251120-336,OP-4,intermediate,13.6,ok,72.6,71.9,43.4,5.85,4.11,115.6,15,1734,2.22,30.04,4.17,60.41,21.9,False
2025-11-20T01:46:55.475814,Day,L3,L3-M5,P-PEEK,B251120-247,OP-1,expert,5.1,ok,74.8,75.6,59.0,5.2,2.43,118.5,13,1540,1.25,14.81,2.79,58.6,27.2,False
2025-11-20T02:37:55.475814,Day,L3,L3-M5,P-ABS,B251120-327,OP-4,intermediate,9.6,ok,72.8,73.5,56.5,5.2,2.72,109.5,11,1204,1.47,12.0,2.94,52.48,25.8,False
2025-11-20T05:55:55.475814,Day,L2,L2-M1,P-PEEK,B251120-634,OP-3,novice,13.0,ok,72.4,71.7,35.9,5.12,2.73,120.6,8,964,1.97,16.16,3.67,48.04,27.8,False
2025-11-20T06:56:55.475814,Swing,L3,L3-M3,P-PEEK,B251120-761,OP-4,intermediate,23.4,due_soon,74.3,73.7,52.9,5.89,3.1,129.7,14,1815,1.77,34.85,7.28,62.35,28.0,False
2025-11-20T07:05:55.475814,Day,L4,L4-M4,P-PP,B251120-428,OP-4,intermediate,38.7,overdue,72.7,72.8,50.3,5.67,5.09,121.5,13,1579,2.13,27.2,8.49,58.25,28.6,False
2025-11-20T07:22:55.475814,Day,L2,L2-M6,P-ABS,B251120-659,OP-1,expert,18.1,ok,72.3,71.0,50.6,5.04,2.77,127.8,10,1278,0.94,14.34,1.66,52.79,27.3,False
2025-11-20T07:24:55.475814,Night,L4,L4-M5,P-NYLON,B251120-548,OP-1,expert,23.1,due_soon,73.3,71.6,60.1,5.33,4.2,137.0,9,1233,1.9,26.02,7.93,52.29,21.7,False
2025-11-20T07:29:55.475814,Swing,L2,L2-M5,P-NYLON,B251120-109,OP-4,intermediate,29.2,due_soon,74.2,74.2,48.8,5.53,4.04,115.9,10,1158,1.94,24.42,6.51,52.01,28.3,False
2025-11-20T08:49:55.475814,Day,L3,L3-M2,P-PEEK,B251120-590,OP-1,expert,19.7,ok,72.1,72.8,67.4,5.56,2.92,115.0,11,1264,1.71,24.32,3.78,53.2,27.3,False
2025-11-20T09:09:55.475814,Swing,L3,L3-M6,P-ABS,B251120-268,OP-2,intermediate,11.2,ok,72.6,74.0,54.6,5.62,3.18,116.4,9,1047,1.55,12.73,3.83,50.15,24.7,False
2025-11-20T10:19:55.475814,Swing,L1,L1-M1,P-PEEK,B251120-835,OP-3,novice,0.0,ok,74.1,74.8,65.4,5.35,3.79,111.3,15,1669,2.95,45.1,4.49,60.42,27.4,False
2025-11-20T10:23:55.475814,Day,L3,L3-M4,P-NYLON,B251120-742,OP-3,novice,35.2,overdue,72.4,73.0,49.2,5.39,4.85,95.1,14,1332,3.04,42.75,7.28,54.36,19.5,False
2025-11-20T10:42:55.475814,Day,L1,L1-M5,P-PEEK,B251120-207,OP-2,intermediate,25.1,due_soon,73.5,73.3,44.6,5.53,4.01,120.0,13,1559,1.72,29.87,6.4,58.12,31.9,False
2025-11-20T10:47:55.475814,Swing,L4,L4-M6,P-NYLON,B251120-801,OP-2,intermediate,18.6,ok,72.3,74.1,42.7,5.48,4.09,125.9,11,1384,1.87,28.62,1.86,55.59,23.2,False
2025-11-20T11:27:55.475814,Night,L4,L4-M6,P-PP,B251120-171,OP-2,intermediate,31.0,overdue,75.0,78.7,43.9,5.33,4.31,118.5,15,1777,4.17,86.17,11.19,63.48,21.4,False
2025-11-20T13:07:55.475814,Swing,L1,L1-M2,P-NYLON,B251120-435,OP-5,expert,9.8,ok,75.4,79.0,42.9,4.81,4.01,119.0,11,1309,2.59,34.57,4.87,56.1,24.5,False
2025-11-20T13:42:55.475814,Day,L3,L3-M6,P-PEEK,B251120-841,OP-5,expert,18.9,ok,74.3,73.7,45.1,5.24,3.2,123.7,8,989,1.24,13.17,2.8,49.12,27.8,False
2025-11-20T14:23:55.475814,Day,L3,L3-M4,P-PEEK,B251120-544,OP-1,expert,10.2,ok,72.7,73.3,36.9,5.4,3.24,131.7,13,1712,1.04,15.62,4.66,60.56,23.7,False
2025-11-20T14:52:55.475814,Night,L2,L2-M2,P-PEEK,B251120-965,OP-5,expert,22.0,ok,75.8,75.5,61.2,5.76,3.85,119.8,14,1676,2.23,31.3,4.82,60.74,25.1,False
2025-11-20T15:26:55.475814,Day,L1,L1-M2,P-ABS,B251120-449,OP-5,expert,24.5,due_soon,72.5,73.9,60.0,5.46,3.59,127.8,9,1150,1.55,15.76,5.55,51.78,23.5,False
2025-11-20T15:34:55.475814,Swing,L4,L4-M4,P-ABS,B251120-538,OP-5,expert,20.0,ok,73.0,73.2,54.3,5.28,3.32,132.0,12,1584,0.88,16.17,4.81,58.46,21.1,False
2025-11-20T17:24:55.475814,Swing,L1,L1-M2,P-ABS,B251120-409,OP-4,intermediate,4.4,ok,75.9,81.2,47.8,5.78,3.24,124.8,13,1621,3.38,60.48,6.28,61.88,20.5,True
2025-11-20T18:01:55.475814,Day,L4,L4-M2,P-PEEK,B251120-700,OP-3,novice,29.6,due_soon,75.7,80.3,43.7,5.35,3.2,110.9,10,1109,4.34,49.2,8.29,53.35,26.6,True
2025-11-20T18:10:55.475814,Day,L4,L4-M4,P-PP,B251120-237,OP-5,expert,0.0,ok,72.3,69.8,50.1,5.25,3.21,126.3,9,1136,1.06,8.69,3.58,50.13,28.8,False
2025-11-20T18:20:55.475814,Swing,L2,L2-M3,P-NYLON,B251120-960,OP-4,intermediate,20.9,ok,73.7,71.5,35.5,5.61,3.14,122.9,11,1351,1.28,17.63,3.4,54.14,20.1,False
2025-11-20T18:20:55.475814,Swing,L2,L2-M4,P-NYLON,B251120-918,OP-5,expert,15.8,ok,73.0,73.4,49.6,5.94,3.68,140.5,12,1686,1.04,15.05,2.98,60.19,22.3,False
2025-11-20T18:31:55.475814,Swing,L2,L2-M4,P-NYLON,B251120-736,OP-4,intermediate,26.3,due_soon,72.6,70.6,36.6,5.39,3.06,113.1,14,1583,1.91,24.49,7.06,57.56,25.7,False
2025-11-20T19:38:55.475814,Day,L2,L2-M6,P-PEEK,B251120-504,OP-2,intermediate,12.1,ok,73.3,75.1,55.6,5.38,3.52,127.0,15,1905,1.29,15.19,1.41,64.28,22.4,False
2025-11-20T19:58:55.475814,Swing,L4,L4-M6,P-NYLON,B251120-121,OP-2,intermediate,20.4,ok,72.9,76.6,40.5,5.8,3.33,124.3,15,1864,2.36,47.19,2.43,64.16,21.3,False
2025-11-20T20:49:55.475814,Day,L1,L1-M6,P-NYLON,B251120-340,OP-2,intermediate,11.7,ok,73.4,73.0,49.8,5.82,2.07,109.8,9,988,1.04,6.6,2.32,48.86,23.8,False
2025-11-20T21:22:55.475814,Swing,L2,L2-M5,P-PEEK,B251120-465,OP-3,novice,17.2,ok,75.8,78.2,51.4,6.0,3.12,99.2,10,992,3.56,24.88,3.63,50.74,23.3,False
2025-11-20T21:23:55.475814,Day,L2,L2-M2,P-NYLON,B251120-281,OP-4,intermediate,20.4,ok,73.9,73.8,39.6,5.8,2.79,126.1,11,1387,0.95,10.71,2.17,55.53,28.1,False
2025-11-20T21:56:55.475814,Day,L2,L2-M2,P-PP,B251120-828,OP-4,intermediate,21.8,ok,75.1,73.9,51.1,5.69,3.44,123.0,9,1106,1.62,11.18,2.51,51.07,29.9,False
2025-11-20T23:15:55.475814,Swing,L3,L3-M4,P-NYLON,B251120-614,OP-5,expert,32.7,overdue,73.5,72.2,57.4,5.68,4.4,117.3,12,1407,2.32,26.27,8.27,55.29,25.7,False
2025-11-20T23:46:55.475814,Swing,L3,L3-M6,P-ABS,B251120-551,OP-1,expert,18.3,ok,75.1,79.4,48.2,5.74,3.53,134.3,9,1208,2.37,25.19,3.56,54.64,28.3,False
2025-11-20T23:46:55.475814,Night,L3,L3-M4,P-PEEK,B251120-980,OP-3,novice,18.1,ok,74.8,75.2,52.8,5.45,3.34,111.2,11,1223,3.09,31.87,4.79,53.38,22.4,False
2025-11-21T01:28:55.475814,Day,L2,L2-M4,P-PEEK,B251121-228,OP-3,novice,1.8,ok,73.3,71.0,50.5,5.63,3.25,99.4,10,994,2.22,19.74,2.74,48.27,24.0,False
2025-11-21T03:01:55.475814,Swing,L2,L2-M6,P-PP,B251121-546,OP-1,expert,4.3,ok,75.9,77.5,64.8,5.71,3.98,108.9,14,1525,2.87,29.41,5.31,59.04,21.7,False
2025-11-21T03:50:55.475814,Swing,L3,L3-M4,P-PEEK,B251121-949,OP-4,intermediate,2.7,ok,75.0,75.4,50.6,5.81,2.45,109.9,9,989,1.65,12.96,4.14,49.72,22.9,False
2025-11-21T03:53:55.475814,Swing,L3,L3-M4,P-PP,B251121-733,OP-1,expert,14.2,ok,73.9,78.4,48.0,5.41,3.26,122.9,10,1229,2.06,17.86,4.45,54.6,25.6,False
2025-11-21T04:41:55.475814,Swing,L3,L3-M1,P-ABS,B251121-613,OP-1,expert,32.9,overdue,72.6,70.8,49.4,5.31,4.82,107.2,9,964,1.81,13.42,11.05,47.73,20.6,False
2025-11-21T05:12:55.475814,Swing,L1,L1-M3,P-PP,B251121-869,OP-4,intermediate,15.1,ok,72.4,73.8,61.9,5.47,2.78,129.8,15,1947,1.82,34.79,5.14,64.48,25.4,False
2025-11-21T05:30:55.475814,Day,L1,L1-M5,P-NYLON,B251121-804,OP-4,intermediate,12.7,ok,75.9,76.9,53.9,5.49,3.79,125.3,13,1629,2.19,32.53,3.24,60.48,24.2,False
2025-11-21T05:35:55.475814,Day,L4,L4-M2,P-ABS,B251121-827,OP-1,expert,18.6,ok,75.6,74.4,43.7,5.02,3.47,119.5,11,1314,0.91,8.36,2.84,54.59,28.6,False
2025-11-21T05:41:55.475814,Day,L3,L3-M6,P-ABS,B251121-706,OP-4,intermediate,15.7,ok,75.3,74.4,44.2,5.43,3.07,120.8,13,1570,1.7,20.51,2.84,58.65,27.8,False
2025-11-21T05:53:55.475814,Day,L2,L2-M1,P-ABS,B251121-906,OP-1,expert,40.5,overdue,72.3,72.8,43.8,5.82,5.16,115.0,14,1610,1.9,25.56,9.62,58.75,25.5,False
2025-11-21T06:01:55.475814,Day,L2,L2-M2,P-ABS,B251121-927,OP-3,novice,28.6,due_soon,74.1,77.2,47.6,5.56,4.57,96.9,10,968,3.41,29.97,7.09,50.03,22.7,False
2025-11-21T06:03:55.475814,Swing,L3,L3-M1,P-ABS,B251121-319,OP-4,intermediate,19.9,ok,73.4,72.6,51.9,5.72,2.93,114.8,14,1607,1.45,23.15,4.05,58.61,26.5,False
2025-11-21T09:09:55.475814,Night,L1,L1-M3,P-PEEK,B251121-250,OP-3,novice,3.8,ok,72.1,70.4,62.8,5.53,3.39,103.5,8,827,3.09,23.45,4.39,45.37,24.2,False
2025-11-21T10:18:55.475814,Day,L1,L1-M5,P-NYLON,B251121-251,OP-1,expert,28.9,due_soon,74.3,77.2,59.9,5.53,4.43,102.8,13,1335,2.17,23.09,5.97,55.9,24.1,False
2025-11-21T10:43:55.475814,Swing,L1,L1-M3,P-PEEK,B251121-387,OP-2,intermediate,23.7,due_soon,72.7,73.3,51.7,5.63,3.16,115.8,8,926,1.23,9.11,4.73,47.98,26.1,False
2025-11-21T12:01:55.475814,Day,L4,L4-M2,P-ABS,B251121-263,OP-2,intermediate,17.5,ok,73.3,72.7,40.9,5.09,2.88,104.0,14,1456,1.23,15.57,2.01,56.24,25.9,False
2025-11-21T12:36:55.475814,Swing,L4,L4-M4,P-NYLON,B251121-180,OP-4,intermediate,20.2,ok,75.0,74.3,46.1,5.6,2.47,125.0,10,1249,1.17,17.14,3.59,53.52,22.7,False
2025-11-21T12:55:55.475814,Night,L1,L1-M1,P-NYLON,B251121-740,OP-3,novice,28.7,due_soon,74.2,75.4,40.2,5.34,3.59,100.9,13,1311,3.21,29.53,7.27,54.87,25.9,False
2025-11-21T13:18:55.475814,Day,L1,L1-M5,P-NYLON,B251121-190,OP-3,novice,15.9,ok,74.9,77.0,37.8,5.95,2.9,128.0,13,1664,2.6,27.25,2.92,61.09,21.3,False
2025-11-21T13:28:55.475814,Swing,L3,L3-M6,P-ABS,B251121-559,OP-5,expert,16.8,ok,75.4,79.1,50.8,5.27,3.29,134.1,11,1475,2.29,21.93,3.66,58.8,25.6,False
2025-11-21T13:57:55.475814,Day,L3,L3-M5,P-NYLON,B251121-255,OP-3,novice,27.1,due_soon,73.4,76.8,51.8,5.04,4.38,124.6,10,1246,2.74,34.09,3.71,54.32,27.3,False
2025-11-21T14:15:55.475814,Night,L2,L2-M6,P-PP,B251121-831,OP-3,novice,2.7,ok,72.5,71.4,41.2,5.0,3.14,104.8,15,1572,2.48,31.28,4.99,57.63,21.8,False
2025-11-21T14:24:55.475814,Swing,L1,L1-M2,P-ABS,B251121-700,OP-1,expert,33.7,overdue,74.7,75.7,55.8,6.01,4.93,132.0,8,1055,2.18,24.41,9.82,50.9,25.1,False
2025-11-21T14:36:55.475814,Night,L1,L1-M6,P-ABS,B251121-668,OP-4,intermediate,27.1,due_soon,73.1,72.6,28.2,5.45,4.99,130.7,12,1568,2.64,33.9,6.84,58.0,25.0,False
2025-11-21T14:40:55.475814,Day,L2,L2-M6,P-NYLON,B251121-369,OP-4,intermediate,4.1,ok,74.5,74.6,53.3,5.44,2.69,131.0,11,1440,0.93,8.69,2.59,56.67,24.7,False
2025-11-21T15:03:55.475814,Swing,L3,L3-M3,P-NYLON,B251121-469,OP-5,expert,14.2,ok,73.8,73.4,71.8,5.67,2.78,120.7,10,1206,2.24,17.44,5.19,52.51,22.8,False
2025-11-21T15:48:55.475814,Day,L4,L4-M6,P-ABS,B251121-512,OP-5,expert,33.5,overdue,74.1,74.8,40.0,5.59,5.43,143.6,12,1723,1.96,21.67,10.27,61.26,28.1,True
2025-11-21T15:57:55.475814,Day,L3,L3-M1,P-PP,B251121-821,OP-1,expert,39.3,overdue,75.6,78.9,34.7,5.2,5.45,142.7,12,1712,3.7,44.15,11.28,62.5,27.1,True
2025-11-21T17:02:55.475814,Night,L2,L2-M5,P-NYLON,B251121-226,OP-1,expert,13.0,ok,75.3,79.8,48.0,5.09,2.51,121.5,9,1093,3.46,29.66,4.01,52.93,26.2,False
2025-11-21T17:03:55.475814,Day,L1,L1-M4,P-ABS,B251121-188,OP-3,novice,26.0,due_soon,75.7,75.1,56.4,5.52,3.8,106.7,9,960,2.61,19.84,3.97,49.17,31.2,False
2025-11-21T17:06:55.475814,Day,L4,L4-M3,P-PEEK,B251121-506,OP-2,intermediate,9.2,ok,75.3,75.3,43.5,5.6,2.97,125.8,15,1887,1.45,25.28,3.96,64.04,24.7,False
2025-11-21T17:47:55.475814,Swing,L4,L4-M1,P-PEEK,B251121-331,OP-2,intermediate,20.4,ok,75.0,75.1,49.4,5.09,3.34,104.4,12,1253,1.15,9.8,4.19,53.83,26.3,False
2025-11-21T18:11:55.475814,Day,L1,L1-M6,P-NYLON,B251121-857,OP-4,intermediate,13.4,ok,75.4,74.1,50.8,5.71,3.31,138.9,13,1805,1.6,27.59,3.32,62.31,23.9,False
2025-11-21T18:47:55.475814,Day,L4,L4-M5,P-NYLON,B251121-583,OP-3,novice,2.9,ok,72.3,73.7,39.9,5.59,3.79,114.9,10,1148,1.62,19.89,3.7,51.69,22.4,False
2025-11-21T19:25:55.475814,Swing,L4,L4-M2,P-ABS,B251121-984,OP-5,expert,28.5,due_soon,72.0,72.9,58.7,5.3,4.69,106.5,10,1065,1.89,21.76,6.61,50.04,26.3,False
2025-11-21T19:55:55.475814,Night,L3,L3-M1,P-PP,B251121-296,OP-2,intermediate,32.7,overdue,74.7,81.8,47.4,5.13,5.13,86.4,10,864,5.25,35.96,12.99,49.96,27.2,True
2025-11-21T20:15:55.475814,Swing,L3,L3-M4,P-PEEK,B251121-971,OP-4,intermediate,17.4,ok,74.1,72.0,34.9,5.3,3.09,132.0,12,1584,2.13,22.18,4.1,58.05,28.7,False
2025-11-21T21:01:55.475814,Swing,L4,L4-M2,P-ABS,B251121-532,OP-2,intermediate,6.4,ok,75.1,75.5,33.8,5.37,3.78,102.2,12,1226,1.74,22.9,4.76,53.54,27.0,False
2025-11-21T21:51:55.475814,Day,L1,L1-M5,P-NYLON,B251121-755,OP-3,novice,13.0,ok,74.4,72.2,51.7,5.85,3.24,100.2,13,1302,2.33,27.65,1.6,53.63,21.3,False
2025-11-21T22:27:55.475814,Day,L1,L1-M3,P-ABS,B251121-630,OP-3,novice,26.7,due_soon,73.2,74.9,31.7,5.59,3.29,93.1,8,744,2.1,11.78,6.23,45.61,22.2,False
2025-11-21T23:52:55.475814,Night,L1,L1-M1,P-PP,B251121-413,OP-4,intermediate,15.4,ok,72.6,72.1,61.3,5.69,3.14,100.4,10,1003,2.62,20.18,3.67,48.78,27.2,False
2025-11-21T23:58:55.475814,Swing,L3,L3-M3,P-ABS,B251121-248,OP-1,expert,10.7,ok,72.9,80.7,58.6,5.71,2.86,136.3,10,1363,3.23,33.21,5.21,57.54,24.2,True
2025-11-22T00:20:55.475814,Day,L3,L3-M3,P-ABS,B251122-376,OP-5,expert,23.5,due_soon,75.7,76.1,45.1,5.58,3.4,125.7,11,1382,1.47,22.67,5.29,56.24,27.4,False
2025-11-22T02:03:55.475814,Swing,L3,L3-M5,P-PP,B251122-636,OP-5,expert,15.0,ok,75.9,75.7,39.2,4.64,3.58,132.7,9,1194,1.63,13.71,2.63,53.11,19.0,False
2025-11-22T02:46:55.475814,Day,L4,L4-M5,P-PEEK,B251122-527,OP-1,expert,11.8,ok,75.5,74.6,53.5,5.4,2.28,144.7,13,1880,0.73,11.41,3.47,63.72,24.8,False
2025-11-22T03:03:55.475814,Swing,L3,L3-M6,P-NYLON,B251122-567,OP-5,expert,26.9,due_soon,72.6,71.9,49.1,4.97,4.97,112.7,13,1465,1.71,28.79,6.37,56.1,25.0,False
2025-11-22T03:21:55.475814,Day,L2,L2-M3,P-PP,B251122-467,OP-4,intermediate,23.1,due_soon,75.8,75.7,61.6,5.33,3.06,127.2,12,1526,2.02,22.74,5.03,58.42,28.0,False
2025-11-22T04:09:55.475814,Day,L2,L2-M4,P-NYLON,B251122-228,OP-2,intermediate,24.6,due_soon,75.4,76.7,40.6,5.5,3.28,101.1,15,1516,2.34,39.54,4.55,58.61,29.4,False
2025-11-22T04:41:55.475814,Day,L2,L2-M4,P-PP,B251122-521,OP-3,novice,3.9,ok,74.2,74.0,47.4,5.42,3.87,115.7,11,1272,1.57,17.8,4.02,53.76,23.5,False
2025-11-22T04:46:55.475814,Day,L2,L2-M5,P-PP,B251122-937,OP-3,novice,20.8,ok,73.5,72.4,51.7,5.03,3.77,107.0,14,1497,2.02,32.9,3.73,56.79,26.0,False
2025-11-22T05:05:55.475814,Night,L2,L2-M5,P-ABS,B251122-638,OP-2,intermediate,34.3,overdue,75.5,77.1,55.3,5.73,4.69,92.6,13,1203,3.7,52.86,11.04,53.74,21.9,False
2025-11-22T05:19:55.475814,Swing,L1,L1-M4,P-PP,B251122-398,OP-2,intermediate,26.1,due_soon,75.2,76.9,43.4,6.19,3.48,115.0,15,1724,2.44,48.58,6.53,62.02,24.9,False
2025-11-22T06:02:55.475814,Night,L2,L2-M2,P-ABS,B251122-928,OP-3,novice,35.7,overdue,72.7,74.7,57.3,5.68,5.69,100.4,15,1506,3.69,53.14,11.5,57.75,26.5,True
2025-11-22T06:37:55.475814,Swing,L4,L4-M5,P-PEEK,B251122-184,OP-5,expert,16.5,ok,74.2,75.3,45.4,5.76,3.88,127.0,8,1016,1.44,17.43,2.04,50.12,23.0,False
2025-11-22T07:27:55.475814,Swing,L4,L4-M5,P-NYLON,B251122-551,OP-2,intermediate,15.8,ok,75.4,77.6,46.8,5.37,3.7,104.3,15,1563,2.42,44.66,3.76,59.69,25.0,False
2025-11-22T07:49:55.475814,Day,L1,L1-M2,P-NYLON,B251122-344,OP-4,intermediate,24.4,due_soon,74.3,76.1,56.8,5.35,2.72,110.5,13,1436,2.08,35.03,4.99,57.13,25.2,False
2025-11-22T08:49:55.475814,Day,L2,L2-M1,P-ABS,B251122-583,OP-5,expert,16.7,ok,74.5,75.3,40.1,5.28,3.33,135.9,10,1358,0.63,7.52,4.28,55.6,28.0,False
2025-11-22T08:51:55.475814,Swing,L2,L2-M6,P-NYLON,B251122-187,OP-4,intermediate,16.2,ok,74.7,74.7,46.6,5.54,4.22,95.9,14,1342,1.36,21.45,4.12,55.12,27.0,False
2025-11-22T09:13:55.475814,Day,L2,L2-M3,P-ABS,B251122-224,OP-1,expert,0.0,ok,72.2,72.1,31.7,5.43,2.78,111.1,13,1444,0.82,12.05,1.8,55.82,26.5,False
2025-11-22T10:45:55.475814,Swing,L4,L4-M1,P-NYLON,B251122-835,OP-1,expert,34.0,overdue,73.7,73.4,55.0,5.46,4.73,120.7,12,1448,2.04,26.46,9.38,56.35,20.3,False
2025-11-22T11:06:55.475814,Swing,L1,L1-M6,P-NYLON,B251122-783,OP-2,intermediate,30.9,overdue,74.2,76.1,53.9,5.92,5.43,105.2,12,1261,3.1,46.31,10.99,54.32,21.9,True
2025-11-22T11:15:55.475814,Day,L2,L2-M4,P-PP,B251122-789,OP-2,intermediate,12.8,ok,73.5,75.4,40.5,5.77,2.56,128.3,9,1154,1.43,13.57,3.19,52.37,23.3,False
2025-11-22T11:22:55.475814,Day,L1,L1-M2,P-NYLON,B251122-173,OP-1,expert,38.8,overdue,73.6,76.4,52.2,5.19,5.76,137.5,9,1237,2.57,31.05,10.86,54.02,21.9,True
2025-11-22T11:29:55.475814,Swing,L2,L2-M3,P-NYLON,B251122-152,OP-5,expert,25.1,due_soon,73.6,73.8,37.1,5.5,3.94,107.8,9,970,1.41,9.8,8.03,48.84,23.9,False
2025-11-22T11:35:55.475814,Swing,L4,L4-M6,P-NYLON,B251122-336,OP-1,expert,22.7,ok,75.8,79.3,47.8,5.62,3.22,147.4,14,2063,2.2,31.76,2.66,68.26,24.7,False
2025-11-22T13:04:55.475814,Swing,L3,L3-M3,P-ABS,B251122-605,OP-1,expert,8.9,ok,73.5,78.1,36.7,5.93,4.1,125.3,11,1378,2.12,19.67,4.71,56.89,30.8,False
2025-11-22T13:26:55.475814,Night,L1,L1-M6,P-PEEK,B251122-100,OP-2,intermediate,10.7,ok,75.0,71.6,51.9,5.02,2.75,106.0,13,1377,2.07,20.08,5.01,54.61,22.9,False
2025-11-22T13:34:55.475814,Day,L2,L2-M1,P-PP,B251122-438,OP-4,intermediate,6.2,ok,74.8,75.1,47.7,4.91,3.52,135.9,11,1494,1.39,13.95,3.95,57.71,23.4,False
2025-11-22T13:40:55.475814,Swing,L2,L2-M5,P-PEEK,B251122-193,OP-1,expert,26.8,due_soon,74.5,76.4,29.5,5.88,3.8,114.7,12,1375,2.08,21.47,5.03,56.27,19.2,False
2025-11-22T14:16:55.475814,Swing,L2,L2-M6,P-NYLON,B251122-298,OP-1,expert,12.9,ok,74.3,73.5,34.7,5.54,3.19,137.2,10,1371,1.5,13.35,2.87,55.19,24.5,False
2025-11-22T14:42:55.475814,Day,L2,L2-M4,P-ABS,B251122-895,OP-4,intermediate,34.3,overdue,72.3,71.6,44.1,5.84,4.68,99.7,15,1496,1.39,16.07,7.05,56.5,21.4,False
2025-11-22T16:03:55.475814,Day,L2,L2-M2,P-ABS,B251122-145,OP-2,intermediate,5.4,ok,72.4,74.1,36.4,5.44,2.88,98.9,15,1483,1.48,21.49,3.27,57.18,24.1,False
2025-11-22T16:06:55.475814,Swing,L2,L2-M1,P-PP,B251122-232,OP-4,intermediate,15.0,ok,76.0,76.5,39.4,5.19,2.44,130.5,9,1174,1.72,13.34,2.28,53.07,23.8,False
2025-11-22T18:14:55.475814,Day,L2,L2-M6,P-PEEK,B251122-664,OP-4,intermediate,13.8,ok,74.6,75.3,48.8,5.23,3.19,147.4,11,1621,1.5,26.33,4.91,59.79,24.1,False
2025-11-22T18:51:55.475814,Day,L1,L1-M6,P-PP,B251122-739,OP-2,intermediate,11.0,ok,72.2,72.3,48.1,5.71,2.96,133.5,13,1735,1.42,18.56,3.24,60.55,27.3,False
2025-11-22T18:54:55.475814,Night,L1,L1-M2,P-NYLON,B251122-702,OP-4,intermediate,18.8,ok,73.2,74.1,57.7,5.05,3.08,125.4,15,1880,2.28,43.5,2.78,63.54,23.8,False
2025-11-22T20:13:55.475814,Day,L4,L4-M2,P-ABS,B251122-368,OP-4,intermediate,14.2,ok,73.5,72.5,55.7,5.68,2.33,127.3,9,1145,1.5,13.37,3.39,51.19,26.6,False
2025-11-22T20:52:55.475814,Day,L1,L1-M5,P-ABS,B251122-231,OP-1,expert,27.4,due_soon,72.7,72.6,43.9,5.82,2.99,117.6,10,1175,0.72,8.26,6.42,51.71,27.6,False
2025-11-22T21:12:55.475814,Day,L2,L2-M1,P-ABS,B251122-176,OP-1,expert,13.6,ok,73.6,75.6,38.8,5.51,3.36,124.0,11,1364,0.62,5.81,4.17,55.8,23.1,False
2025-11-22T22:02:55.475814,Swing,L1,L1-M1,P-ABS,B251122-890,OP-1,expert,27.4,due_soon,73.9,79.7,51.1,6.18,3.86,118.8,8,950,2.77,28.83,4.42,50.61,22.6,False
2025-11-22T22:02:55.475814,Day,L1,L1-M1,P-PEEK,B251122-579,OP-5,expert,18.3,ok,75.2,80.6,47.8,5.46,3.23,119.3,12,1431,2.77,47.37,5.93,58.6,24.3,True
2025-11-22T22:13:55.475814,Swing,L4,L4-M6,P-PP,B251122-376,OP-5,expert,9.6,ok,73.4,72.2,52.6,6.29,2.73,129.9,10,1299,1.23,15.61,3.86,53.55,25.7,False
2025-11-22T22:14:55.475814,Swing,L3,L3-M3,P-NYLON,B251122-826,OP-3,novice,16.5,ok,72.5,73.0,55.5,5.24,3.63,114.6,10,1146,2.23,29.79,3.09,51.38,22.9,False
2025-11-22T22:41:55.475814,Day,L3,L3-M2,P-ABS,B251122-980,OP-2,intermediate,10.2,ok,74.9,77.8,55.2,5.45,3.48,105.9,8,846,1.91,13.48,4.64,48.29,27.0,False
2025-11-22T22:47:55.475814,Day,L2,L2-M5,P-ABS,B251122-124,OP-1,expert,23.4,due_soon,73.5,73.4,33.1,5.13,3.94,125.0,9,1124,0.93,6.59,3.45,51.2,29.4,False
2025-11-22T23:21:55.475814,Day,L4,L4-M4,P-ABS,B251122-872,OP-4,intermediate,16.0,ok,75.3,72.0,36.0,5.55,3.3,110.4,13,1434,1.37,22.22,3.25,55.65,28.8,False
2025-11-22T23:28:55.475814,Day,L3,L3-M2,P-PP,B251122-451,OP-2,intermediate,30.4,overdue,72.3,74.0,35.6,5.48,4.9,119.0,13,1546,2.14,21.48,8.57,58.15,28.5,False
2025-11-22T23:40:55.475814,Swing,L4,L4-M3,P-ABS,B251122-108,OP-2,intermediate,27.7,due_soon,75.4,75.7,44.2,5.24,4.18,137.2,13,1782,2.02,36.71,7.57,62.53,22.5,False
2025-11-22T23:50:55.475814,Day,L1,L1-M5,P-ABS,B251122-556,OP-1,expert,41.1,overdue,74.4,76.8,50.6,5.61,5.4,113.1,8,904,2.31,14.21,9.58,48.85,23.9,True
2025-11-22T23:59:55.475814,Day,L2,L2-M5,P-PEEK,B251122-570,OP-2,intermediate,0.0,ok,74.2,79.6,62.6,5.52,3.38,130.1,8,1040,3.93,44.12,5.05,52.01,26.1,False
2025-11-23T00:33:55.475814,Swing,L1,L1-M2,P-NYLON,B251123-104,OP-4,intermediate,22.0,ok,74.0,75.8,62.4,5.62,3.01,138.5,13,1800,1.85,26.1,3.83,62.84,25.4,False
2025-11-23T00:49:55.475814,Swing,L2,L2-M1,P-PP,B251123-710,OP-1,expert,35.4,overdue,74.8,76.7,41.8,5.17,5.06,118.2,14,1654,2.46,38.25,11.54,60.8,21.6,False
2025-11-23T00:59:55.475814,Swing,L1,L1-M5,P-PEEK,B251123-726,OP-1,expert,0.0,ok,74.3,74.6,44.2,5.78,1.82,109.5,10,1094,1.2,11.04,4.61,51.12,23.1,False
2025-11-23T01:00:55.475814,Swing,L3,L3-M4,P-PEEK,B251123-857,OP-3,novice,30.1,overdue,72.2,71.6,61.2,5.99,4.31,120.6,12,1447,3.31,37.22,8.77,55.73,26.5,False
2025-11-23T01:07:55.475814,Day,L3,L3-M5,P-PP,B251123-876,OP-1,expert,39.8,overdue,72.9,73.1,58.0,5.46,4.53,119.1,15,1786,2.3,33.39,9.45,61.66,26.2,False
2025-11-23T01:35:55.475814,Swing,L4,L4-M2,P-PEEK,B251123-378,OP-4,intermediate,6.7,ok,75.9,73.9,64.3,5.61,3.92,137.8,13,1791,2.25,46.27,2.96,62.03,23.8,False
2025-11-23T01:49:55.475814,Night,L2,L2-M4,P-PP,B251123-612,OP-4,intermediate,35.5,overdue,73.6,73.3,57.0,4.87,4.56,112.0,12,1343,2.68,28.32,9.85,54.64,21.6,False
2025-11-23T02:31:55.475814,Day,L2,L2-M2,P-NYLON,B251123-808,OP-2,intermediate,20.0,ok,73.9,73.7,41.4,5.33,3.82,124.3,12,1491,0.66,8.08,3.04,57.16,29.0,False
2025-11-23T02:47:55.475814,Day,L2,L2-M1,P-ABS,B251123-463,OP-3,novice,28.1,due_soon,73.7,79.4,59.4,5.53,3.37,123.5,14,1728,4.03,58.32,4.33,62.95,27.0,False
2025-11-23T02:47:55.475814,Swing,L2,L2-M1,P-PEEK,B251123-634,OP-2,intermediate,22.8,ok,75.3,73.6,44.5,5.51,3.62,119.6,12,1435,1.91,32.53,1.95,56.22,23.6,False
2025-11-23T03:01:55.475814,Day,L4,L4-M3,P-PEEK,B251123-177,OP-2,intermediate,38.9,overdue,74.3,74.3,56.4,5.3,4.82,118.2,8,945,1.96,12.65,9.48,48.64,30.2,False
2025-11-23T03:06:55.475814,Day,L4,L4-M1,P-NYLON,B251123-524,OP-3,novice,16.7,ok,74.5,72.7,57.4,5.65,2.89,114.6,9,1031,2.31,22.44,3.43,49.44,27.6,False
2025-11-23T03:18:55.475814,Swing,L4,L4-M5,P-ABS,B251123-693,OP-2,intermediate,18.5,ok,74.5,74.4,53.2,5.4,3.28,111.2,10,1111,1.43,10.38,3.82,51.34,27.9,False
2025-11-23T03:19:55.475814,Swing,L1,L1-M6,P-NYLON,B251123-184,OP-1,expert,14.4,ok,75.3,74.9,54.1,5.44,3.55,136.9,11,1506,1.25,14.52,3.29,57.83,19.2,False
2025-11-23T03:31:55.475814,Night,L2,L2-M1,P-NYLON,B251123-985,OP-5,expert,36.2,overdue,72.6,72.6,54.2,5.65,5.41,105.6,15,1584,2.67,42.25,11.07,58.28,21.5,True
2025-11-23T03:47:55.475814,Swing,L1,L1-M1,P-NYLON,B251123-667,OP-4,intermediate,14.3,ok,72.9,72.8,55.1,5.04,3.2,112.2,8,897,1.31,12.74,3.18,47.35,27.7,False
2025-11-23T04:10:55.475814,Night,L1,L1-M2,P-ABS,B251123-974,OP-3,novice,23.4,due_soon,73.1,76.7,56.6,5.09,3.96,116.7,11,1283,4.04,38.97,6.6,54.86,24.5,False
2025-11-23T04:37:55.475814,Day,L4,L4-M1,P-NYLON,B251123-502,OP-4,intermediate,20.1,ok,73.1,72.8,52.2,5.38,3.73,122.9,9,1106,1.23,9.26,2.76,50.69,28.0,False
2025-11-23T04:41:55.475814,Day,L2,L2-M1,P-PP,B251123-822,OP-3,novice,20.0,ok,74.6,73.8,53.7,5.48,3.36,102.3,12,1228,1.84,23.06,2.19,52.98,22.9,False
2025-11-23T04:45:55.475814,Night,L2,L2-M1,P-NYLON,B251123-332,OP-2,intermediate,19.2,ok,75.3,74.8,72.2,5.74,3.35,83.8,15,1257,2.71,38.84,4.95,53.8,25.2,False
2025-11-23T05:53:55.475814,Night,L1,L1-M4,P-PEEK,B251123-948,OP-5,expert,14.2,ok,72.4,72.5,50.3,5.0,2.93,131.2,8,1049,1.1,12.4,6.29,49.66,27.3,False
2025-11-23T05:56:55.475814,Night,L4,L4-M3,P-NYLON,B251123-170,OP-5,expert,17.5,ok,75.4,76.2,64.2,5.74,3.79,112.6,10,1126,1.59,11.96,4.84,52.19,23.7,False
2025-11-23T06:41:55.475814,Day,L1,L1-M3,P-PP,B251123-189,OP-3,novice,22.4,ok,75.9,77.5,59.6,5.6,2.47,131.4,12,1576,3.18,38.68,4.5,59.86,24.1,False
2025-11-23T06:48:55.475814,Swing,L4,L4-M3,P-NYLON,B251123-768,OP-3,novice,13.4,ok,72.1,69.9,50.4,5.55,2.83,116.7,13,1517,2.47,43.47,4.1,56.25,20.9,False
2025-11-23T07:52:55.475814,Day,L1,L1-M5,P-NYLON,B251123-713,OP-3,novice,26.9,due_soon,75.7,76.0,32.9,5.55,3.31,100.7,14,1409,2.76,29.02,4.55,56.64,26.8,False
2025-11-23T08:14:55.475814,Day,L2,L2-M1,P-ABS,B251123-126,OP-5,expert,17.5,ok,73.1,73.9,43.7,5.47,4.1,143.4,15,2151,0.95,15.47,3.11,67.79,28.5,False
2025-11-23T08:27:55.475814,Day,L3,L3-M2,P-ABS,B251123-659,OP-3,novice,17.0,ok,72.8,74.8,42.2,5.38,3.42,103.2,11,1134,2.37,26.5,3.77,51.83,28.7,False
2025-11-23T09:10:55.475814,Day,L3,L3-M3,P-NYLON,B251123-145,OP-3,novice,13.5,ok,75.9,73.8,49.0,5.91,2.95,113.2,9,1018,1.75,19.27,4.52,49.63,23.5,False
2025-11-23T09:21:55.475814,Day,L1,L1-M4,P-ABS,B251123-820,OP-1,expert,21.7,ok,73.0,72.6,50.6,5.32,3.48,138.1,11,1519,0.7,9.23,2.39,57.21,25.3,False
2025-11-23T09:31:55.475814,Night,L1,L1-M3,P-ABS,B251123-787,OP-3,novice,11.7,ok,74.4,79.9,62.1,5.44,2.17,121.1,13,1574,5.32,52.58,4.4,60.66,23.4,False
2025-11-23T09:38:55.475814,Day,L4,L4-M3,P-PEEK,B251123-401,OP-1,expert,20.0,ok,73.7,76.2,43.4,5.73,2.54,120.5,11,1325,0.62,5.16,3.59,55.37,25.9,False
2025-11-23T10:06:55.475814,Night,L3,L3-M2,P-NYLON,B251123-124,OP-1,expert,19.7,ok,72.3,73.4,44.7,6.13,2.99,126.5,12,1517,1.3,22.6,1.79,57.49,26.1,False
2025-11-23T10:19:55.475814,Swing,L2,L2-M5,P-PP,B251123-556,OP-2,intermediate,30.7,overdue,74.7,73.1,49.5,5.72,5.44,88.0,10,880,2.69,15.19,10.94,47.18,22.8,True
2025-11-23T10:30:55.475814,Day,L4,L4-M3,P-ABS,B251123-686,OP-4,intermediate,2.8,ok,75.5,74.1,45.5,6.01,2.2,122.6,10,1226,1.33,11.44,3.48,53.07,25.9,False
2025-11-23T10:57:55.475814,Day,L1,L1-M2,P-PEEK,B251123-788,OP-4,intermediate,27.0,due_soon,73.2,74.6,49.5,5.53,3.47,116.4,13,1513,1.71,15.76,3.51,57.81,26.3,False
2025-11-23T11:34:55.475814,Swing,L1,L1-M5,P-ABS,B251123-947,OP-2,intermediate,29.6,due_soon,72.3,73.8,44.8,5.41,3.94,112.4,11,1236,1.67,21.69,5.5,53.13,21.6,False
2025-11-23T11:42:55.475814,Night,L2,L2-M2,P-ABS,B251123-630,OP-1,expert,26.2,due_soon,75.0,75.5,48.4,5.83,2.71,124.0,10,1239,1.97,17.11,6.02,53.77,26.3,False
2025-11-23T12:24:55.475814,Swing,L1,L1-M2,P-NYLON,B251123-155,OP-1,expert,24.3,due_soon,75.1,75.4,52.5,5.48,3.2,120.8,9,1087,1.35,11.4,6.54,51.27,29.0,False
2025-11-23T12:49:55.475814,Day,L3,L3-M4,P-PP,B251123-431,OP-5,expert,26.2,due_soon,72.8,72.4,51.3,5.95,3.18,128.1,15,1921,0.98,14.8,5.98,63.58,23.9,False
2025-11-23T13:56:55.475814,Day,L2,L2-M2,P-ABS,B251123-268,OP-5,expert,21.4,ok,74.0,79.0,64.6,5.3,3.39,109.9,13,1428,2.68,23.09,3.27,58.01,28.1,False
2025-11-23T16:00:55.475814,Night,L2,L2-M1,P-NYLON,B251123-440,OP-5,expert,21.5,ok,72.9,72.9,53.4,5.36,3.09,140.8,9,1267,1.23,17.93,4.45,53.28,23.5,False
2025-11-23T16:36:55.475814,Swing,L4,L4-M6,P-NYLON,B251123-446,OP-1,expert,4.1,ok,72.8,71.7,62.8,5.07,3.72,120.8,12,1449,1.39,17.83,1.76,55.79,24.6,False
2025-11-23T17:07:55.475814,Day,L2,L2-M6,P-ABS,B251123-468,OP-1,expert,4.1,ok,72.7,73.1,35.0,6.11,4.03,137.7,10,1377,0.75,9.66,4.41,55.13,26.3,False
2025-11-23T18:11:55.475814,Day,L1,L1-M3,P-NYLON,B251123-606,OP-2,intermediate,9.2,ok,74.9,74.8,53.5,5.44,2.98,126.0,13,1638,1.02,12.78,3.98,59.88,23.5,False
2025-11-23T18:19:55.475814,Swing,L1,L1-M6,P-ABS,B251123-844,OP-4,intermediate,10.7,ok,72.6,76.6,65.3,6.05,3.67,116.4,15,1745,3.25,49.56,1.89,62.25,23.4,False
2025-11-23T18:49:55.475814,Day,L3,L3-M6,P-NYLON,B251123-964,OP-4,intermediate,27.8,due_soon,72.6,74.2,44.1,5.5,3.31,103.2,9,928,1.71,14.61,5.47,48.34,24.4,False
2025-11-23T19:24:55.475814,Day,L4,L4-M3,P-PEEK,B251123-709,OP-2,intermediate,14.6,ok,74.9,73.7,46.9,5.58,3.68,116.3,12,1396,1.35,16.94,3.08,55.63,26.3,False
2025-11-23T19:34:55.475814,Day,L3,L3-M2,P-PEEK,B251123-652,OP-1,expert,18.1,ok,73.9,77.5,38.7,5.86,3.34,129.8,13,1687,1.77,32.21,4.03,61.64,30.3,False
2025-11-23T19:42:55.475814,Day,L2,L2-M3,P-PEEK,B251123-888,OP-2,intermediate,26.1,due_soon,73.0,72.7,56.2,5.11,3.47,141.1,13,1833,1.97,36.2,6.6,62.28,28.9,False
2025-11-23T21:20:55.475814,Day,L1,L1-M4,P-NYLON,B251123-587,OP-2,intermediate,0.0,ok,75.0,75.0,42.9,5.93,2.28,104.0,8,832,1.06,9.68,2.62,47.05,25.9,False
2025-11-23T22:29:55.475814,Day,L4,L4-M4,P-ABS,B251123-411,OP-2,intermediate,0.0,ok,72.2,75.7,49.3,5.61,3.0,119.2,11,1311,1.84,15.0,3.22,54.99,19.9,False
2025-11-23T22:31:55.475814,Night,L2,L2-M2,P-PEEK,B251123-623,OP-4,intermediate,25.4,due_soon,75.5,76.9,58.7,5.74,3.61,109.9,8,878,3.3,30.05,5.67,48.47,26.3,False
2025-11-23T22:32:55.475814,Day,L4,L4-M1,P-ABS,B251123-214,OP-3,novice,11.3,ok,75.5,75.4,64.8,5.27,3.57,114.5,9,1030,2.54,24.86,3.32,50.38,23.9,False
2025-11-23T23:30:55.475814,Night,L3,L3-M6,P-ABS,B251123-881,OP-4,intermediate,25.4,due_soon,72.1,72.2,51.7,5.22,3.78,133.2,15,1997,1.97,41.23,8.39,64.75,22.2,False
2025-11-24T00:24:55.475814,Day,L1,L1-M1,P-ABS,B251124-727,OP-3,novice,0.0,ok,72.1,71.4,56.2,5.72,3.16,115.7,14,1619,2.38,23.78,2.92,58.42,28.2,False
2025-11-24T01:55:55.475814,Swing,L3,L3-M2,P-ABS,B251124-937,OP-3,novice,22.4,ok,75.3,75.3,47.0,5.41,3.8,101.0,9,908,2.71,27.71,2.95,48.41,22.8,False
2025-11-24T02:59:55.475814,Day,L2,L2-M4,P-NYLON,B251124-154,OP-5,expert,25.9,due_soon,73.5,73.6,34.2,5.1,4.01,115.1,11,1265,1.15,12.72,5.88,53.5,26.1,False
2025-11-24T03:14:55.475814,Swing,L4,L4-M4,P-NYLON,B251124-644,OP-5,expert,22.1,ok,75.7,75.5,50.5,5.42,2.66,115.9,15,1739,1.37,24.03,2.27,61.76,23.1,False
2025-11-24T04:12:55.475814,Swing,L2,L2-M5,P-ABS,B251124-275,OP-2,intermediate,7.1,ok,75.9,75.7,48.7,5.61,3.62,143.2,10,1432,1.76,27.51,2.12,56.91,23.2,False
2025-11-24T04:15:55.475814,Night,L4,L4-M1,P-NYLON,B251124-529,OP-2,intermediate,3.7,ok,72.5,72.2,53.1,5.47,3.22,125.1,12,1501,1.57,21.19,4.97,56.79,27.1,False
2025-11-24T04:56:55.475814,Swing,L4,L4-M6,P-ABS,B251124-605,OP-3,novice,5.1,ok,74.3,76.6,49.5,4.93,3.61,137.2,14,1920,2.73,37.8,3.45,65.04,22.3,False
2025-11-24T05:08:55.475814,Swing,L1,L1-M4,P-PP,B251124-274,OP-1,expert,23.1,due_soon,74.1,72.0,58.6,5.63,2.84,133.7,12,1603,1.82,23.0,6.27,58.38,22.8,False
2025-11-24T07:09:55.475814,Night,L4,L4-M6,P-ABS,B251124-618,OP-5,expert,21.6,ok,74.3,74.1,44.4,5.93,3.48,133.0,9,1197,1.83,20.95,6.71,52.59,21.8,False
2025-11-24T08:11:55.475814,Swing,L2,L2-M4,P-PEEK,B251124-588,OP-5,expert,34.7,overdue,75.3,75.8,44.9,5.72,4.77,111.3,15,1668,2.79,53.35,9.44,60.74,21.2,False
2025-11-24T08:27:55.475814,Swing,L3,L3-M1,P-ABS,B251124-230,OP-2,intermediate,12.5,ok,73.6,75.0,45.0,5.46,2.7,115.1,13,1496,1.32,19.53,1.98,57.7,24.0,False
2025-11-24T09:11:55.475814,Night,L1,L1-M6,P-NYLON,B251124-451,OP-4,intermediate,15.2,ok,73.6,74.8,48.4,5.62,3.14,123.3,9,1110,2.09,23.88,5.57,51.44,22.9,False
2025-11-24T09:27:55.475814,Swing,L3,L3-M3,P-NYLON,B251124-553,OP-5,expert,29.7,due_soon,74.8,77.7,52.9,5.87,4.45,124.7,12,1496,2.42,29.8,5.13,58.63,20.5,False
2025-11-24T10:14:55.475814,Day,L2,L2-M3,P-NYLON,B251124-626,OP-4,intermediate,12.6,ok,73.9,71.8,37.7,5.38,3.04,113.8,11,1252,1.32,12.42,3.7,52.65,22.5,False
2025-11-24T10:28:55.475814,Day,L3,L3-M1,P-NYLON,B251124-584,OP-2,intermediate,0.0,ok,75.7,76.4,56.0,5.51,2.13,108.5,11,1193,2.19,18.13,4.6,53.34,20.4,False
2025-11-24T10:52:55.475814,Swing,L2,L2-M2,P-NYLON,B251124-993,OP-2,intermediate,9.5,ok,73.2,77.6,32.9,5.22,3.1,126.5,9,1138,2.63,25.45,3.93,52.86,23.5,False
2025-11-24T11:26:55.475814,Swing,L1,L1-M2,P-ABS,B251124-163,OP-5,expert,15.2,ok,73.7,73.3,50.1,5.75,3.23,129.7,8,1037,0.73,5.8,4.87,49.75,22.3,False
2025-11-24T12:30:55.475814,Day,L1,L1-M5,P-ABS,B251124-304,OP-3,novice,18.5,ok,72.5,74.7,44.0,5.59,3.12,116.6,8,932,2.07,17.59,3.16,48.56,26.5,False
2025-11-24T12:31:55.475814,Day,L2,L2-M2,P-PP,B251124-235,OP-3,novice,26.0,due_soon,74.4,74.6,44.3,5.54,3.01,103.0,11,1133,2.2,16.41,6.35,51.75,22.7,False
2025-11-24T12:44:55.475814,Day,L4,L4-M3,P-PEEK,B251124-131,OP-2,intermediate,27.7,due_soon,74.1,74.0,46.6,5.82,3.47,112.9,13,1468,1.72,29.47,4.99,56.89,30.2,False
2025-11-24T13:01:55.475814,Day,L1,L1-M5,P-PP,B251124-703,OP-5,expert,7.2,ok,72.7,72.8,62.6,5.39,1.98,120.6,8,964,1.32,14.46,3.24,48.42,23.9,False
2025-11-24T13:18:55.475814,Day,L3,L3-M6,P-NYLON,B251124-174,OP-3,novice,26.2,due_soon,73.9,74.8,47.2,5.31,3.79,102.5,11,1127,1.76,22.84,4.5,51.72,23.4,False
2025-11-24T13:32:55.475814,Day,L4,L4-M5,P-ABS,B251124-830,OP-2,intermediate,10.7,ok,75.6,77.7,50.6,5.76,2.45,112.0,10,1119,2.48,32.75,4.45,52.59,27.3,False
2025-11-24T15:04:55.475814,Day,L1,L1-M5,P-ABS,B251124-873,OP-2,intermediate,4.0,ok,72.2,72.8,47.0,6.13,3.25,123.9,10,1239,1.17,10.8,4.1,52.81,27.1,False
2025-11-24T15:06:55.475814,Swing,L3,L3-M4,P-PEEK,B251124-842,OP-2,intermediate,21.0,ok,74.1,72.8,45.8,5.45,3.94,124.0,10,1240,1.55,13.64,3.14,52.82,23.0,False
2025-11-24T15:12:55.475814,Swing,L3,L3-M4,P-NYLON,B251124-237,OP-1,expert,14.7,ok,75.3,74.0,58.6,5.63,4.12,118.8,13,1544,1.33,14.18,3.86,58.12,23.4,False
2025-11-24T15:50:55.475814,Day,L3,L3-M2,P-PEEK,B251124-334,OP-4,intermediate,9.8,ok,74.0,75.8,34.9,5.63,2.97,120.1,9,1080,1.67,19.41,3.58,51.33,25.9,False
2025-11-24T15:54:55.475814,Night,L2,L2-M6,P-NYLON,B251124-567,OP-1,expert,15.7,ok,74.7,75.4,38.6,5.27,2.85,118.4,8,947,1.28,12.1,5.75,49.05,28.5,False
2025-11-24T16:10:55.475814,Swing,L3,L3-M4,P-NYLON,B251124-670,OP-3,novice,42.3,overdue,72.4,75.1,42.8,5.68,5.77,87.2,12,1045,3.72,23.46,10.54,50.54,25.9,True
2025-11-24T16:15:55.475814,Day,L4,L4-M1,P-NYLON,B251124-286,OP-5,expert,23.4,due_soon,74.2,75.1,59.6,5.21,3.7,139.5,14,1952,1.69,33.81,5.49,65.03,26.7,False
2025-11-24T16:49:55.475814,Day,L1,L1-M1,P-PEEK,B251124-174,OP-2,intermediate,0.0,ok,73.5,72.6,42.5,6.35,3.38,125.7,14,1759,1.07,15.23,3.35,61.06,25.1,False
2025-11-24T16:55:55.475814,Night,L1,L1-M5,P-PP,B251124-733,OP-2,intermediate,21.5,ok,75.6,74.9,51.8,5.49,3.71,131.1,8,1048,1.49,10.69,6.09,50.49,21.5,False
2025-11-24T17:33:55.475814,Day,L2,L2-M4,P-PEEK,B251124-487,OP-4,intermediate,25.2,due_soon,73.6,72.4,43.1,5.64,3.43,106.8,11,1174,1.71,21.42,5.17,51.65,24.1,False
2025-11-24T17:57:55.475814,Night,L2,L2-M1,P-PEEK,B251124-689,OP-2,intermediate,10.8,ok,72.7,70.0,50.2,5.61,3.83,113.1,14,1582,1.7,29.07,4.09,57.34,24.3,False
2025-11-24T18:28:55.475814,Swing,L1,L1-M3,P-PP,B251124-437,OP-5,expert,12.3,ok,73.4,72.4,36.3,5.64,3.58,135.5,10,1355,0.86,7.42,3.95,54.54,22.9,False
2025-11-24T18:36:55.475814,Night,L4,L4-M3,P-NYLON,B251124-589,OP-1,expert,0.0,ok,75.8,78.3,55.9,5.63,4.28,115.2,14,1612,2.79,38.91,4.36,60.7,24.7,False
2025-11-24T18:45:55.475814,Swing,L2,L2-M3,P-NYLON,B251124-519,OP-4,intermediate,9.9,ok,73.1,73.4,57.5,5.35,2.63,144.3,10,1443,1.59,22.28,3.94,56.27,25.1,False
2025-11-24T20:44:55.475814,Day,L2,L2-M5,P-PEEK,B251124-773,OP-2,intermediate,32.1,overdue,73.9,71.9,54.3,5.49,5.49,106.1,14,1486,2.44,22.78,7.86,56.45,24.9,True
2025-11-24T20:48:55.475814,Swing,L2,L2-M2,P-PEEK,B251124-723,OP-1,expert,0.0,ok,72.8,71.5,38.0,5.29,3.44,135.6,14,1899,1.13,19.37,5.03,62.91,27.0,False
2025-11-24T20:51:55.475814,Day,L3,L3-M5,P-ABS,B251124-704,OP-4,intermediate,40.0,overdue,72.5,78.2,49.4,5.39,5.24,127.0,13,1651,3.47,50.08,9.99,61.29,25.6,True
2025-11-24T21:19:55.475814,Day,L2,L2-M3,P-ABS,B251124-494,OP-5,expert,8.1,ok,72.2,77.2,35.1,4.76,2.84,109.3,11,1202,1.87,19.51,2.09,53.76,25.4,False
2025-11-24T21:32:55.475814,Swing,L1,L1-M2,P-NYLON,B251124-597,OP-4,intermediate,29.4,due_soon,73.4,76.7,50.3,5.41,3.41,104.4,9,940,2.57,19.37,5.52,49.38,20.7,False
2025-11-24T21:37:55.475814,Day,L1,L1-M4,P-PEEK,B251124-754,OP-1,expert,15.7,ok,74.6,78.3,49.9,5.35,2.74,103.1,13,1340,2.28,18.56,3.5,56.36,29.7,False
2025-11-24T22:04:55.475814,Day,L3,L3-M5,P-ABS,B251124-222,OP-3,novice,39.7,overdue,73.7,72.4,53.8,5.87,6.1,104.5,11,1148,3.05,23.41,10.03,51.24,23.4,True
2025-11-24T22:04:55.475814,Swing,L4,L4-M2,P-ABS,B251124-224,OP-2,intermediate,27.2,due_soon,72.6,73.1,66.1,5.23,3.2,131.4,14,1839,2.3,38.97,5.21,62.51,22.1,False
2025-11-24T22:07:55.475814,Swing,L3,L3-M1,P-NYLON,B251124-901,OP-3,novice,30.3,overdue,74.7,74.7,42.7,5.22,4.06,96.5,13,1254,3.11,33.96,7.33,53.71,21.6,False
2025-11-25T00:13:55.475814,Day,L2,L2-M6,P-PP,B251125-360,OP-3,novice,29.7,due_soon,75.0,72.6,52.4,5.52,2.78,112.8,13,1466,2.33,34.8,4.08,56.39,22.4,False
2025-11-25T00:16:55.475814,Night,L1,L1-M3,P-PEEK,B251125-705,OP-3,novice,26.9,due_soon,74.3,73.9,52.3,5.48,3.23,114.1,15,1711,2.34,41.04,6.73,60.75,24.0,False
2025-11-25T00:27:55.475814,Day,L3,L3-M5,P-PP,B251125-227,OP-5,expert,17.6,ok,74.7,72.1,36.6,5.12,3.34,126.2,8,1009,0.89,6.68,3.23,48.89,22.5,False
2025-11-25T01:16:55.475814,Day,L1,L1-M1,P-ABS,B251125-812,OP-2,intermediate,16.4,ok,75.2,76.3,57.9,5.4,3.22,118.6,15,1779,2.1,28.95,3.42,62.68,29.5,False
2025-11-25T01:35:55.475814,Swing,L1,L1-M6,P-PEEK,B251125-766,OP-5,expert,16.7,ok,73.4,75.0,49.6,5.52,3.37,141.7,15,2126,0.9,22.58,2.62,67.78,22.4,False
2025-11-25T01:38:55.475814,Day,L1,L1-M1,P-PP,B251125-525,OP-5,expert,34.6,overdue,73.0,73.0,47.7,5.55,4.55,108.6,14,1521,1.53,27.03,10.02,57.39,26.3,False
2025-11-25T02:18:55.475814,Swing,L4,L4-M6,P-ABS,B251125-565,OP-3,novice,0.0,ok,73.4,73.5,59.9,5.2,3.42,105.8,9,952,2.6,27.33,3.3,48.45,23.8,False
2025-11-25T02:31:55.475814,Swing,L4,L4-M6,P-ABS,B251125-969,OP-4,intermediate,15.1,ok,74.5,76.9,57.8,5.49,2.79,119.5,10,1194,2.37,17.39,2.83,53.53,27.8,False
2025-11-25T02:36:55.475814,Day,L2,L2-M4,P-NYLON,B251125-619,OP-1,expert,12.7,ok,75.9,79.4,49.2,5.47,3.19,126.8,13,1649,2.72,35.41,2.63,61.68,27.0,False
2025-11-25T03:43:55.475814,Swing,L4,L4-M2,P-PP,B251125-927,OP-1,expert,28.8,due_soon,74.7,79.8,35.7,5.32,3.69,137.1,14,1919,2.82,34.34,5.82,66.13,28.7,False
2025-11-25T05:14:55.475814,Day,L4,L4-M4,P-NYLON,B251125-239,OP-5,expert,13.8,ok,74.8,74.3,40.3,5.9,2.98,116.4,11,1280,0.96,9.62,3.7,53.98,28.5,False
2025-11-25T06:18:55.475814,Day,L2,L2-M3,P-PEEK,B251125-759,OP-4,intermediate,8.3,ok,72.5,72.8,46.3,5.82,3.68,141.7,15,2125,0.82,13.42,2.74,66.98,23.7,False
2025-11-25T06:33:55.475814,Day,L2,L2-M4,P-ABS,B251125-590,OP-3,novice,5.1,ok,75.1,79.0,54.6,5.38,2.76,91.3,10,912,3.31,24.92,3.12,49.76,25.8,False
2025-11-25T07:17:55.475814,Swing,L2,L2-M1,P-PP,B251125-514,OP-2,intermediate,32.1,overdue,75.0,76.5,48.5,5.43,5.4,138.5,8,1107,3.18,25.72,11.36,52.0,22.6,True
2025-11-25T07:50:55.475814,Swing,L1,L1-M3,P-ABS,B251125-337,OP-1,expert,27.1,due_soon,73.7,72.3,43.2,4.94,4.37,128.1,11,1409,1.16,14.7,7.1,55.35,25.2,False
2025-11-25T10:15:55.475814,Day,L2,L2-M2,P-NYLON,B251125-300,OP-1,expert,55.9,overdue,73.1,77.4,42.4,5.71,5.21,120.4,10,1204,3.36,41.05,9.16,53.85,28.5,True
2025-11-25T10:39:55.475814,Swing,L3,L3-M4,P-NYLON,B251125-936,OP-5,expert,17.3,ok,73.0,73.6,49.0,5.21,2.15,137.2,12,1646,1.25,23.37,4.9,59.62,23.9,False
2025-11-25T11:50:55.475814,Night,L2,L2-M4,P-PEEK,B251125-401,OP-5,expert,22.0,ok,72.3,72.3,55.8,5.3,3.66,116.5,13,1515,1.69,20.5,5.61,57.05,25.3,False
2025-11-25T12:13:55.475814,Day,L1,L1-M3,P-ABS,B251125-530,OP-4,intermediate,18.9,ok,73.3,71.6,42.0,5.12,2.27,120.8,10,1208,1.08,15.33,2.85,51.9,28.0,False
2025-11-25T12:27:55.475814,Night,L1,L1-M6,P-NYLON,B251125-492,OP-1,expert,15.0,ok,74.3,74.5,49.6,5.58,2.84,124.5,8,995,1.56,9.93,4.49,49.49,21.1,False
2025-11-25T12:29:55.475814,Swing,L2,L2-M3,P-PP,B251125-197,OP-3,novice,25.5,due_soon,72.5,73.2,61.8,5.29,3.3,103.1,12,1237,2.89,29.55,4.42,52.94,24.8,False
2025-11-25T13:12:55.475814,Day,L4,L4-M2,P-NYLON,B251125-792,OP-1,expert,43.8,overdue,73.7,73.0,54.0,5.57,5.24,106.7,13,1387,1.95,21.8,10.64,55.23,32.0,True
2025-11-25T13:20:55.475814,Swing,L4,L4-M3,P-PEEK,B251125-432,OP-2,intermediate,10.6,ok,74.5,77.4,65.9,6.21,3.5,118.2,10,1182,2.97,32.83,4.12,53.5,23.9,False
2025-11-25T13:47:55.475814,Swing,L1,L1-M6,P-PEEK,B251125-374,OP-3,novice,23.4,due_soon,75.0,75.4,47.3,5.59,3.62,126.9,11,1396,2.64,30.2,4.82,56.23,25.7,False
2025-11-25T14:00:55.475814,Night,L3,L3-M1,P-NYLON,B251125-537,OP-3,novice,6.0,ok,74.6,74.3,55.1,5.97,1.87,112.8,12,1353,2.75,43.68,3.9,55.18,24.1,False
2025-11-25T14:20:55.475814,Day,L2,L2-M2,P-PEEK,B251125-386,OP-1,expert,30.0,overdue,72.9,77.2,45.7,5.83,5.21,124.7,11,1372,2.81,41.59,8.99,56.48,25.6,True
2025-11-25T15:11:55.475814,Day,L4,L4-M2,P-PEEK,B251125-806,OP-1,expert,16.9,ok,75.8,80.8,36.4,5.48,3.15,123.3,12,1479,2.85,31.85,6.02,59.47,23.3,True
2025-11-25T15:25:55.475814,Night,L4,L4-M2,P-PEEK,B251125-247,OP-3,novice,13.4,ok,72.2,71.9,50.1,5.78,3.44,124.4,8,995,2.21,15.57,4.11,48.59,22.0,False
2025-11-25T16:03:55.475814,Swing,L1,L1-M2,P-PP,B251125-234,OP-1,expert,23.3,due_soon,74.8,72.4,60.3,5.53,3.53,121.7,8,973,1.78,11.12,4.11,48.4,26.7,False
2025-11-25T17:11:55.475814,Day,L3,L3-M5,P-ABS,B251125-794,OP-4,intermediate,5.0,ok,72.1,69.9,41.5,5.3,3.02,116.9,9,1052,0.73,7.46,4.54,48.8,27.0,False
2025-11-25T17:14:55.475814,Swing,L1,L1-M1,P-ABS,B251125-829,OP-2,intermediate,14.3,ok,75.8,81.5,55.1,5.29,3.06,100.1,13,1300,3.69,48.1,5.03,56.83,25.8,True
2025-11-25T17:29:55.475814,Swing,L3,L3-M3,P-PEEK,B251125-510,OP-3,novice,9.8,ok,73.5,77.1,37.1,5.8,3.42,119.6,14,1673,2.65,46.72,4.3,61.27,25.1,False
2025-11-25T18:06:55.475814,Night,L4,L4-M3,P-PEEK,B251125-214,OP-1,expert,10.4,ok,73.7,73.4,52.1,4.91,2.65,119.2,14,1669,1.95,23.48,5.42,59.89,21.4,False
2025-11-25T18:32:55.475814,Day,L1,L1-M2,P-PEEK,B251125-793,OP-2,intermediate,3.4,ok,74.4,76.3,40.2,5.43,2.99,137.4,14,1922,1.93,33.37,3.89,64.98,25.1,False
2025-11-25T19:44:55.475814,Swing,L1,L1-M6,P-PEEK,B251125-607,OP-4,intermediate,15.4,ok,72.7,73.6,59.2,5.89,3.58,114.9,10,1148,1.74,21.49,5.6,51.63,27.2,False
2025-11-25T20:52:55.475814,Swing,L4,L4-M1,P-NYLON,B251125-933,OP-4,intermediate,13.2,ok,74.1,75.5,41.1,5.6,3.21,108.1,13,1405,1.65,15.37,3.36,56.42,23.4,False
2025-11-25T21:12:55.475814,Night,L3,L3-M5,P-PP,B251125-956,OP-2,intermediate,15.9,ok,75.0,76.2,50.4,5.81,3.11,106.2,8,849,2.46,21.04,3.75,47.74,20.4,False
2025-11-25T21:14:55.475814,Day,L4,L4-M6,P-NYLON,B251125-733,OP-3,novice,39.3,overdue,75.9,76.3,70.5,5.28,5.26,99.5,14,1393,4.42,46.75,9.71,56.48,27.9,True
2025-11-25T21:28:55.475814,Swing,L4,L4-M6,P-ABS,B251125-365,OP-4,intermediate,24.9,due_soon,73.8,70.3,49.0,4.72,3.6,112.7,8,901,2.02,18.65,4.74,46.53,18.7,False
2025-11-25T22:15:55.475814,Night,L2,L2-M5,P-PP,B251125-800,OP-2,intermediate,14.8,ok,74.4,73.8,57.6,5.8,3.04,129.8,13,1687,1.97,28.86,6.03,60.34,22.8,False
2025-11-25T23:12:55.475814,Day,L4,L4-M2,P-ABS,B251125-952,OP-2,intermediate,9.3,ok,73.8,76.7,37.9,5.5,3.45,122.5,8,979,1.41,11.86,3.65,50.04,26.6,False
2025-11-25T23:20:55.475814,Day,L3,L3-M6,P-ABS,B251125-396,OP-4,intermediate,36.4,overdue,75.1,74.9,46.1,6.3,5.54,113.8,8,910,1.99,21.31,11.01,48.29,26.8,True
2025-11-26T00:32:55.475814,Day,L3,L3-M6,P-NYLON,B251126-287,OP-1,expert,20.1,ok,72.7,70.9,52.5,5.38,2.65,119.8,10,1197,0.77,9.33,4.02,51.5,29.1,False
2025-11-26T00:54:55.475814,Day,L4,L4-M2,P-PEEK,B251126-438,OP-4,intermediate,0.0,ok,74.2,73.5,42.3,4.85,3.55,124.7,14,1746,1.17,18.74,1.56,61.15,23.6,False
2025-11-26T01:48:55.475814,Night,L1,L1-M4,P-PP,B251126-635,OP-3,novice,22.2,ok,74.5,74.9,67.9,5.33,2.62,115.6,12,1386,3.39,35.25,3.23,55.89,25.1,False
2025-11-26T02:15:55.475814,Night,L2,L2-M1,P-ABS,B251126-925,OP-3,novice,36.7,overdue,75.2,74.8,42.3,5.65,4.91,111.2,8,889,3.92,29.1,10.89,47.91,22.3,False
2025-11-26T03:47:55.475814,Night,L2,L2-M4,P-NYLON,B251126-499,OP-1,expert,33.6,overdue,72.6,78.1,56.4,5.13,5.48,129.5,11,1424,3.76,49.14,12.96,57.64,25.6,True
2025-11-26T04:33:55.475814,Day,L1,L1-M5,P-NYLON,B251126-686,OP-3,novice,6.5,ok,73.0,71.3,41.5,5.22,3.57,134.5,8,1075,2.21,15.26,4.67,49.68,22.2,False
2025-11-26T06:04:55.475814,Swing,L3,L3-M2,P-NYLON,B251126-976,OP-3,novice,24.2,due_soon,73.6,73.1,69.8,5.48,3.51,97.2,11,1069,3.27,23.17,5.09,50.2,22.0,False
2025-11-26T06:32:55.475814,Night,L4,L4-M2,P-NYLON,B251126-298,OP-5,expert,12.4,ok,72.4,76.6,54.2,5.56,3.01,152.9,13,1988,1.63,33.54,4.99,66.14,30.4,False
2025-11-26T06:58:55.475814,Day,L2,L2-M3,P-NYLON,B251126-467,OP-5,expert,34.5,overdue,74.7,79.3,54.0,5.3,5.88,117.7,11,1295,4.17,46.22,11.79,55.99,25.7,True
2025-11-26T06:59:55.475814,Day,L2,L2-M2,P-ABS,B251126-214,OP-1,expert,14.0,ok,72.3,72.3,50.5,5.24,2.97,150.0,10,1499,0.66,11.57,2.06,56.78,26.6,False
2025-11-26T08:10:55.475814,Day,L3,L3-M6,P-PP,B251126-324,OP-4,intermediate,21.0,ok,74.7,75.0,52.2,5.56,3.62,124.3,11,1367,1.5,15.74,3.5,55.61,23.7,False
2025-11-26T08:24:55.475814,Night,L1,L1-M4,P-ABS,B251126-125,OP-5,expert,0.0,ok,74.0,74.5,59.1,5.89,3.45,124.8,13,1621,1.39,26.39,4.23,59.52,24.7,False
2025-11-26T08:25:55.475814,Day,L3,L3-M6,P-NYLON,B251126-182,OP-2,intermediate,17.6,ok,74.9,73.2,38.4,5.89,3.31,101.8,8,814,1.46,7.5,2.84,46.14,24.3,False
2025-11-26T08:49:55.475814,Night,L3,L3-M6,P-PP,B251126-368,OP-2,intermediate,1.7,ok,74.5,75.9,49.1,5.56,3.41,131.7,10,1316,1.75,14.33,4.43,55.12,24.7,False
2025-11-26T09:25:55.475814,Day,L4,L4-M6,P-ABS,B251126-679,OP-4,intermediate,15.6,ok,72.2,71.2,44.5,5.42,3.05,123.1,12,1477,1.31,14.21,4.19,56.05,24.6,False
2025-11-26T12:28:55.475814,Swing,L4,L4-M3,P-ABS,B251126-136,OP-1,expert,11.2,ok,72.1,76.5,53.3,5.98,3.62,120.5,13,1566,1.59,15.85,2.63,59.33,27.4,False
2025-11-26T12:50:55.475814,Swing,L1,L1-M6,P-PEEK,B251126-507,OP-5,expert,9.2,ok,73.7,73.6,58.2,5.75,2.44,112.3,13,1460,1.34,18.16,3.11,56.61,24.9,False
2025-11-26T12:51:55.475814,Day,L3,L3-M3,P-ABS,B251126-704,OP-4,intermediate,20.1,ok,75.0,77.3,46.0,5.72,2.04,121.7,10,1216,2.01,19.49,3.29,54.01,23.1,False
2025-11-26T14:04:55.475814,Swing,L2,L2-M6,P-NYLON,B251126-924,OP-5,expert,32.2,overdue,73.3,75.2,35.7,5.44,4.0,115.8,9,1042,1.14,7.94,8.15,50.51,24.3,False
2025-11-26T14:14:55.475814,Day,L4,L4-M2,P-PP,B251126-550,OP-3,novice,39.9,overdue,75.2,81.6,55.7,5.69,5.22,90.4,9,813,5.54,36.95,12.66,49.09,25.3,True
2025-11-26T15:25:55.475814,Day,L3,L3-M5,P-PEEK,B251126-683,OP-3,novice,13.0,ok,72.7,74.9,51.1,4.6,2.66,113.9,14,1594,1.44,19.27,4.2,59.23,27.2,False
2025-11-26T15:51:55.475814,Swing,L2,L2-M4,P-PEEK,B251126-974,OP-5,expert,13.5,ok,74.7,73.4,45.0,5.5,3.11,114.4,8,915,1.55,13.09,3.99,47.84,25.7,False
2025-11-26T16:03:55.475814,Night,L4,L4-M3,P-ABS,B251126-490,OP-5,expert,7.8,ok,74.2,73.8,55.0,5.4,3.31,113.7,14,1591,1.74,16.91,5.81,58.8,29.1,False
2025-11-26T16:17:55.475814,Swing,L4,L4-M5,P-ABS,B251126-176,OP-3,novice,0.0,ok,75.9,75.9,51.1,5.17,1.97,106.1,8,848,2.45,23.65,5.07,47.64,27.3,False
2025-11-26T16:42:55.475814,Day,L4,L4-M1,P-ABS,B251126-540,OP-3,novice,24.0,due_soon,73.0,75.2,42.7,5.28,4.27,121.4,8,970,2.09,13.47,5.72,49.34,25.1,False
2025-11-26T17:56:55.475814,Day,L3,L3-M5,P-ABS,B251126-606,OP-5,expert,11.5,ok,73.8,75.8,45.4,5.3,4.13,115.8,14,1620,1.32,21.29,3.93,59.98,29.7,False
2025-11-26T18:36:55.475814,Day,L2,L2-M5,P-ABS,B251126-466,OP-5,expert,8.4,ok,74.5,75.9,54.1,5.77,3.18,148.7,10,1487,0.86,10.29,3.21,57.86,25.5,False
2025-11-26T18:41:55.475814,Swing,L3,L3-M2,P-PP,B251126-565,OP-3,novice,21.9,ok,75.6,75.9,55.7,5.61,3.05,106.4,8,851,2.28,12.97,1.61,47.7,24.8,False
2025-11-26T18:45:55.475814,Day,L4,L4-M4,P-NYLON,B251126-363,OP-2,intermediate,3.1,ok,74.0,74.0,44.2,5.74,2.98,112.3,12,1347,1.27,14.49,3.7,54.95,23.8,False
2025-11-26T19:25:55.475814,Night,L1,L1-M4,P-NYLON,B251126-824,OP-4,intermediate,7.3,ok,75.8,76.5,56.6,5.93,3.69,127.8,12,1533,2.72,48.04,4.07,58.82,23.7,False
2025-11-26T19:47:55.475814,Day,L1,L1-M3,P-PP,B251126-161,OP-4,intermediate,9.4,ok,73.8,74.6,47.5,5.75,3.61,129.0,8,1032,1.26,10.3,4.99,50.12,24.8,False
2025-11-26T19:51:55.475814,Swing,L3,L3-M1,P-PP,B251126-188,OP-5,expert,6.3,ok,73.7,73.2,52.4,6.05,2.66,124.6,8,996,0.95,9.65,4.06,49.06,25.3,False
2025-11-26T19:56:55.475814,Day,L4,L4-M5,P-PP,B251126-689,OP-3,novice,0.0,ok,75.4,78.6,53.3,4.76,3.54,110.2,12,1322,3.24,37.34,2.43,56.17,24.8,False
2025-11-26T20:12:55.475814,Day,L4,L4-M5,P-NYLON,B251126-828,OP-2,intermediate,27.4,due_soon,74.0,77.2,51.2,5.22,2.88,131.0,15,1965,1.87,28.92,3.66,65.97,25.9,False
2025-11-26T20:22:55.475814,Day,L4,L4-M4,P-NYLON,B251126-207,OP-4,intermediate,8.4,ok,73.9,74.6,59.9,5.51,2.85,130.0,9,1169,1.73,13.15,3.31,52.32,24.2,False
2025-11-26T20:36:55.475814,Day,L4,L4-M2,P-NYLON,B251126-654,OP-4,intermediate,20.0,ok,74.7,75.6,54.0,5.62,3.43,134.4,14,1881,1.75,38.7,2.56,64.06,28.5,False
2025-11-26T21:06:55.475814,Night,L4,L4-M1,P-PEEK,B251126-949,OP-3,novice,0.0,ok,72.1,69.0,39.0,5.05,3.15,110.6,12,1327,2.51,28.58,6.9,52.9,21.5,False
2025-11-26T21:19:55.475814,Night,L2,L2-M3,P-ABS,B251126-322,OP-2,intermediate,20.3,ok,73.6,73.7,63.5,5.97,3.21,136.4,14,1909,2.61,41.15,4.78,63.84,26.9,False
2025-11-26T21:40:55.475814,Day,L1,L1-M4,P-PEEK,B251126-347,OP-2,intermediate,2.2,ok,75.2,76.1,45.1,5.94,3.22,128.0,11,1408,1.54,19.93,3.69,56.67,28.3,False
2025-11-26T21:49:55.475814,Day,L2,L2-M2,P-PP,B251126-347,OP-1,expert,14.1,ok,73.1,71.7,47.6,5.18,3.21,130.0,10,1299,0.95,13.87,1.85,53.4,26.5,False
2025-11-26T22:48:55.475814,Day,L1,L1-M5,P-PP,B251126-553,OP-5,expert,18.8,ok,73.5,80.9,50.6,4.97,2.53,125.6,12,1507,2.6,25.79,6.17,59.91,22.0,True
2025-11-26T23:15:55.475814,Swing,L4,L4-M5,P-NYLON,B251126-996,OP-3,novice,16.9,ok,73.0,72.5,47.5,5.8,3.6,117.2,15,1758,2.57,41.41,2.68,61.02,19.5,False
2025-11-26T23:19:55.475814,Day,L3,L3-M1,P-PEEK,B251126-406,OP-5,expert,31.2,overdue,74.0,77.4,47.4,5.33,5.78,118.9,12,1426,2.82,27.39,11.8,57.41,23.7,True
2025-11-26T23:26:55.475814,Night,L1,L1-M2,P-ABS,B251126-285,OP-4,intermediate,4.0,ok,73.6,74.3,59.2,5.45,2.19,95.5,9,859,2.12,12.26,3.02,47.27,25.5,False
2025-11-26T23:27:55.475814,Day,L2,L2-M5,P-ABS,B251126-938,OP-1,expert,25.9,due_soon,73.2,72.4,59.7,5.86,3.98,115.2,12,1382,1.36,12.47,4.19,54.97,26.2,False
2025-11-27T00:13:55.475814,Day,L3,L3-M5,P-PEEK,B251127-963,OP-4,intermediate,13.0,ok,75.1,75.3,57.4,5.45,4.16,116.4,8,931,1.36,8.01,3.27,48.74,27.7,False
2025-11-27T00:28:55.475814,Night,L1,L1-M3,P-NYLON,B251127-477,OP-5,expert,22.9,ok,74.8,74.6,53.8,5.38,3.49,115.1,13,1496,1.78,27.5,4.31,57.55,25.0,False
2025-11-27T00:43:55.475814,Swing,L2,L2-M3,P-ABS,B251127-537,OP-2,intermediate,27.6,due_soon,72.0,73.3,48.1,5.55,3.91,115.7,8,925,1.71,15.74,5.3,47.96,24.2,False
2025-11-27T01:19:55.475814,Day,L1,L1-M4,P-NYLON,B251127-563,OP-4,intermediate,33.9,overdue,75.7,76.6,41.8,4.93,4.87,119.5,14,1672,3.1,59.13,9.62,61.09,24.3,False
2025-11-27T01:32:55.475814,Day,L1,L1-M6,P-NYLON,B251127-893,OP-5,expert,42.9,overdue,73.6,76.1,38.7,5.37,5.62,111.4,12,1337,2.23,17.95,9.39,55.53,32.0,True
2025-11-27T01:47:55.475814,Swing,L4,L4-M4,P-PP,B251127-843,OP-5,expert,18.6,ok,75.4,73.2,45.2,5.02,3.8,128.9,9,1160,0.7,8.95,1.99,51.67,24.4,False
2025-11-27T01:51:55.475814,Swing,L1,L1-M2,P-ABS,B251127-875,OP-1,expert,20.5,ok,72.6,72.1,56.2,5.53,3.33,137.0,12,1644,1.23,12.17,3.58,59.04,24.5,False
2025-11-27T02:01:55.475814,Day,L3,L3-M3,P-ABS,B251127-325,OP-2,intermediate,34.1,overdue,73.8,73.1,50.1,5.41,5.62,100.1,10,1000,2.4,15.97,10.93,49.09,25.9,True
2025-11-27T02:15:55.475814,Swing,L3,L3-M4,P-NYLON,B251127-610,OP-5,expert,31.5,overdue,73.1,71.0,46.2,5.78,4.51,111.4,15,1671,2.0,34.95,9.32,59.11,25.4,False
2025-11-27T02:17:55.475814,Day,L4,L4-M2,P-NYLON,B251127-621,OP-4,intermediate,10.8,ok,73.5,72.1,36.4,4.98,3.8,137.0,12,1644,0.94,10.28,3.42,59.04,29.0,False
2025-11-27T02:49:55.475814,Swing,L1,L1-M4,P-PP,B251127-166,OP-2,intermediate,24.3,due_soon,74.9,76.3,39.2,5.58,4.03,107.5,12,1290,2.6,27.87,6.82,54.86,26.3,False
2025-11-27T03:34:55.475814,Swing,L4,L4-M3,P-PP,B251127-540,OP-2,intermediate,35.9,overdue,74.5,73.4,38.5,5.42,4.77,116.3,11,1278,2.22,20.41,9.97,53.64,27.0,False
2025-11-27T03:58:55.475814,Day,L3,L3-M2,P-PP,B251127-771,OP-5,expert,39.9,overdue,73.7,71.2,44.9,5.42,5.15,99.2,9,892,1.66,17.39,9.7,46.72,22.0,False
2025-11-27T04:03:55.475814,Swing,L2,L2-M3,P-NYLON,B251127-287,OP-3,novice,4.5,ok,74.9,80.3,49.3,5.0,3.01,119.8,14,1677,3.79,59.62,5.84,62.44,21.4,True
2025-11-27T04:37:55.475814,Day,L3,L3-M5,P-ABS,B251127-690,OP-4,intermediate,19.4,ok,72.8,72.9,42.1,5.38,3.38,124.1,12,1488,1.4,18.27,2.48,56.84,24.1,False
2025-11-27T04:48:55.475814,Day,L2,L2-M2,P-ABS,B251127-587,OP-2,intermediate,4.4,ok,72.3,72.4,45.5,5.59,2.85,133.7,12,1603,1.52,27.52,4.14,58.49,25.7,False
2025-11-27T06:12:55.475814,Day,L2,L2-M4,P-ABS,B251127-846,OP-3,novice,19.3,ok,74.0,74.1,58.9,5.04,3.7,115.4,10,1154,2.07,19.53,3.96,51.91,23.0,False
2025-11-27T06:18:55.475814,Day,L4,L4-M4,P-PEEK,B251127-645,OP-5,expert,31.5,overdue,73.3,76.5,50.0,5.38,4.68,115.7,10,1157,2.37,21.41,9.99,52.79,29.7,False
2025-11-27T06:32:55.475814,Day,L1,L1-M3,P-ABS,B251127-217,OP-2,intermediate,9.9,ok,73.5,73.2,40.7,5.34,3.32,105.4,12,1264,1.29,12.6,1.23,53.37,26.0,False
2025-11-27T06:42:55.475814,Swing,L2,L2-M6,P-ABS,B251127-498,OP-1,expert,15.4,ok,72.1,73.6,52.0,5.8,4.03,98.8,8,790,1.31,10.25,4.25,45.9,24.6,False
2025-11-27T06:53:55.475814,Night,L1,L1-M6,P-ABS,B251127-442,OP-4,intermediate,13.7,ok,72.9,74.6,45.2,5.67,3.73,99.3,15,1489,2.12,33.62,5.6,57.45,24.4,False
2025-11-27T08:20:55.475814,Day,L2,L2-M2,P-PP,B251127-314,OP-4,intermediate,9.8,ok,75.7,76.4,45.0,5.65,3.19,133.3,13,1732,1.68,20.31,3.0,61.97,26.0,False
2025-11-27T08:26:55.475814,Day,L3,L3-M4,P-NYLON,B251127-500,OP-4,intermediate,2.8,ok,72.5,73.3,56.7,5.03,3.01,113.6,14,1591,1.84,18.72,3.17,58.61,24.9,False
2025-11-27T08:29:55.475814,Day,L2,L2-M1,P-ABS,B251127-263,OP-3,novice,26.0,due_soon,74.2,73.3,52.5,5.34,2.76,117.5,9,1057,2.07,19.2,5.57,50.07,29.0,False
2025-11-27T10:07:55.475814,Swing,L1,L1-M2,P-ABS,B251127-185,OP-1,expert,0.0,ok,73.4,77.2,46.9,5.3,4.1,134.1,14,1877,2.24,30.33,4.49,64.55,25.8,False
2025-11-27T11:08:55.475814,Night,L3,L3-M4,P-ABS,B251127-898,OP-1,expert,20.1,ok,74.8,76.7,38.4,5.58,2.85,127.2,14,1781,2.21,32.72,5.47,62.85,20.0,False
2025-11-27T11:35:55.475814,Night,L2,L2-M5,P-NYLON,B251127-761,OP-1,expert,15.2,ok,74.5,73.8,63.5,5.59,3.75,124.3,8,994,1.76,11.52,3.75,49.24,24.9,False
2025-11-27T13:11:55.475814,Day,L1,L1-M4,P-PEEK,B251127-621,OP-4,intermediate,28.5,due_soon,72.8,76.8,62.2,5.37,3.4,124.1,11,1365,2.88,30.27,4.82,56.24,26.8,False
2025-11-27T13:17:55.475814,Swing,L4,L4-M6,P-ABS,B251127-812,OP-3,novice,14.6,ok,75.5,75.7,42.9,5.64,3.35,101.0,8,807,2.81,14.3,2.76,46.9,21.3,False
2025-11-27T13:24:55.475814,Day,L1,L1-M6,P-ABS,B251127-977,OP-5,expert,8.9,ok,75.5,80.3,44.4,5.4,2.54,117.2,15,1758,2.52,30.85,5.66,63.73,24.2,True
2025-11-27T13:32:55.475814,Day,L3,L3-M6,P-NYLON,B251127-470,OP-4,intermediate,9.3,ok,72.4,72.7,33.2,5.34,2.8,130.3,14,1824,1.47,28.89,4.28,62.12,24.9,False
2025-11-27T14:54:55.475814,Night,L3,L3-M2,P-NYLON,B251127-640,OP-5,expert,5.7,ok,73.4,73.9,49.3,5.38,3.92,119.8,12,1437,1.47,22.5,3.86,56.37,20.2,False
2025-11-27T15:49:55.475814,Day,L4,L4-M4,P-ABS,B251127-719,OP-5,expert,15.5,ok,72.8,72.1,59.4,5.77,2.42,134.9,14,1889,1.02,17.64,2.06,62.98,27.4,False
2025-11-27T15:52:55.475814,Day,L2,L2-M4,P-ABS,B251127-104,OP-1,expert,31.1,overdue,73.7,74.2,43.4,5.5,3.75,109.8,10,1097,1.4,9.78,9.48,51.03,24.7,False
2025-11-27T16:14:55.475814,Night,L2,L2-M1,P-ABS,B251127-319,OP-4,intermediate,15.1,ok,75.5,75.5,60.9,5.54,3.12,116.7,12,1400,2.52,31.33,4.2,56.33,23.9,False
2025-11-27T16:27:55.475814,Swing,L1,L1-M5,P-PP,B251127-597,OP-3,novice,4.2,ok,74.4,79.9,49.7,5.53,3.17,111.8,13,1452,3.61,57.28,3.53,58.71,27.0,False
2025-11-27T16:37:55.475814,Day,L1,L1-M4,P-ABS,B251127-178,OP-2,intermediate,17.6,ok,74.5,75.2,45.1,5.33,3.09,125.3,11,1377,1.26,14.08,2.88,55.86,24.8,False
2025-11-27T16:47:55.475814,Swing,L3,L3-M3,P-PP,B251127-206,OP-5,expert,25.0,due_soon,75.7,74.7,57.4,5.85,3.67,117.4,11,1291,1.35,20.28,4.79,54.3,19.3,False
2025-11-27T17:07:55.475814,Day,L2,L2-M1,P-PEEK,B251127-940,OP-5,expert,26.0,due_soon,75.4,74.2,38.4,5.39,4.33,113.9,14,1594,1.3,22.72,6.24,58.98,26.9,False
2025-11-27T18:07:55.475814,Swing,L2,L2-M6,P-PP,B251127-914,OP-2,intermediate,29.6,due_soon,75.9,77.9,45.0,5.68,3.69,124.4,12,1492,2.82,33.01,7.03,58.64,23.4,False
2025-11-27T18:18:55.475814,Swing,L3,L3-M3,P-ABS,B251127-207,OP-4,intermediate,44.6,overdue,72.5,71.7,37.5,5.02,5.66,89.7,10,896,3.17,26.74,10.4,46.95,21.1,True
2025-11-27T18:39:55.475814,Day,L2,L2-M5,P-PP,B251127-171,OP-1,expert,20.0,ok,72.1,72.9,60.0,5.6,3.03,128.1,8,1024,1.16,8.06,2.51,49.39,20.1,False
2025-11-27T19:23:55.475814,Day,L4,L4-M6,P-PP,B251127-177,OP-1,expert,0.0,ok,74.3,75.3,57.3,5.24,3.12,108.4,13,1409,0.67,6.89,2.53,56.38,31.7,False
2025-11-27T19:41:55.475814,Day,L4,L4-M1,P-PP,B251127-838,OP-3,novice,9.7,ok,75.3,73.8,35.5,5.57,4.11,103.6,15,1553,2.02,28.32,4.45,58.18,28.2,False
2025-11-27T21:00:55.475814,Day,L1,L1-M1,P-PEEK,B251127-696,OP-1,expert,15.1,ok,75.7,74.0,52.6,5.73,3.47,137.7,15,2066,0.6,14.28,3.14,66.47,24.8,False
2025-11-27T21:02:55.475814,Swing,L4,L4-M5,P-PP,B251127-650,OP-1,expert,30.0,overdue,74.7,79.7,47.1,5.07,4.04,114.0,9,1025,3.64,31.54,8.76,51.82,26.9,False
2025-11-27T21:11:55.475814,Swing,L3,L3-M6,P-ABS,B251127-588,OP-4,intermediate,34.6,overdue,73.3,73.6,42.3,5.34,4.67,105.0,12,1260,2.54,37.2,9.99,53.43,21.5,False
2025-11-27T21:20:55.475814,Day,L1,L1-M1,P-PP,B251127-786,OP-5,expert,34.0,overdue,75.7,75.6,44.5,5.35,5.12,113.4,13,1473,2.02,22.4,10.72,57.55,27.7,False
2025-11-27T21:34:55.475814,Night,L4,L4-M1,P-PEEK,B251127-860,OP-5,expert,0.0,ok,74.7,77.8,43.6,5.46,2.92,119.0,15,1784,2.16,23.6,5.72,63.29,21.6,False
2025-11-27T21:40:55.475814,Night,L4,L4-M6,P-ABS,B251127-544,OP-2,intermediate,33.1,overdue,72.5,76.1,51.2,5.75,4.51,109.3,12,1311,3.48,49.85,10.03,55.11,25.4,False
2025-11-27T22:21:55.475814,Swing,L3,L3-M6,P-PEEK,B251127-809,OP-2,intermediate,19.3,ok,72.1,70.5,48.9,5.49,3.2,105.8,14,1480,1.8,25.85,2.34,55.88,24.3,False
2025-11-27T22:46:55.475814,Day,L1,L1-M1,P-ABS,B251127-801,OP-2,intermediate,38.6,overdue,75.5,79.6,46.2,5.45,4.89,113.7,14,1591,3.97,66.98,7.61,60.84,23.3,False
2025-11-28T00:16:55.475814,Swing,L2,L2-M2,P-ABS,B251128-476,OP-3,novice,0.0,ok,75.2,76.6,47.0,6.08,2.59,120.0,8,959,2.61,16.77,5.26,49.68,21.7,False
2025-11-28T00:42:55.475814,Day,L1,L1-M4,P-NYLON,B251128-498,OP-4,intermediate,31.3,overdue,72.1,75.7,42.5,5.14,4.58,120.5,8,964,2.4,17.24,9.64,49.42,27.2,False
2025-11-28T01:19:55.475814,Night,L3,L3-M6,P-PEEK,B251128-849,OP-1,expert,10.8,ok,73.1,74.3,48.4,5.76,2.87,108.1,10,1081,1.53,15.7,5.54,50.81,20.9,False
2025-11-28T02:00:55.475814,Night,L2,L2-M3,P-ABS,B251128-467,OP-3,novice,10.8,ok,73.4,72.1,57.6,5.95,2.55,102.1,15,1531,2.49,32.28,5.29,57.25,27.6,False
2025-11-28T02:05:55.475814,Night,L4,L4-M2,P-ABS,B251128-375,OP-1,expert,17.9,ok,76.0,74.2,63.6,5.64,3.24,138.7,12,1664,1.84,32.23,5.8,60.11,25.4,False
2025-11-28T02:22:55.475814,Day,L4,L4-M5,P-PEEK,B251128-908,OP-4,intermediate,0.0,ok,74.5,72.9,51.3,5.22,1.9,96.8,13,1259,1.32,12.91,2.75,53.17,22.4,False
2025-11-28T02:27:55.475814,Day,L4,L4-M6,P-ABS,B251128-663,OP-4,intermediate,10.6,ok,72.3,72.3,41.9,5.76,2.19,126.8,11,1394,1.43,17.39,2.97,55.12,22.4,False
2025-11-28T02:50:55.475814,Night,L3,L3-M2,P-ABS,B251128-375,OP-4,intermediate,21.5,ok,73.3,73.5,44.7,6.13,2.87,109.0,9,980,1.96,13.67,3.86,48.91,20.1,False
2025-11-28T02:51:55.475814,Day,L1,L1-M6,P-ABS,B251128-561,OP-2,intermediate,31.4,overdue,74.6,78.0,46.3,5.74,4.8,123.8,9,1114,3.33,44.25,10.55,52.62,23.0,False
2025-11-28T03:35:55.475814,Night,L2,L2-M4,P-PEEK,B251128-358,OP-4,intermediate,0.0,ok,75.7,81.2,51.4,5.64,3.53,113.1,10,1130,4.34,32.3,7.13,54.02,21.4,True
2025-11-28T03:36:55.475814,Day,L2,L2-M6,P-NYLON,B251128-489,OP-2,intermediate,10.2,ok,75.9,79.7,47.7,6.01,3.55,120.3,11,1323,2.85,41.98,2.78,56.55,21.2,False
2025-11-28T04:01:55.475814,Day,L2,L2-M6,P-PEEK,B251128-823,OP-2,intermediate,33.5,overdue,72.8,73.7,45.8,5.48,4.25,102.3,8,818,1.8,10.37,7.76,46.38,25.1,False
2025-11-28T05:21:55.475814,Day,L4,L4-M6,P-PP,B251128-150,OP-1,expert,0.1,ok,73.4,72.2,34.6,5.99,2.56,126.4,12,1516,0.67,11.1,2.86,57.03,27.7,False
2025-11-28T06:06:55.475814,Swing,L2,L2-M5,P-PP,B251128-639,OP-3,novice,12.6,ok,72.9,71.4,44.1,5.65,2.89,109.2,11,1201,2.32,25.85,3.81,51.71,23.9,False
2025-11-28T06:47:55.475814,Swing,L4,L4-M5,P-ABS,B251128-147,OP-4,intermediate,17.0,ok,73.2,71.6,42.2,5.52,2.89,107.1,13,1391,1.24,11.65,5.45,54.83,18.0,False
2025-11-28T07:13:55.475814,Day,L1,L1-M4,P-ABS,B251128-951,OP-3,novice,0.0,ok,75.8,76.1,56.7,5.2,3.51,110.6,12,1327,2.76,26.72,3.52,55.36,27.8,False
2025-11-28T07:13:55.475814,Swing,L3,L3-M3,P-ABS,B251128-874,OP-5,expert,6.7,ok,72.2,72.7,60.2,5.61,2.4,126.6,15,1898,1.63,20.1,4.82,63.33,25.6,False
2025-11-28T07:37:55.475814,Night,L2,L2-M5,P-PP,B251128-483,OP-2,intermediate,19.4,ok,72.7,73.3,44.5,5.06,2.95,133.9,8,1071,2.16,23.97,5.9,50.29,23.2,False
2025-11-28T07:37:55.475814,Day,L2,L2-M6,P-ABS,B251128-883,OP-1,expert,15.3,ok,72.2,79.1,52.6,5.35,3.59,133.1,9,1198,2.4,22.01,3.81,54.36,29.8,False
2025-11-28T08:30:55.475814,Day,L2,L2-M4,P-PP,B251128-957,OP-4,intermediate,17.8,ok,73.9,73.8,53.1,5.41,4.58,92.9,10,928,1.44,8.12,5.06,48.21,25.8,False
2025-11-28T08:37:55.475814,Swing,L1,L1-M1,P-PP,B251128-528,OP-1,expert,19.2,ok,72.0,70.7,52.8,5.86,2.24,126.1,14,1765,1.02,19.12,4.1,60.48,23.5,False
2025-11-28T09:27:55.475814,Night,L4,L4-M4,P-ABS,B251128-224,OP-5,expert,25.3,due_soon,75.4,76.4,44.9,5.41,3.56,124.4,13,1617,2.42,32.77,6.48,60.1,23.5,False
2025-11-28T09:29:55.475814,Day,L3,L3-M5,P-PEEK,B251128-216,OP-3,novice,8.0,ok,72.2,72.0,42.1,5.84,3.0,132.8,8,1062,2.26,20.91,4.12,49.7,22.7,False
2025-11-28T10:15:55.475814,Night,L1,L1-M3,P-ABS,B251128-110,OP-4,intermediate,19.7,ok,73.4,73.4,47.8,5.8,2.84,125.0,15,1874,1.84,30.34,3.96,63.2,25.5,False
2025-11-28T10:38:55.475814,Day,L2,L2-M1,P-NYLON,B251128-916,OP-3,novice,5.8,ok,74.4,71.2,41.5,5.21,2.79,103.9,13,1350,2.3,19.1,3.45,54.02,27.9,False
2025-11-28T11:22:55.475814,Swing,L2,L2-M1,P-PEEK,B251128-191,OP-2,intermediate,17.1,ok,75.1,72.9,52.0,5.35,3.74,119.4,9,1074,2.24,21.87,5.47,50.19,24.9,False
2025-11-28T12:17:55.475814,Night,L2,L2-M5,P-NYLON,B251128-351,OP-3,novice,7.3,ok,74.6,73.9,55.9,5.29,3.06,128.5,13,1670,2.86,32.27,4.47,60.1,24.6,False
2025-11-28T13:00:55.475814,Swing,L2,L2-M1,P-NYLON,B251128-685,OP-1,expert,15.1,ok,74.7,74.6,46.2,5.72,2.89,120.9,10,1208,1.38,12.79,3.39,52.96,27.0,False
2025-11-28T14:41:55.475814,Swing,L3,L3-M6,P-ABS,B251128-377,OP-4,intermediate,37.2,overdue,73.6,73.6,59.5,5.0,5.07,143.6,13,1866,3.1,40.81,10.11,63.12,23.4,False
2025-11-28T15:01:55.475814,Swing,L4,L4-M1,P-ABS,B251128-765,OP-3,novice,10.2,ok,75.5,73.8,53.1,5.23,3.19,100.9,9,908,1.86,18.84,2.72,47.87,26.9,False
2025-11-28T15:16:55.475814,Day,L1,L1-M5,P-PEEK,B251128-302,OP-1,expert,3.9,ok,73.7,74.6,68.6,5.72,3.41,139.7,10,1397,1.28,13.95,2.82,55.96,24.4,False
2025-11-28T15:25:55.475814,Swing,L4,L4-M2,P-ABS,B251128-911,OP-2,intermediate,0.0,ok,72.1,71.0,51.8,5.38,3.33,110.5,11,1215,1.49,12.3,1.39,51.81,24.5,False
2025-11-28T15:39:55.475814,Swing,L4,L4-M5,P-PP,B251128-765,OP-1,expert,11.6,ok,73.5,76.8,52.6,5.24,3.47,115.8,13,1505,1.68,28.21,3.89,58.49,21.1,False
2025-11-28T15:59:55.475814,Night,L2,L2-M5,P-NYLON,B251128-124,OP-5,expert,23.8,due_soon,73.6,73.1,57.5,5.28,3.17,144.8,13,1882,1.07,12.78,5.91,63.2,26.4,False
2025-11-28T16:08:55.475814,Day,L4,L4-M4,P-PEEK,B251128-901,OP-5,expert,0.0,ok,73.7,72.4,56.0,5.19,2.87,119.5,9,1075,1.35,9.47,3.57,50.04,23.4,False
2025-11-28T16:59:55.475814,Day,L4,L4-M4,P-PEEK,B251128-134,OP-3,novice,10.1,ok,73.1,73.1,66.0,5.26,3.27,100.5,15,1508,2.5,30.2,2.96,57.21,24.6,False
2025-11-28T17:17:55.475814,Night,L3,L3-M3,P-ABS,B251128-870,OP-4,intermediate,2.8,ok,75.7,76.7,56.6,5.59,3.84,98.8,14,1383,2.66,29.89,3.67,56.48,24.8,False
2025-11-28T17:31:55.475814,Swing,L3,L3-M5,P-ABS,B251128-576,OP-5,expert,13.2,ok,72.2,72.6,57.0,5.19,3.51,125.4,11,1379,1.02,12.56,3.64,54.98,21.2,False
2025-11-28T17:36:55.475814,Swing,L3,L3-M1,P-PEEK,B251128-460,OP-2,intermediate,8.5,ok,72.5,79.4,46.1,5.22,3.35,123.7,15,1856,2.87,52.57,4.46,64.98,24.8,False
2025-11-28T18:12:55.475814,Day,L3,L3-M5,P-PP,B251128-450,OP-2,intermediate,4.9,ok,74.7,75.1,41.5,5.28,3.49,110.9,12,1331,1.45,23.12,1.58,55.09,23.0,False
2025-11-28T18:29:55.475814,Day,L2,L2-M3,P-ABS,B251128-200,OP-2,intermediate,14.3,ok,73.0,73.3,38.4,5.46,3.44,114.4,15,1715,1.59,31.7,2.21,60.61,26.8,False
2025-11-28T21:31:55.475814,Swing,L4,L4-M5,P-ABS,B251128-224,OP-5,expert,29.3,due_soon,73.3,73.7,54.2,5.98,3.62,141.8,14,1985,1.73,30.94,6.09,65.07,28.6,False
2025-11-28T22:37:55.475814,Night,L3,L3-M2,P-NYLON,B251128-944,OP-3,novice,15.1,ok,75.8,74.5,49.5,5.56,2.48,123.9,15,1858,2.57,33.06,5.0,63.31,28.4,False
2025-11-28T22:45:55.475814,Day,L1,L1-M6,P-ABS,B251128-461,OP-5,expert,16.2,ok,76.0,79.7,44.8,5.53,3.13,109.7,11,1207,2.28,26.12,0.23,54.71,22.6,False
2025-11-28T22:56:55.475814,Day,L1,L1-M3,P-NYLON,B251128-989,OP-5,expert,19.4,ok,72.9,70.7,46.6,5.24,2.98,121.3,15,1820,1.01,18.67,3.24,61.36,23.4,False
2025-11-28T22:58:55.475814,Night,L2,L2-M1,P-PEEK,B251128-317,OP-5,expert,20.9,ok,75.6,75.9,49.3,5.6,3.27,121.1,15,1816,1.85,33.88,5.06,63.14,26.4,False
2025-11-28T22:59:55.475814,Night,L4,L4-M1,P-ABS,B251128-285,OP-1,expert,25.0,due_soon,73.4,72.0,48.8,5.74,3.33,126.2,14,1767,1.24,14.84,7.29,60.96,22.3,False
2025-11-29T00:04:55.475814,Day,L3,L3-M2,P-NYLON,B251129-706,OP-4,intermediate,36.0,overdue,72.9,79.1,53.4,5.22,4.78,108.2,14,1514,3.69,54.68,8.81,59.43,28.2,False
2025-11-29T00:25:55.475814,Day,L2,L2-M6,P-PP,B251129-395,OP-4,intermediate,15.4,ok,74.5,73.1,51.8,5.48,3.28,134.0,8,1072,1.05,9.96,3.6,50.23,24.3,False
2025-11-29T00:30:55.475814,Night,L4,L4-M3,P-ABS,B251129-349,OP-1,expert,32.4,overdue,73.6,74.7,51.0,5.55,4.79,105.4,9,948,2.69,19.78,10.36,48.83,23.0,False
2025-11-29T00:48:55.475814,Swing,L4,L4-M5,P-NYLON,B251129-806,OP-4,intermediate,18.7,ok,74.6,75.8,54.9,5.77,2.23,97.0,8,776,2.02,17.92,2.98,46.47,22.0,False
2025-11-29T01:12:55.475814,Day,L1,L1-M2,P-ABS,B251129-768,OP-1,expert,35.5,overdue,75.5,75.1,53.9,5.28,5.07,126.6,13,1645,2.46,47.31,9.34,60.1,25.7,False
2025-11-29T01:30:55.475814,Night,L4,L4-M1,P-PP,B251129-178,OP-3,novice,16.9,ok,72.3,73.6,48.9,5.52,3.22,117.0,8,935,3.08,17.34,6.07,48.23,22.1,False
2025-11-29T01:51:55.475814,Swing,L3,L3-M1,P-PP,B251129-538,OP-5,expert,19.1,ok,73.4,74.6,56.4,5.26,2.49,101.2,15,1518,1.42,21.3,5.62,57.91,27.2,False
2025-11-29T04:49:55.475814,Swing,L2,L2-M4,P-NYLON,B251129-575,OP-2,intermediate,21.8,ok,73.1,73.6,38.8,5.51,3.9,127.0,9,1143,1.47,12.31,3.81,51.57,24.5,False
2025-11-29T05:17:55.475814,Day,L2,L2-M2,P-PEEK,B251129-652,OP-1,expert,14.6,ok,73.3,77.2,44.1,5.07,3.39,114.6,13,1489,1.37,22.1,3.17,58.34,27.0,False
2025-11-29T05:41:55.475814,Night,L4,L4-M5,P-PEEK,B251129-664,OP-3,novice,30.1,overdue,73.0,73.8,48.2,5.29,3.57,121.4,15,1821,3.44,61.0,9.48,62.49,29.1,False
2025-11-29T06:16:55.475814,Day,L1,L1-M1,P-NYLON,B251129-649,OP-4,intermediate,1.4,ok,74.4,79.5,47.9,5.29,3.2,127.1,13,1652,2.79,38.0,4.33,61.75,26.1,False
2025-11-29T06:38:55.475814,Swing,L3,L3-M5,P-NYLON,B251129-921,OP-4,intermediate,9.3,ok,72.7,70.4,50.4,5.12,2.82,130.3,8,1042,1.35,16.16,3.39,48.83,29.0,False
2025-11-29T06:49:55.475814,Day,L4,L4-M1,P-NYLON,B251129-949,OP-1,expert,0.0,ok,73.9,73.9,47.4,5.48,3.56,119.3,9,1074,0.48,5.75,5.31,50.55,20.1,False
2025-11-29T07:09:55.475814,Swing,L4,L4-M2,P-ABS,B251129-196,OP-5,expert,14.2,ok,72.5,71.5,47.7,5.59,3.99,116.4,10,1164,1.08,9.76,3.09,51.14,20.6,False
2025-11-29T07:10:55.475814,Night,L2,L2-M4,P-PP,B251129-172,OP-4,intermediate,24.9,due_soon,74.0,76.1,61.0,5.11,4.22,124.8,11,1373,3.3,39.08,5.21,56.1,23.1,False
2025-11-29T07:26:55.475814,Day,L1,L1-M4,P-PP,B251129-427,OP-4,intermediate,7.2,ok,74.9,74.5,56.0,5.17,3.02,122.0,12,1463,1.02,10.07,3.54,57.0,22.2,False
2025-11-29T08:10:55.475814,Swing,L4,L4-M4,P-PEEK,B251129-658,OP-2,intermediate,1.7,ok,73.0,72.3,45.6,4.88,3.25,121.8,14,1705,1.51,18.14,3.33,60.09,21.6,False
2025-11-29T08:30:55.475814,Day,L4,L4-M1,P-NYLON,B251129-679,OP-1,expert,13.8,ok,73.6,73.5,51.6,6.02,3.84,119.6,14,1674,0.65,9.56,3.42,60.03,24.7,False
2025-11-29T10:18:55.475814,Night,L4,L4-M6,P-PEEK,B251129-443,OP-3,novice,23.4,due_soon,74.6,74.3,47.4,5.59,3.33,114.1,10,1141,3.08,22.83,5.69,51.76,23.2,False
2025-11-29T10:31:55.475814,Night,L1,L1-M3,P-PP,B251129-347,OP-5,expert,0.6,ok,73.1,72.5,54.1,5.96,3.48,113.9,10,1139,1.42,16.3,5.82,51.11,23.9,False
2025-11-29T10:56:55.475814,Day,L4,L4-M6,P-NYLON,B251129-705,OP-1,expert,24.7,due_soon,73.1,75.2,55.9,5.74,3.33,142.8,13,1855,0.84,16.08,7.31,63.52,25.0,False
2025-11-29T11:55:55.475814,Day,L2,L2-M4,P-NYLON,B251129-565,OP-2,intermediate,19.6,ok,73.5,72.7,47.5,5.22,3.42,130.6,9,1175,1.09,11.82,4.34,51.74,24.7,False
2025-11-29T12:13:55.475814,Swing,L2,L2-M2,P-PP,B251129-581,OP-3,novice,16.6,ok,73.1,72.7,60.7,5.58,3.22,123.3,12,1479,2.79,30.06,4.33,56.63,23.9,False
2025-11-29T12:23:55.475814,Swing,L1,L1-M1,P-PP,B251129-211,OP-3,novice,9.8,ok,72.5,72.0,70.1,5.56,2.64,110.9,8,887,3.43,25.76,3.37,46.89,22.4,False
2025-11-29T12:40:55.475814,Day,L2,L2-M6,P-ABS,B251129-800,OP-5,expert,1.4,ok,74.1,75.4,39.1,5.24,3.0,137.1,13,1781,0.75,11.27,4.08,62.41,28.2,False
2025-11-29T13:17:55.475814,Swing,L3,L3-M1,P-ABS,B251129-897,OP-5,expert,32.3,overdue,74.4,80.2,51.7,5.88,4.48,101.8,12,1221,3.22,38.78,11.54,55.11,26.2,True
2025-11-29T13:34:55.475814,Swing,L1,L1-M5,P-ABS,B251129-792,OP-3,novice,22.1,ok,72.4,72.7,43.1,5.27,4.14,100.7,12,1207,2.08,21.13,3.44,52.26,28.9,False
2025-11-29T14:33:55.475814,Day,L4,L4-M6,P-ABS,B251129-217,OP-3,novice,27.0,due_soon,72.7,72.4,48.2,5.65,3.58,98.2,9,884,2.21,16.23,6.32,46.99,22.9,False
2025-11-29T14:33:55.475814,Day,L4,L4-M5,P-PP,B251129-538,OP-4,intermediate,30.6,overdue,72.4,69.5,44.5,5.86,4.25,126.3,13,1641,1.87,20.08,9.08,58.07,24.9,False
2025-11-29T15:03:55.475814,Swing,L1,L1-M6,P-PEEK,B251129-814,OP-3,novice,6.5,ok,74.0,75.7,46.0,5.48,2.99,101.2,15,1517,2.76,38.94,2.3,58.28,21.1,False
2025-11-29T15:53:55.475814,Night,L2,L2-M5,P-ABS,B251129-124,OP-1,expert,24.1,due_soon,73.2,74.7,59.3,5.61,3.25,113.8,12,1365,2.02,26.32,6.76,55.48,27.3,False
2025-11-29T15:57:55.475814,Day,L3,L3-M1,P-PEEK,B251129-283,OP-3,novice,15.2,ok,74.1,75.6,52.8,5.53,2.22,100.6,14,1408,2.24,31.49,2.17,56.49,24.5,False
2025-11-29T16:17:55.475814,Swing,L2,L2-M2,P-NYLON,B251129-528,OP-2,intermediate,11.7,ok,75.6,78.7,42.2,5.38,3.22,116.2,11,1278,2.63,36.72,5.49,55.5,22.3,False
2025-11-29T16:37:55.475814,Day,L1,L1-M6,P-ABS,B251129-500,OP-3,novice,22.0,ok,75.1,73.7,53.6,5.97,3.26,110.8,14,1550,2.11,28.18,3.18,58.1,26.9,False
2025-11-29T17:02:55.475814,Swing,L2,L2-M5,P-PEEK,B251129-953,OP-5,expert,15.7,ok,74.8,74.4,32.9,5.24,3.66,122.9,8,983,1.02,9.31,2.91,49.27,20.2,False
2025-11-29T21:15:55.475814,Day,L2,L2-M5,P-NYLON,B251129-479,OP-3,novice,0.0,ok,74.4,74.5,63.9,5.35,3.73,115.9,11,1275,2.66,35.72,4.32,53.99,27.3,False
2025-11-29T21:39:55.475814,Night,L2,L2-M2,P-NYLON,B251129-478,OP-5,expert,4.9,ok,73.7,75.4,41.1,5.64,3.23,137.3,10,1373,1.8,24.88,5.37,55.86,20.4,False
2025-11-29T21:51:55.475814,Day,L1,L1-M1,P-ABS,B251129-341,OP-3,novice,24.9,due_soon,72.9,73.8,40.2,5.43,3.64,107.7,10,1076,2.56,17.71,5.51,50.55,26.2,False
2025-11-29T22:11:55.475814,Day,L1,L1-M3,P-NYLON,B251129-263,OP-3,novice,23.2,due_soon,74.5,75.0,47.9,5.52,3.85,94.7,15,1421,2.08,21.15,3.88,56.48,27.0,False
2025-11-29T22:12:55.475814,Day,L4,L4-M5,P-NYLON,B251129-719,OP-5,expert,28.1,due_soon,75.1,75.7,56.6,5.8,3.83,116.2,8,929,1.25,13.58,5.25,48.85,25.9,False
2025-11-29T22:31:55.475814,Swing,L1,L1-M2,P-PEEK,B251129-284,OP-4,intermediate,20.6,ok,73.0,75.9,57.9,5.57,3.05,131.4,11,1445,2.12,27.14,4.12,57.19,26.8,False
2025-11-29T22:32:55.475814,Night,L1,L1-M4,P-PP,B251129-804,OP-4,intermediate,13.8,ok,74.4,73.3,53.2,5.14,3.47,124.4,15,1865,1.96,41.93,5.99,63.02,29.0,False
2025-11-29T22:35:55.475814,Swing,L4,L4-M1,P-PP,B251129-819,OP-4,intermediate,43.1,overdue,73.2,71.3,38.8,5.41,5.24,96.9,14,1357,2.54,29.42,9.71,54.17,23.6,True
2025-11-29T23:15:55.475814,Swing,L1,L1-M1,P-ABS,B251129-533,OP-2,intermediate,30.5,overdue,73.4,76.1,47.1,5.59,5.07,113.9,8,911,2.87,20.5,9.95,48.72,24.4,False
2025-11-29T23:35:55.475814,Day,L2,L2-M2,P-PP,B251129-668,OP-3,novice,27.5,due_soon,74.0,76.2,36.8,5.15,3.67,97.4,8,779,2.72,18.09,7.15,46.63,22.9,False
2025-11-29T23:52:55.475814,Swing,L1,L1-M4,P-PP,B251129-557,OP-2,intermediate,8.2,ok,73.9,78.8,50.8,5.43,3.26,151.5,8,1211,3.14,38.96,3.35,54.48,25.5,False
2025-11-30T02:51:55.475814,Day,L3,L3-M6,P-PP,B251130-301,OP-4,intermediate,8.2,ok,75.2,75.5,40.5,6.17,3.48,143.7,15,2155,1.24,17.1,2.26,68.43,27.5,False
2025-11-30T05:48:55.475814,Day,L2,L2-M2,P-PP,B251130-938,OP-3,novice,2.9,ok,73.9,75.3,47.9,5.35,3.23,105.2,13,1367,2.31,34.95,2.4,55.73,30.2,False
2025-11-30T05:59:55.475814,Swing,L2,L2-M2,P-PEEK,B251130-613,OP-2,intermediate,9.6,ok,74.6,78.9,46.8,5.28,3.55,121.5,12,1457,3.13,43.47,3.41,58.43,22.3,False
2025-11-30T06:24:55.475814,Day,L3,L3-M6,P-ABS,B251130-101,OP-2,intermediate,7.2,ok,75.9,78.4,57.1,5.28,2.58,119.3,13,1551,2.71,29.83,2.32,59.77,27.2,False
2025-11-30T06:59:55.475814,Swing,L1,L1-M1,P-PEEK,B251130-993,OP-5,expert,4.8,ok,74.0,73.6,49.9,5.64,3.41,116.3,15,1745,1.42,28.64,3.08,61.19,27.3,False
2025-11-30T08:05:55.475814,Day,L4,L4-M2,P-NYLON,B251130-403,OP-1,expert,16.4,ok,72.6,72.4,42.7,5.52,3.02,97.6,8,780,0.76,6.06,3.4,45.34,27.2,False
2025-11-30T08:08:55.475814,Swing,L2,L2-M5,P-PEEK,B251130-167,OP-2,intermediate,0.0,ok,75.2,76.1,60.7,5.25,4.19,104.7,9,942,2.5,22.23,3.03,49.21,25.5,False
2025-11-30T08:17:55.475814,Day,L2,L2-M6,P-NYLON,B251130-261,OP-3,novice,36.5,overdue,75.9,79.2,46.0,5.42,5.78,106.4,8,851,4.67,26.58,9.15,48.85,25.7,True
2025-11-30T09:30:55.475814,Night,L4,L4-M4,P-PEEK,B251130-938,OP-4,intermediate,29.9,due_soon,73.9,76.3,50.5,5.82,4.27,138.4,8,1106,3.01,31.56,7.87,51.92,22.1,False
2025-11-30T09:44:55.475814,Day,L1,L1-M1,P-PEEK,B251130-536,OP-3,novice,8.8,ok,72.7,74.2,42.9,5.31,3.03,119.1,13,1548,1.86,25.33,2.53,58.24,27.6,False
2025-11-30T10:04:55.475814,Swing,L3,L3-M4,P-PP,B251130-417,OP-1,expert,4.5,ok,72.9,72.5,32.2,5.46,3.77,119.4,15,1790,1.02,12.21,4.57,61.54,27.5,False
2025-11-30T11:33:55.475814,Day,L4,L4-M1,P-ABS,B251130-270,OP-4,intermediate,26.1,due_soon,75.9,74.9,56.5,5.88,3.66,124.4,11,1368,1.6,17.0,6.55,55.62,25.8,False
2025-11-30T12:20:55.475814,Night,L4,L4-M4,P-ABS,B251130-902,OP-5,expert,12.2,ok,75.7,74.4,57.6,5.34,2.97,148.4,9,1335,1.74,26.64,5.05,54.9,20.0,False
2025-11-30T12:34:55.475814,Day,L3,L3-M6,P-NYLON,B251130-502,OP-1,expert,4.8,ok,72.9,71.3,47.2,5.6,4.5,131.6,13,1710,1.0,14.11,3.05,59.81,26.9,False
2025-11-30T12:51:55.475814,Swing,L1,L1-M1,P-PP,B251130-668,OP-4,intermediate,10.1,ok,74.9,75.1,41.7,5.61,3.37,144.3,14,2020,1.24,29.34,3.61,66.12,24.0,False
2025-11-30T13:08:55.475814,Swing,L1,L1-M2,P-PP,B251130-115,OP-3,novice,24.3,due_soon,73.0,71.5,28.0,5.97,3.77,91.7,11,1008,2.42,25.66,7.04,48.66,25.8,False
2025-11-30T13:17:55.475814,Swing,L2,L2-M5,P-PEEK,B251130-392,OP-5,expert,12.2,ok,75.8,82.3,31.0,6.16,3.35,114.9,9,1034,3.13,34.59,3.14,52.86,24.2,True
2025-11-30T14:24:55.475814,Day,L1,L1-M4,P-PP,B251130-914,OP-3,novice,21.3,ok,75.1,74.1,39.0,5.34,3.37,111.9,14,1566,1.65,29.4,2.31,58.5,26.4,False
2025-11-30T14:32:55.475814,Day,L1,L1-M2,P-PEEK,B251130-712,OP-4,intermediate,5.1,ok,73.4,77.5,56.6,5.91,3.26,115.9,9,1042,2.25,16.75,4.54,51.3,26.3,False
2025-11-30T14:47:55.475814,Day,L2,L2-M6,P-ABS,B251130-831,OP-5,expert,3.6,ok,72.1,71.8,43.3,5.73,3.3,118.7,8,949,0.83,7.69,3.77,47.82,26.3,False
2025-11-30T15:25:55.475814,Day,L3,L3-M1,P-ABS,B251130-396,OP-3,novice,11.1,ok,74.7,75.3,47.6,5.69,3.95,113.4,11,1247,2.21,30.26,3.15,53.82,24.6,False
2025-11-30T15:29:55.475814,Day,L2,L2-M4,P-PEEK,B251130-841,OP-1,expert,10.7,ok,75.1,80.8,54.9,5.78,3.13,132.2,10,1322,2.7,22.89,2.02,56.94,25.6,True
2025-11-30T16:37:55.475814,Swing,L3,L3-M4,P-NYLON,B251130-722,OP-4,intermediate,21.0,ok,75.2,80.4,45.9,5.62,3.11,100.4,12,1204,3.22,30.03,5.79,54.92,24.2,True
2025-11-30T19:44:55.475814,Swing,L4,L4-M1,P-ABS,B251130-646,OP-3,novice,7.1,ok,73.8,73.9,47.2,6.15,3.43,99.7,12,1196,2.11,23.19,3.56,52.5,22.6,False
2025-11-30T20:31:55.475814,Day,L2,L2-M5,P-PEEK,B251130-467,OP-1,expert,5.9,ok,75.6,75.7,47.6,5.45,3.37,119.1,15,1786,1.05,17.43,4.76,62.59,27.1,False
2025-11-30T20:35:55.475814,Swing,L1,L1-M1,P-PEEK,B251130-772,OP-4,intermediate,17.6,ok,73.9,74.2,35.9,6.09,2.98,126.9,9,1142,2.23,18.09,2.97,51.74,25.2,False
2025-11-30T22:58:55.475814,Day,L3,L3-M5,P-ABS,B251130-110,OP-1,expert,9.3,ok,75.6,77.1,54.1,5.18,3.32,120.7,12,1448,1.48,17.47,1.15,57.67,28.6,False
2025-11-30T23:02:55.475814,Day,L3,L3-M2,P-NYLON,B251130-259,OP-4,intermediate,38.2,overdue,75.7,75.7,42.1,5.42,4.8,113.9,15,1708,2.44,35.81,8.88,61.35,26.7,False
2025-11-30T23:16:55.475814,Day,L2,L2-M2,P-ABS,B251130-437,OP-1,expert,10.8,ok,75.7,75.6,50.9,4.98,3.99,132.7,11,1459,0.79,9.37,3.71,57.31,29.9,False
2025-11-30T23:40:55.475814,Swing,L3,L3-M5,P-ABS,B251130-934,OP-2,intermediate,13.1,ok,75.2,76.0,43.8,5.66,3.91,115.8,8,926,1.78,16.75,3.78,48.93,21.0,False
2025-11-30T23:42:55.475814,Day,L1,L1-M1,P-NYLON,B251130-615,OP-3,novice,26.6,due_soon,73.1,73.1,37.4,5.17,3.91,80.0,15,1200,2.54,30.61,4.71,52.28,25.6,False
2025-12-01T00:24:55.475814,Swing,L4,L4-M6,P-NYLON,B251201-196,OP-5,expert,0.0,ok,74.5,73.6,46.2,5.29,4.25,130.4,9,1173,1.35,15.94,6.08,52.03,18.5,False
2025-12-01T01:01:55.475814,Day,L2,L2-M2,P-NYLON,B251201-836,OP-4,intermediate,18.5,ok,74.3,74.2,63.1,5.89,3.5,88.6,10,886,1.75,14.3,2.89,47.65,25.8,False
2025-12-01T01:05:55.475814,Day,L4,L4-M6,P-ABS,B251201-717,OP-2,intermediate,8.7,ok,75.9,76.2,51.6,5.43,3.46,117.9,14,1650,1.42,15.55,5.48,60.59,27.7,False
2025-12-01T01:10:55.475814,Swing,L1,L1-M3,P-NYLON,B251201-725,OP-5,expert,0.0,ok,73.2,76.8,48.7,5.92,2.86,120.9,10,1209,1.47,12.98,2.67,53.71,21.2,False
2025-12-01T01:42:55.475814,Swing,L4,L4-M5,P-NYLON,B251201-236,OP-2,intermediate,19.3,ok,75.9,76.0,46.7,5.17,3.37,120.4,10,1204,1.8,19.81,2.28,53.37,23.9,False
2025-12-01T01:55:55.475814,Day,L2,L2-M2,P-ABS,B251201-474,OP-5,expert,10.8,ok,74.3,74.8,45.4,5.37,3.2,117.6,15,1764,0.91,18.29,1.19,61.92,30.4,False
2025-12-01T02:45:55.475814,Night,L4,L4-M2,P-PP,B251201-572,OP-1,expert,7.8,ok,74.1,79.7,55.9,5.71,2.29,103.7,8,829,3.3,30.16,4.29,48.68,18.0,False
2025-12-01T03:49:55.475814,Swing,L4,L4-M3,P-ABS,B251201-989,OP-5,expert,2.8,ok,72.2,73.9,43.7,5.49,3.26,106.6,9,959,0.93,6.38,2.89,48.73,26.7,False
2025-12-01T04:14:55.475814,Swing,L2,L2-M5,P-NYLON,B251201-227,OP-4,intermediate,23.5,due_soon,75.6,76.1,59.6,5.87,3.89,113.1,9,1018,2.47,17.63,8.52,50.42,23.4,False
2025-12-01T04:34:55.475814,Swing,L1,L1-M4,P-PEEK,B251201-563,OP-4,intermediate,21.4,ok,75.2,76.0,47.0,5.78,2.8,129.1,12,1549,1.87,26.92,3.12,58.91,26.9,False
2025-12-01T04:55:55.475814,Swing,L1,L1-M1,P-ABS,B251201-704,OP-3,novice,18.0,ok,74.6,74.5,41.4,5.13,2.94,91.1,15,1366,2.01,20.3,3.52,55.44,20.5,False
2025-12-01T04:55:55.475814,Day,L3,L3-M5,P-NYLON,B251201-267,OP-3,novice,37.8,overdue,75.8,76.5,57.5,5.55,5.19,117.8,15,1766,4.15,79.96,11.31,62.56,26.8,False
2025-12-01T05:10:55.475814,Day,L3,L3-M3,P-PEEK,B251201-731,OP-3,novice,1.2,ok,72.9,72.7,51.4,5.8,2.16,107.7,10,1077,1.79,21.76,1.99,50.18,22.9,False
2025-12-01T06:06:55.475814,Swing,L2,L2-M1,P-ABS,B251201-521,OP-2,intermediate,7.5,ok,75.7,77.2,50.2,5.54,2.63,112.0,12,1343,2.3,30.16,3.14,56.01,24.0,False
2025-12-01T06:13:55.475814,Night,L3,L3-M6,P-ABS,B251201-454,OP-1,expert,32.6,overdue,74.4,78.1,59.6,5.71,4.78,115.2,12,1382,3.83,35.17,10.2,56.97,25.1,False
2025-12-01T06:22:55.475814,Night,L4,L4-M3,P-ABS,B251201-605,OP-1,expert,17.3,ok,73.7,73.9,53.0,5.21,3.49,122.0,12,1464,1.61,17.75,6.44,56.81,19.0,False
2025-12-01T06:27:55.475814,Swing,L1,L1-M1,P-ABS,B251201-265,OP-3,novice,29.8,due_soon,74.6,72.2,34.8,4.86,3.35,122.5,11,1347,2.64,32.08,5.83,54.32,25.9,False
2025-12-01T07:03:55.475814,Swing,L2,L2-M5,P-NYLON,B251201-607,OP-4,intermediate,17.7,ok,74.8,74.5,36.7,5.93,2.64,120.3,13,1563,1.67,30.32,4.53,58.58,26.0,False
2025-12-01T07:20:55.475814,Swing,L1,L1-M5,P-ABS,B251201-400,OP-3,novice,12.5,ok,72.0,70.7,52.3,5.67,3.36,119.1,10,1190,2.05,22.18,3.6,51.29,24.9,False
2025-12-01T10:10:55.475814,Day,L2,L2-M1,P-ABS,B251201-479,OP-3,novice,9.7,ok,74.7,75.0,47.7,5.24,4.0,111.3,14,1558,2.43,31.86,3.44,58.67,25.1,False
2025-12-01T10:23:55.475814,Day,L4,L4-M6,P-NYLON,B251201-199,OP-4,intermediate,23.2,due_soon,73.2,73.2,50.2,5.53,3.51,134.3,8,1074,1.8,22.66,4.59,50.29,24.8,False
2025-12-01T11:33:55.475814,Day,L2,L2-M4,P-NYLON,B251201-308,OP-2,intermediate,14.4,ok,73.7,74.1,57.0,5.5,3.8,130.2,8,1041,1.6,15.55,3.6,50.09,26.6,False
2025-12-01T11:42:55.475814,Night,L3,L3-M4,P-NYLON,B251201-828,OP-1,expert,42.4,overdue,75.1,75.5,39.5,5.09,4.97,110.8,14,1550,2.58,34.16,10.39,58.74,25.2,False
2025-12-01T11:58:55.475814,Swing,L1,L1-M6,P-NYLON,B251201-191,OP-2,intermediate,0.0,ok,74.1,74.5,46.1,5.64,3.24,116.5,9,1048,1.67,19.58,1.43,50.34,24.1,False
2025-12-01T14:21:55.475814,Swing,L1,L1-M5,P-PP,B251201-551,OP-5,expert,9.9,ok,73.1,73.2,51.9,5.34,2.13,135.8,15,2037,1.22,22.62,3.77,65.7,26.6,False
2025-12-01T14:22:55.475814,Day,L2,L2-M5,P-ABS,B251201-622,OP-5,expert,23.6,due_soon,72.6,71.8,36.3,5.26,4.07,116.9,12,1403,1.38,23.04,5.21,55.1,24.9,False
2025-12-01T15:17:55.475814,Day,L2,L2-M2,P-ABS,B251201-115,OP-1,expert,0.0,ok,75.9,74.5,54.0,5.28,3.46,125.2,11,1377,0.52,5.12,1.95,55.63,29.1,False
2025-12-01T15:18:55.475814,Night,L2,L2-M5,P-PEEK,B251201-509,OP-3,novice,43.4,overdue,73.4,74.2,54.8,5.01,4.91,119.2,12,1430,3.48,40.28,10.12,56.37,25.1,False
2025-12-01T15:32:55.475814,Day,L2,L2-M6,P-NYLON,B251201-523,OP-1,expert,22.9,ok,72.8,73.4,61.0,5.97,3.24,120.6,15,1808,1.03,15.48,4.02,62.14,23.3,False
2025-12-01T15:34:55.475814,Swing,L4,L4-M1,P-NYLON,B251201-721,OP-5,expert,24.4,due_soon,72.5,69.7,29.2,5.5,3.42,119.8,10,1197,1.37,16.32,4.7,51.05,20.2,False
2025-12-01T15:38:55.475814,Day,L4,L4-M1,P-ABS,B251201-330,OP-2,intermediate,8.2,ok,74.7,76.7,48.6,5.43,3.25,123.2,15,1848,1.99,23.6,3.25,63.92,24.5,False
2025-12-01T16:01:55.475814,Day,L3,L3-M6,P-ABS,B251201-723,OP-2,intermediate,36.4,overdue,75.7,75.5,33.4,5.17,5.47,118.7,12,1424,2.65,45.2,9.05,56.73,30.8,True
2025-12-01T17:11:55.475814,Night,L3,L3-M1,P-ABS,B251201-165,OP-5,expert,22.3,ok,75.9,74.8,47.7,5.72,3.8,117.8,12,1413,1.41,14.38,3.47,56.28,23.6,False
2025-12-01T18:12:55.475814,Swing,L4,L4-M5,P-ABS,B251201-669,OP-4,intermediate,16.1,ok,73.7,74.0,45.9,5.54,3.16,114.8,15,1721,1.61,30.98,2.89,60.95,24.6,False
2025-12-01T18:22:55.475814,Day,L1,L1-M1,P-PP,B251201-155,OP-2,intermediate,25.1,due_soon,73.7,72.9,45.0,5.39,4.14,91.6,10,916,1.77,13.41,4.78,47.69,25.2,False
2025-12-01T18:41:55.475814,Day,L1,L1-M1,P-ABS,B251201-308,OP-5,expert,18.8,ok,74.4,76.3,43.0,5.28,3.25,130.3,8,1042,0.75,5.63,4.99,50.88,22.9,False
2025-12-01T19:17:55.475814,Swing,L1,L1-M5,P-NYLON,B251201-525,OP-3,novice,21.1,ok,73.1,71.7,62.8,5.44,3.68,104.5,12,1254,2.6,39.05,3.3,52.68,23.8,False
2025-12-01T20:14:55.475814,Day,L2,L2-M2,P-PEEK,B251201-895,OP-1,expert,32.1,overdue,74.6,74.8,41.8,4.71,4.76,96.5,15,1446,1.55,20.23,8.72,56.84,25.4,False
2025-12-01T20:23:55.475814,Night,L2,L2-M1,P-ABS,B251201-966,OP-2,intermediate,26.5,due_soon,72.3,77.7,47.3,5.61,4.21,115.0,14,1609,3.19,49.4,8.09,60.44,22.9,False
2025-12-01T20:27:55.475814,Swing,L1,L1-M5,P-NYLON,B251201-316,OP-4,intermediate,0.0,ok,74.6,74.9,50.9,5.49,4.22,126.3,11,1389,1.79,20.71,3.77,55.96,26.4,False
2025-12-01T21:12:55.475814,Day,L1,L1-M1,P-PP,B251201-493,OP-2,intermediate,9.8,ok,75.8,74.6,51.4,5.23,3.32,132.3,12,1587,1.37,25.9,3.8,59.02,26.0,False
2025-12-01T21:27:55.475814,Swing,L1,L1-M3,P-PP,B251201-612,OP-5,expert,11.5,ok,75.4,75.5,46.5,5.18,3.77,127.1,14,1779,1.0,15.35,5.07,62.38,25.7,False
2025-12-01T21:32:55.475814,Day,L4,L4-M5,P-ABS,B251201-571,OP-3,novice,2.2,ok,73.7,73.6,58.5,5.94,3.26,112.9,10,1129,2.67,31.64,4.17,51.32,24.8,False
2025-12-01T22:49:55.475814,Day,L4,L4-M1,P-PEEK,B251201-974,OP-1,expert,17.7,ok,72.4,78.0,43.1,5.64,3.0,126.1,10,1260,1.9,14.93,2.56,54.98,25.6,False
2025-12-01T22:49:55.475814,Day,L3,L3-M4,P-PP,B251201-928,OP-4,intermediate,8.4,ok,74.1,74.7,48.2,5.12,3.26,124.2,9,1117,1.77,20.29,4.06,51.52,28.4,False
2025-12-01T23:14:55.475814,Swing,L4,L4-M1,P-NYLON,B251201-938,OP-4,intermediate,4.6,ok,75.2,74.9,44.6,5.46,4.27,107.6,9,968,1.59,10.58,3.09,49.21,23.9,False
2025-12-01T23:25:55.475814,Swing,L3,L3-M1,P-PP,B251201-808,OP-1,expert,30.3,overdue,73.9,78.3,51.5,5.09,3.21,97.2,8,777,3.0,17.45,7.58,47.33,23.6,False
2025-12-01T23:28:55.475814,Day,L1,L1-M6,P-ABS,B251201-852,OP-2,intermediate,33.9,overdue,73.6,74.0,32.1,5.78,5.67,107.4,15,1611,2.75,30.99,9.9,59.17,25.0,True
2025-12-02T00:05:55.475814,Day,L4,L4-M1,P-PEEK,B251202-859,OP-5,expert,0.0,ok,72.9,76.1,55.6,5.46,3.61,116.7,10,1167,1.06,13.99,4.18,52.82,22.9,False
2025-12-02T00:52:55.475814,Night,L1,L1-M5,P-ABS,B251202-137,OP-5,expert,0.0,ok,75.8,74.6,60.3,5.69,2.7,134.2,12,1610,1.35,15.37,4.93,59.38,27.3,False
2025-12-02T01:37:55.475814,Night,L2,L2-M2,P-PEEK,B251202-670,OP-4,intermediate,22.6,ok,75.7,76.9,50.2,5.66,3.47,144.2,14,2019,2.68,55.31,4.66,66.71,22.1,False
2025-12-02T02:01:55.475814,Night,L3,L3-M6,P-PEEK,B251202-143,OP-5,expert,14.8,ok,75.8,78.6,50.2,5.23,2.6,118.1,10,1181,2.53,26.94,3.92,53.89,19.4,False
2025-12-02T02:05:55.475814,Night,L4,L4-M6,P-ABS,B251202-941,OP-4,intermediate,17.0,ok,75.9,74.8,47.6,5.57,3.52,130.8,8,1046,1.78,20.53,5.87,50.43,26.8,False
2025-12-02T02:42:55.475814,Day,L3,L3-M3,P-PP,B251202-970,OP-1,expert,16.5,ok,74.6,80.0,60.1,5.9,3.26,94.9,9,854,2.59,18.66,5.62,49.18,28.9,True
2025-12-02T02:47:55.475814,Swing,L4,L4-M3,P-PEEK,B251202-528,OP-5,expert,2.2,ok,75.7,75.9,39.1,5.29,2.84,127.6,8,1021,1.03,10.32,4.16,50.39,24.2,False
2025-12-02T02:58:55.475814,Day,L4,L4-M3,P-PP,B251202-219,OP-3,novice,16.2,ok,72.2,74.5,56.0,5.42,3.0,112.7,10,1127,1.99,22.33,3.64,51.61,26.3,False
2025-12-02T03:36:55.475814,Day,L4,L4-M3,P-NYLON,B251202-954,OP-3,novice,21.3,ok,74.1,73.3,49.7,5.6,3.4,122.9,13,1597,1.95,28.6,4.27,58.71,29.2,False
2025-12-02T05:11:55.475814,Swing,L2,L2-M5,P-ABS,B251202-540,OP-2,intermediate,23.5,due_soon,73.4,72.2,55.4,5.18,2.39,128.3,10,1283,1.65,23.27,4.3,53.31,20.7,False
2025-12-02T05:27:55.475814,Day,L2,L2-M6,P-PP,B251202-634,OP-3,novice,13.4,ok,73.6,74.8,52.9,5.68,3.31,121.9,14,1707,2.36,45.25,2.74,60.99,22.5,False
2025-12-02T06:19:55.475814,Swing,L4,L4-M3,P-PP,B251202-704,OP-3,novice,0.5,ok,73.1,73.4,37.1,5.99,3.25,99.5,9,895,1.82,16.61,3.61,47.5,22.2,False
2025-12-02T06:41:55.475814,Night,L3,L3-M3,P-PEEK,B251202-145,OP-4,intermediate,36.7,overdue,73.6,72.9,72.7,5.6,5.0,124.5,11,1369,3.85,59.45,10.18,54.94,24.1,False
2025-12-02T07:59:55.475814,Day,L2,L2-M3,P-PEEK,B251202-833,OP-4,intermediate,24.3,due_soon,75.5,80.5,58.0,5.41,3.8,107.9,12,1294,3.36,51.97,9.31,56.38,22.7,True
2025-12-02T09:54:55.475814,Swing,L4,L4-M5,P-PP,B251202-356,OP-3,novice,37.4,overdue,75.7,78.5,60.5,5.96,5.64,126.0,15,1889,5.35,75.49,12.04,65.21,22.0,True
2025-12-02T11:18:55.475814,Day,L1,L1-M1,P-NYLON,B251202-404,OP-1,expert,0.0,ok,75.2,73.8,41.7,5.25,3.56,121.5,9,1093,0.7,7.81,4.64,50.82,26.8,False
2025-12-02T12:58:55.475814,Swing,L3,L3-M1,P-PEEK,B251202-539,OP-1,expert,7.3,ok,73.2,73.6,40.7,5.32,3.5,128.7,9,1158,0.96,12.13,3.05,51.77,22.5,False
2025-12-02T13:07:55.475814,Swing,L2,L2-M5,P-ABS,B251202-522,OP-3,novice,23.5,due_soon,73.7,72.6,57.1,6.02,3.04,80.0,13,1040,2.52,26.31,5.95,49.56,24.2,False
2025-12-02T13:08:55.475814,Day,L2,L2-M6,P-PP,B251202-964,OP-5,expert,38.8,overdue,75.0,74.6,59.2,5.99,4.78,114.0,13,1482,1.99,25.93,8.18,57.34,25.0,False
2025-12-02T14:24:55.475814,Day,L4,L4-M1,P-ABS,B251202-966,OP-3,novice,23.2,due_soon,73.6,72.8,51.5,5.68,3.64,116.0,15,1740,1.97,32.0,4.65,60.83,25.5,False
2025-12-02T14:35:55.475814,Swing,L1,L1-M1,P-ABS,B251202-270,OP-1,expert,39.0,overdue,72.0,74.7,41.6,5.38,4.93,107.5,11,1183,2.16,30.28,8.53,52.58,22.7,False
2025-12-02T15:59:55.475814,Swing,L3,L3-M2,P-PP,B251202-215,OP-2,intermediate,18.2,ok,74.2,74.5,41.3,5.42,3.66,132.5,11,1457,1.77,16.89,3.34,56.9,23.0,False
2025-12-02T17:52:55.475814,Day,L4,L4-M2,P-PEEK,B251202-242,OP-2,intermediate,0.0,ok,73.7,72.9,48.2,5.74,2.46,101.4,13,1318,1.04,15.03,0.15,54.12,24.5,False
2025-12-02T18:02:55.475814,Swing,L2,L2-M3,P-PEEK,B251202-610,OP-5,expert,26.2,due_soon,74.0,74.8,50.3,5.27,3.11,136.2,15,2043,1.38,21.46,5.8,66.39,26.5,False
2025-12-02T18:35:55.475814,Day,L2,L2-M5,P-ABS,B251202-417,OP-4,intermediate,1.4,ok,74.6,75.3,34.3,5.33,2.41,106.0,13,1378,1.26,13.62,4.83,55.92,22.8,False
2025-12-02T21:48:55.475814,Night,L4,L4-M2,P-PP,B251202-628,OP-3,novice,27.0,due_soon,74.6,75.9,66.6,5.54,3.79,96.0,9,863,3.81,23.78,5.51,47.88,23.0,False
2025-12-02T22:08:55.475814,Day,L3,L3-M5,P-NYLON,B251202-862,OP-1,expert,0.0,ok,72.5,70.2,53.7,5.1,2.5,124.9,15,1872,0.75,10.62,2.86,62.03,30.7,False
2025-12-02T23:29:55.475814,Swing,L1,L1-M4,P-ABS,B251202-704,OP-3,novice,44.3,overdue,74.3,78.7,56.1,5.51,5.72,101.7,14,1423,4.21,66.56,10.34,57.81,25.7,True
2025-12-02T23:39:55.475814,Day,L2,L2-M3,P-PP,B251202-544,OP-4,intermediate,3.9,ok,73.7,72.9,50.9,5.68,4.14,134.1,15,2011,1.03,16.98,3.35,65.21,24.9,False
2025-12-02T23:48:55.475814,Night,L1,L1-M2,P-ABS,B251202-548,OP-1,expert,29.5,due_soon,75.3,75.2,57.1,5.22,3.88,139.6,12,1675,1.97,30.82,4.8,60.62,23.2,False
2025-12-03T00:15:55.475814,Day,L2,L2-M1,P-PP,B251203-585,OP-5,expert,25.3,due_soon,72.3,71.4,59.5,5.55,3.8,141.8,9,1275,0.78,11.89,5.51,52.89,25.4,False
2025-12-03T00:55:55.475814,Swing,L3,L3-M1,P-NYLON,B251203-100,OP-2,intermediate,21.9,ok,75.7,76.2,48.8,5.73,2.87,97.4,13,1266,1.86,15.91,4.37,54.43,22.3,False
2025-12-03T01:08:55.475814,Swing,L1,L1-M1,P-NYLON,B251203-878,OP-3,novice,40.3,overdue,75.8,80.0,44.5,5.19,5.14,121.7,8,973,5.3,39.94,11.98,51.07,19.6,False
2025-12-03T01:59:55.475814,Night,L1,L1-M5,P-PEEK,B251203-486,OP-4,intermediate,9.2,ok,73.2,74.7,47.4,5.35,3.05,108.1,12,1297,1.69,18.46,2.3,54.4,29.0,False
2025-12-03T02:53:55.475814,Day,L4,L4-M1,P-ABS,B251203-844,OP-5,expert,33.3,overdue,75.8,74.9,47.6,6.05,4.23,127.1,10,1270,1.56,19.41,7.6,54.05,27.1,False
2025-12-03T03:03:55.475814,Night,L1,L1-M1,P-ABS,B251203-292,OP-1,expert,14.9,ok,75.9,76.6,53.3,6.02,3.9,114.6,11,1260,1.91,19.96,4.32,54.48,20.5,False
2025-12-03T03:15:55.475814,Night,L2,L2-M3,P-ABS,B251203-464,OP-3,novice,27.3,due_soon,72.7,73.0,59.2,5.16,3.44,113.8,11,1252,3.32,33.42,7.18,53.1,22.3,False
2025-12-03T03:35:55.475814,Day,L2,L2-M1,P-PEEK,B251203-545,OP-4,intermediate,10.4,ok,73.3,72.7,64.1,5.49,3.32,91.7,10,917,2.01,18.61,3.67,47.63,21.8,False
2025-12-03T04:01:55.475814,Swing,L2,L2-M3,P-NYLON,B251203-209,OP-1,expert,37.7,overdue,73.7,73.8,56.8,5.62,4.7,128.7,13,1673,1.98,29.68,9.5,60.1,21.2,False
2025-12-03T04:07:55.475814,Swing,L1,L1-M5,P-NYLON,B251203-498,OP-2,intermediate,0.8,ok,75.1,76.6,50.9,5.52,4.7,130.0,15,1949,2.29,36.26,4.83,65.49,27.4,False
2025-12-03T05:31:55.475814,Night,L4,L4-M4,P-PEEK,B251203-821,OP-4,intermediate,39.5,overdue,74.3,74.5,63.3,4.99,4.29,113.3,10,1133,3.2,23.84,8.24,51.71,21.6,False
2025-12-03T05:51:55.475814,Day,L1,L1-M6,P-ABS,B251203-968,OP-3,novice,31.4,overdue,74.6,77.2,45.6,4.6,5.09,106.0,12,1271,3.75,50.55,9.55,54.86,26.6,False
2025-12-03T06:06:55.475814,Night,L1,L1-M6,P-ABS,B251203-501,OP-4,intermediate,11.2,ok,72.6,72.2,45.4,5.59,2.24,98.2,15,1472,1.96,25.65,4.21,56.31,24.7,False
2025-12-03T06:25:55.475814,Night,L2,L2-M6,P-PEEK,B251203-452,OP-5,expert,17.4,ok,72.3,76.1,55.3,5.72,2.55,120.9,13,1571,1.91,29.58,5.08,59.3,28.3,False
2025-12-03T06:40:55.475814,Swing,L2,L2-M4,P-NYLON,B251203-530,OP-2,intermediate,23.2,due_soon,73.6,77.0,64.1,4.93,4.04,119.9,12,1438,3.08,31.03,5.5,57.47,21.0,False
2025-12-03T06:55:55.475814,Day,L4,L4-M6,P-PP,B251203-988,OP-5,expert,38.4,overdue,73.5,76.9,44.5,5.22,4.75,86.6,9,779,2.68,14.12,9.89,46.89,26.9,False
2025-12-03T07:39:55.475814,Night,L4,L4-M4,P-ABS,B251203-363,OP-3,novice,27.0,due_soon,73.3,72.6,50.2,6.25,3.54,122.5,13,1592,3.06,57.88,6.83,58.4,25.7,False
2025-12-03T08:10:55.475814,Day,L2,L2-M2,P-NYLON,B251203-855,OP-4,intermediate,32.9,overdue,73.8,78.2,47.9,5.34,5.55,133.8,8,1070,3.63,44.19,9.56,51.98,21.8,True
2025-12-03T08:32:55.475814,Swing,L2,L2-M4,P-PEEK,B251203-951,OP-4,intermediate,21.2,ok,75.0,74.3,42.9,5.61,3.85,111.4,14,1559,1.47,25.44,4.81,58.45,26.4,False
2025-12-03T08:48:55.475814,Night,L3,L3-M4,P-PP,B251203-578,OP-4,intermediate,26.5,due_soon,75.9,77.4,39.6,5.51,3.54,103.2,15,1547,3.2,59.2,6.09,59.37,21.4,False
2025-12-03T09:41:55.475814,Night,L4,L4-M5,P-PEEK,B251203-596,OP-1,expert,6.6,ok,75.8,75.2,41.6,5.55,3.57,119.0,8,952,1.42,14.96,6.07,49.06,22.4,False
2025-12-03T10:13:55.475814,Night,L2,L2-M4,P-ABS,B251203-487,OP-2,intermediate,21.2,ok,72.9,71.7,53.5,5.64,3.26,128.4,12,1540,1.36,16.26,4.54,57.25,19.5,False
2025-12-03T10:26:55.475814,Day,L3,L3-M6,P-PEEK,B251203-866,OP-3,novice,18.5,ok,72.6,73.6,49.9,5.6,3.32,116.3,9,1046,2.41,26.36,3.1,50.01,27.0,False
2025-12-03T11:02:55.475814,Swing,L2,L2-M5,P-ABS,B251203-646,OP-1,expert,20.8,ok,73.7,73.8,45.3,6.09,3.11,147.7,13,1919,1.38,30.68,2.86,64.03,27.2,False
2025-12-03T11:46:55.475814,Day,L4,L4-M2,P-PEEK,B251203-290,OP-4,intermediate,14.6,ok,74.2,79.6,59.8,5.64,2.66,144.2,12,1730,3.49,51.7,4.54,63.06,22.4,False
2025-12-03T12:15:55.475814,Night,L1,L1-M1,P-NYLON,B251203-743,OP-3,novice,29.1,due_soon,73.1,72.0,47.2,5.63,4.62,109.5,13,1423,3.65,50.63,6.28,55.49,20.8,False
2025-12-03T12:44:55.475814,Day,L3,L3-M4,P-ABS,B251203-672,OP-2,intermediate,28.7,due_soon,73.4,71.5,39.3,5.11,3.64,117.2,10,1171,1.52,13.68,4.34,51.29,27.4,False
2025-12-03T12:49:55.475814,Swing,L4,L4-M1,P-ABS,B251203-471,OP-4,intermediate,39.9,overdue,75.9,77.2,58.2,4.84,5.59,126.6,9,1139,4.1,48.89,9.94,52.74,23.8,True
2025-12-03T13:33:55.475814,Day,L4,L4-M6,P-PEEK,B251203-809,OP-3,novice,0.0,ok,74.2,75.1,48.9,5.72,2.43,110.1,9,990,2.17,19.45,2.69,49.63,26.4,False
2025-12-03T13:53:55.475814,Night,L1,L1-M5,P-NYLON,B251203-522,OP-2,intermediate,23.9,due_soon,74.5,73.4,40.2,6.14,4.01,125.2,10,1251,2.27,29.58,6.52,53.23,24.5,False
2025-12-03T14:11:55.475814,Day,L1,L1-M4,P-NYLON,B251203-549,OP-4,intermediate,41.2,overdue,72.2,79.0,48.8,5.33,5.75,122.9,14,1720,3.88,64.83,9.52,62.66,23.1,True
2025-12-03T14:50:55.475814,Day,L4,L4-M2,P-ABS,B251203-946,OP-3,novice,5.9,ok,73.0,72.9,36.7,5.91,3.44,125.1,11,1376,2.03,21.02,3.41,55.04,21.4,False
2025-12-03T15:36:55.475814,Day,L3,L3-M1,P-PP,B251203-901,OP-5,expert,7.4,ok,74.7,76.3,39.8,5.8,3.2,110.0,10,1099,1.12,9.69,4.16,51.8,29.0,False
2025-12-03T15:39:55.475814,Day,L2,L2-M4,P-NYLON,B251203-982,OP-2,intermediate,23.7,due_soon,74.0,73.8,45.1,6.01,3.95,111.6,8,892,1.85,18.48,5.63,47.63,26.7,False
2025-12-03T16:27:55.475814,Day,L2,L2-M5,P-NYLON,B251203-261,OP-2,intermediate,19.5,ok,73.2,79.2,38.5,4.97,3.09,131.6,12,1579,2.95,34.19,3.0,60.49,24.4,False
2025-12-03T17:30:55.475814,Night,L4,L4-M3,P-NYLON,B251203-342,OP-2,intermediate,27.7,due_soon,75.1,73.9,48.6,5.36,3.51,113.3,15,1699,1.85,21.56,6.62,60.56,25.6,False
2025-12-03T17:30:55.475814,Day,L1,L1-M6,P-ABS,B251203-964,OP-4,intermediate,20.2,ok,75.7,76.0,41.8,5.9,4.54,110.1,13,1430,1.68,22.57,2.61,57.0,28.0,False
2025-12-03T18:17:55.475814,Night,L4,L4-M3,P-PP,B251203-494,OP-3,novice,28.1,due_soon,75.9,76.8,59.1,5.57,4.22,124.0,14,1736,3.99,49.74,6.84,62.15,24.2,False
2025-12-03T18:30:55.475814,Night,L2,L2-M4,P-ABS,B251203-925,OP-1,expert,17.2,ok,72.6,73.4,43.1,5.44,3.66,128.2,13,1667,1.43,28.22,4.02,59.87,24.2,False
2025-12-03T18:42:55.475814,Day,L2,L2-M3,P-NYLON,B251203-259,OP-1,expert,22.2,ok,75.5,76.9,50.5,5.73,3.66,133.7,10,1337,1.5,20.34,2.98,55.81,25.8,False
2025-12-03T19:01:55.475814,Swing,L3,L3-M6,P-PEEK,B251203-561,OP-2,intermediate,22.4,ok,73.5,76.0,41.2,5.73,3.48,101.6,9,914,2.2,23.88,3.63,48.71,23.3,False
2025-12-03T19:43:55.475814,Swing,L1,L1-M5,P-PEEK,B251203-901,OP-4,intermediate,8.7,ok,72.7,72.0,54.0,5.15,3.23,106.3,11,1169,1.74,18.78,4.93,51.41,25.3,False
2025-12-03T19:50:55.475814,Day,L2,L2-M4,P-PP,B251203-197,OP-5,expert,24.5,due_soon,72.8,72.2,29.6,5.61,3.16,100.2,9,901,1.04,7.22,5.03,47.19,20.7,False
2025-12-03T19:51:55.475814,Day,L4,L4-M2,P-ABS,B251203-208,OP-4,intermediate,9.0,ok,73.0,73.5,36.8,5.6,3.22,131.0,13,1703,1.73,31.01,3.75,60.46,28.6,False
2025-12-03T20:54:55.475814,Day,L4,L4-M2,P-ABS,B251203-225,OP-2,intermediate,4.8,ok,74.1,74.3,53.2,5.55,3.58,135.4,12,1624,1.24,13.97,3.14,59.5,25.0,False
2025-12-03T21:00:55.475814,Day,L4,L4-M5,P-ABS,B251203-397,OP-1,expert,4.2,ok,72.3,72.5,31.3,5.84,3.37,131.0,15,1965,1.1,16.39,2.98,64.31,27.7,False
2025-12-03T21:39:55.475814,Swing,L1,L1-M1,P-PEEK,B251203-951,OP-3,novice,26.0,due_soon,75.4,75.0,41.1,5.54,3.26,100.1,11,1101,2.96,27.78,6.88,51.39,24.1,False
2025-12-03T22:44:55.475814,Day,L2,L2-M1,P-NYLON,B251203-992,OP-2,intermediate,37.2,overdue,75.8,79.8,48.7,5.55,4.96,103.2,13,1342,3.82,52.36,9.29,56.89,23.2,False
2025-12-03T23:29:55.475814,Swing,L3,L3-M6,P-PP,B251203-714,OP-2,intermediate,20.8,ok,72.6,72.6,46.9,5.23,2.95,138.9,10,1388,1.35,21.94,2.92,55.14,26.1,False
2025-12-03T23:37:55.475814,Day,L4,L4-M2,P-NYLON,B251203-240,OP-2,intermediate,20.7,ok,74.6,74.7,32.1,5.57,3.39,102.6,9,923,1.27,7.85,2.79,48.43,27.4,False
2025-12-04T00:34:55.475814,Night,L3,L3-M1,P-ABS,B251204-579,OP-3,novice,11.3,ok,74.1,74.0,42.5,6.0,4.05,133.8,12,1605,2.92,52.95,3.85,59.09,21.6,False
2025-12-04T00:48:55.475814,Night,L2,L2-M6,P-ABS,B251204-362,OP-4,intermediate,24.4,due_soon,73.5,73.1,48.6,6.15,3.08,109.4,8,875,2.15,16.8,4.53,47.1,26.5,False
2025-12-04T01:04:55.475814,Swing,L1,L1-M3,P-NYLON,B251204-114,OP-4,intermediate,19.1,ok,73.5,72.6,64.9,5.3,3.38,119.7,8,957,2.2,22.06,3.47,48.22,26.6,False
2025-12-04T01:05:55.475814,Swing,L2,L2-M3,P-ABS,B251204-262,OP-2,intermediate,0.0,ok,72.6,72.8,38.0,5.37,2.88,131.9,11,1450,1.18,13.7,4.98,56.2,24.9,False
2025-12-04T01:12:55.475814,Night,L3,L3-M6,P-ABS,B251204-805,OP-4,intermediate,5.3,ok,74.7,76.0,47.9,5.25,2.61,128.9,14,1804,2.18,39.37,4.27,62.96,24.8,False
2025-12-04T01:36:55.475814,Swing,L2,L2-M4,P-PEEK,B251204-804,OP-3,novice,7.5,ok,75.5,80.8,48.8,5.44,3.73,107.8,15,1617,4.51,81.59,6.22,61.65,26.3,True
2025-12-04T01:47:55.475814,Day,L4,L4-M6,P-NYLON,B251204-586,OP-2,intermediate,0.0,ok,72.9,71.1,53.9,5.13,3.25,109.0,9,981,1.19,13.35,3.1,48.07,25.0,False
2025-12-04T02:58:55.475814,Day,L1,L1-M1,P-PEEK,B251204-305,OP-2,intermediate,24.5,due_soon,72.1,71.5,60.5,5.4,3.23,132.2,14,1850,2.0,22.23,4.59,62.12,22.1,False
2025-12-04T03:55:55.475814,Night,L2,L2-M6,P-NYLON,B251204-805,OP-4,intermediate,0.0,ok,75.8,74.7,55.8,5.61,3.22,97.7,12,1172,1.64,12.32,6.29,52.39,21.8,False
2025-12-04T05:36:55.475814,Day,L3,L3-M3,P-PEEK,B251204-343,OP-1,expert,3.5,ok,72.1,72.9,32.9,5.64,2.66,99.0,9,890,1.0,7.24,2.13,47.27,28.0,False
2025-12-04T05:58:55.475814,Swing,L1,L1-M6,P-ABS,B251204-381,OP-3,novice,23.9,due_soon,75.5,75.9,37.1,5.26,4.36,102.5,15,1537,3.08,49.85,7.0,58.68,24.9,False
2025-12-04T06:38:55.475814,Swing,L2,L2-M4,P-PEEK,B251204-459,OP-3,novice,26.0,due_soon,72.8,74.9,38.0,5.75,3.56,115.3,15,1729,2.22,31.69,5.86,61.38,27.4,False
2025-12-04T07:18:55.475814,Day,L1,L1-M1,P-ABS,B251204-756,OP-5,expert,8.5,ok,75.5,74.6,46.5,5.39,3.22,135.0,10,1350,0.77,6.28,4.2,55.22,26.7,False
2025-12-04T07:23:55.475814,Day,L1,L1-M5,P-NYLON,B251204-865,OP-3,novice,6.4,ok,75.4,75.3,60.3,5.13,2.06,113.3,9,1020,2.23,16.79,2.32,50.17,22.4,False
2025-12-04T07:36:55.475814,Night,L3,L3-M2,P-ABS,B251204-889,OP-1,expert,14.1,ok,75.0,79.8,50.0,5.26,3.15,122.7,12,1472,2.9,36.25,5.86,58.97,25.8,False
2025-12-04T08:37:55.475814,Day,L2,L2-M6,P-NYLON,B251204-502,OP-4,intermediate,6.8,ok,73.0,71.9,50.2,4.94,3.82,130.1,12,1561,1.65,24.31,0.89,57.66,24.5,False
2025-12-04T09:28:55.475814,Day,L1,L1-M2,P-NYLON,B251204-327,OP-3,novice,0.8,ok,72.1,70.6,57.2,5.7,2.87,101.6,10,1016,2.27,15.48,3.29,48.47,25.3,False
2025-12-04T09:56:55.475814,Day,L2,L2-M1,P-NYLON,B251204-312,OP-5,expert,4.3,ok,75.3,79.4,41.9,5.96,3.24,131.2,14,1836,1.99,22.23,1.92,64.66,27.7,False
2025-12-04T10:43:55.475814,Day,L3,L3-M1,P-PEEK,B251204-713,OP-2,intermediate,7.4,ok,75.0,76.4,46.3,5.72,3.84,132.2,11,1453,1.63,19.36,1.34,57.5,29.5,False
2025-12-04T11:37:55.475814,Swing,L2,L2-M4,P-NYLON,B251204-190,OP-5,expert,14.5,ok,75.3,72.7,42.5,4.91,1.57,118.6,9,1067,1.38,15.52,2.53,50.02,21.6,False
2025-12-04T12:48:55.475814,Day,L2,L2-M6,P-PP,B251204-206,OP-3,novice,4.7,ok,73.6,75.1,42.3,5.58,3.57,125.3,11,1378,1.73,23.81,3.11,55.84,21.5,False
2025-12-04T12:49:55.475814,Swing,L4,L4-M6,P-NYLON,B251204-377,OP-4,intermediate,37.6,overdue,73.4,73.5,43.0,5.32,4.66,111.1,9,999,2.29,26.89,10.05,49.23,22.7,False
2025-12-04T13:12:55.475814,Day,L3,L3-M3,P-NYLON,B251204-214,OP-4,intermediate,8.6,ok,75.8,75.7,56.2,4.62,3.84,119.8,13,1557,1.45,25.74,2.97,58.92,25.9,False
2025-12-04T13:25:55.475814,Night,L4,L4-M2,P-NYLON,B251204-359,OP-4,intermediate,14.7,ok,73.7,72.8,31.0,5.24,3.62,136.9,15,2053,1.74,32.27,4.34,65.85,27.1,False
2025-12-04T14:15:55.475814,Day,L2,L2-M6,P-ABS,B251204-944,OP-1,expert,22.5,ok,73.5,74.0,56.7,5.65,4.32,141.1,10,1411,1.02,9.36,4.47,55.99,27.3,False
2025-12-04T16:18:55.475814,Night,L4,L4-M6,P-NYLON,B251204-267,OP-4,intermediate,13.1,ok,74.6,74.4,57.2,5.56,4.23,122.6,10,1225,2.49,25.36,5.58,53.17,20.4,False
2025-12-04T16:32:55.475814,Night,L4,L4-M6,P-PEEK,B251204-812,OP-2,intermediate,17.9,ok,74.2,72.7,56.6,5.37,2.98,126.0,9,1134,1.91,22.06,4.07,51.1,22.7,False
2025-12-04T16:46:55.475814,Day,L4,L4-M1,P-ABS,B251204-409,OP-4,intermediate,20.9,ok,75.4,75.8,40.8,5.46,2.78,116.0,15,1739,1.67,31.21,2.94,61.86,25.0,False
2025-12-04T17:28:55.475814,Day,L3,L3-M1,P-PEEK,B251204-131,OP-1,expert,27.9,due_soon,75.8,78.2,48.0,5.64,2.97,118.6,11,1304,2.27,23.73,4.62,55.73,22.9,False
2025-12-04T17:36:55.475814,Day,L4,L4-M5,P-PEEK,B251204-952,OP-5,expert,9.8,ok,72.5,72.1,48.0,5.3,2.86,125.9,11,1385,0.56,8.31,3.04,54.89,23.8,False
2025-12-04T17:41:55.475814,Swing,L3,L3-M2,P-PEEK,B251204-365,OP-2,intermediate,16.7,ok,75.1,73.5,52.9,5.25,3.05,116.8,11,1284,1.54,17.76,3.45,53.77,20.6,False
2025-12-04T17:45:55.475814,Day,L2,L2-M2,P-PP,B251204-827,OP-2,intermediate,20.1,ok,73.8,73.4,47.6,5.28,3.57,103.1,15,1546,1.29,15.17,3.59,57.94,21.3,False
2025-12-04T18:09:55.475814,Swing,L4,L4-M2,P-PEEK,B251204-139,OP-4,intermediate,5.9,ok,75.4,75.4,47.0,5.74,4.05,105.1,9,946,1.98,12.16,2.88,49.03,25.5,False
2025-12-04T18:33:55.475814,Day,L1,L1-M2,P-PEEK,B251204-655,OP-1,expert,15.0,ok,73.3,73.8,44.5,5.75,4.21,129.8,15,1946,0.78,9.4,2.53,64.46,31.1,False
2025-12-04T18:49:55.475814,Swing,L4,L4-M1,P-PEEK,B251204-452,OP-4,intermediate,29.1,due_soon,75.3,73.6,51.3,5.15,3.83,103.5,12,1242,1.81,23.81,5.24,53.14,25.2,False
2025-12-04T18:58:55.475814,Swing,L2,L2-M6,P-ABS,B251204-237,OP-5,expert,17.4,ok,74.1,74.3,43.1,5.83,3.06,121.3,13,1576,1.03,13.76,2.42,58.73,24.1,False
2025-12-04T19:16:55.475814,Swing,L2,L2-M3,P-NYLON,B251204-781,OP-2,intermediate,0.0,ok,74.2,74.9,41.5,5.82,3.24,121.9,9,1096,1.38,16.96,3.06,51.28,24.9,False
2025-12-04T19:59:55.475814,Day,L3,L3-M6,P-PEEK,B251204-706,OP-1,expert,8.4,ok,73.7,74.7,51.2,5.36,3.93,118.9,14,1665,0.91,12.03,2.97,60.29,25.4,False
2025-12-04T21:01:55.475814,Swing,L3,L3-M6,P-ABS,B251204-872,OP-3,novice,25.6,due_soon,74.1,74.1,51.7,4.93,3.26,101.1,10,1011,2.48,29.26,4.9,49.62,28.2,False
2025-12-04T21:31:55.475814,Swing,L4,L4-M5,P-ABS,B251204-825,OP-5,expert,28.0,due_soon,73.2,72.4,63.2,5.47,3.99,116.2,14,1626,1.77,17.3,5.28,58.87,26.0,False
2025-12-04T22:43:55.475814,Day,L3,L3-M5,P-ABS,B251204-667,OP-3,novice,17.9,ok,75.4,75.0,44.9,5.51,4.32,116.6,10,1165,2.41,18.77,2.29,52.39,29.4,False
2025-12-04T23:32:55.475814,Swing,L4,L4-M1,P-PEEK,B251204-674,OP-1,expert,7.8,ok,74.2,77.6,64.8,4.77,2.89,115.4,14,1615,2.53,33.15,3.56,60.51,23.3,False
2025-12-04T23:50:55.475814,Swing,L2,L2-M6,P-PP,B251204-303,OP-5,expert,15.8,ok,72.4,75.5,57.2,5.89,4.12,139.3,14,1950,1.58,22.33,4.17,65.13,24.0,False
2025-12-05T00:37:55.475814,Swing,L3,L3-M3,P-ABS,B251205-807,OP-1,expert,16.2,ok,73.0,76.9,51.0,5.43,2.42,132.1,14,1850,1.8,27.67,4.68,64.03,27.0,False
2025-12-05T00:46:55.475814,Swing,L3,L3-M4,P-PP,B251205-735,OP-1,expert,28.6,due_soon,75.4,75.1,50.8,5.54,3.16,135.0,8,1080,1.41,15.61,4.42,51.07,26.4,False
2025-12-05T01:15:55.475814,Day,L3,L3-M2,P-PEEK,B251205-432,OP-5,expert,8.6,ok,73.3,74.3,40.3,5.57,2.99,134.9,9,1214,0.72,9.08,3.57,52.95,23.0,False
2025-12-05T02:00:55.475814,Day,L3,L3-M3,P-ABS,B251205-610,OP-4,intermediate,23.4,due_soon,73.9,75.6,49.7,5.37,3.05,109.3,15,1639,1.63,22.25,4.47,60.19,26.6,False
2025-12-05T02:02:55.475814,Night,L4,L4-M1,P-NYLON,B251205-554,OP-2,intermediate,17.1,ok,76.0,76.5,55.1,5.11,3.2,98.8,12,1185,1.9,19.14,4.25,53.23,25.5,False
2025-12-05T02:23:55.475814,Day,L3,L3-M3,P-ABS,B251205-561,OP-2,intermediate,9.7,ok,73.7,73.8,56.0,5.27,3.17,128.8,13,1674,1.5,21.86,3.6,60.12,25.2,False
2025-12-05T02:50:55.475814,Night,L4,L4-M6,P-PP,B251205-265,OP-1,expert,21.5,ok,73.0,76.0,56.5,5.24,3.79,127.5,12,1529,2.07,21.11,6.04,58.59,25.8,False
2025-12-05T03:08:55.475814,Night,L1,L1-M5,P-NYLON,B251205-844,OP-4,intermediate,0.0,ok,75.0,76.7,41.7,5.24,2.69,130.9,11,1440,1.86,30.94,6.79,57.4,25.7,False
2025-12-05T04:31:55.475814,Day,L1,L1-M2,P-PP,B251205-916,OP-3,novice,23.2,due_soon,75.0,73.1,55.8,5.96,3.29,83.4,15,1251,2.66,22.7,6.32,53.1,25.9,False
2025-12-05T04:37:55.475814,Swing,L2,L2-M4,P-PEEK,B251205-880,OP-5,expert,36.9,overdue,73.3,74.2,50.7,5.52,4.37,138.5,13,1799,2.22,39.52,8.32,62.26,21.1,False
2025-12-05T04:55:55.475814,Day,L4,L4-M6,P-NYLON,B251205-718,OP-4,intermediate,18.8,ok,75.3,76.4,52.0,5.74,3.7,136.9,12,1642,1.8,29.28,1.54,60.54,25.5,False
2025-12-05T05:04:55.475814,Swing,L4,L4-M1,P-PEEK,B251205-778,OP-1,expert,14.3,ok,72.2,73.8,47.5,5.87,2.62,147.1,10,1471,1.61,27.69,3.66,56.88,23.6,False
2025-12-05T05:28:55.475814,Night,L1,L1-M2,P-NYLON,B251205-906,OP-1,expert,8.1,ok,73.8,72.7,60.0,5.76,2.57,147.7,13,1919,1.43,29.98,4.39,63.65,25.8,False
2025-12-05T06:21:55.475814,Day,L3,L3-M6,P-ABS,B251205-168,OP-2,intermediate,24.6,due_soon,75.7,74.5,52.4,5.38,3.06,125.1,9,1125,1.15,12.92,5.97,51.58,28.3,False
2025-12-05T06:24:55.475814,Swing,L4,L4-M4,P-NYLON,B251205-622,OP-5,expert,8.5,ok,75.7,81.1,55.7,5.5,2.85,115.1,15,1726,3.08,51.98,6.96,63.5,23.1,True
2025-12-05T08:03:55.475814,Day,L3,L3-M5,P-ABS,B251205-204,OP-3,novice,10.8,ok,73.3,77.0,60.1,5.0,3.42,130.5,13,1695,2.51,31.15,1.55,61.59,27.3,False
2025-12-05T08:09:55.475814,Day,L4,L4-M4,P-ABS,B251205-404,OP-1,expert,17.9,ok,75.2,72.7,50.1,5.51,3.08,125.5,8,1003,0.58,5.54,3.03,48.99,23.6,False
2025-12-05T08:22:55.475814,Day,L2,L2-M3,P-PP,B251205-224,OP-3,novice,8.6,ok,75.8,75.9,59.7,6.02,2.55,103.4,15,1551,2.78,33.71,3.33,58.88,26.2,False
2025-12-05T08:50:55.475814,Swing,L2,L2-M1,P-PEEK,B251205-440,OP-3,novice,15.9,ok,73.4,71.4,53.0,5.84,3.87,117.0,8,936,2.24,16.61,6.41,47.48,27.0,False
2025-12-05T11:27:55.475814,Night,L3,L3-M1,P-PEEK,B251205-229,OP-1,expert,23.5,due_soon,74.0,76.5,36.6,5.3,3.55,142.1,8,1136,2.27,16.41,6.23,52.46,20.9,False
2025-12-05T12:18:55.475814,Swing,L1,L1-M6,P-PP,B251205-547,OP-2,intermediate,20.2,ok,72.2,73.1,34.9,5.71,2.36,128.8,12,1545,1.34,15.96,3.99,57.82,26.0,False
2025-12-05T12:53:55.475814,Night,L4,L4-M3,P-PEEK,B251205-167,OP-2,intermediate,14.3,ok,73.8,74.5,50.7,5.82,2.62,120.9,8,967,1.73,13.93,4.4,49.05,19.2,False
2025-12-05T13:17:55.475814,Swing,L1,L1-M5,P-ABS,B251205-895,OP-5,expert,17.8,ok,72.4,74.3,59.7,5.75,3.45,105.3,10,1053,1.45,17.65,2.34,50.35,23.8,False
2025-12-05T13:29:55.475814,Night,L3,L3-M5,P-PP,B251205-899,OP-3,novice,16.5,ok,72.3,73.9,58.8,5.4,2.94,107.5,9,967,2.92,29.07,4.19,48.83,18.0,False
2025-12-05T14:38:55.475814,Night,L1,L1-M4,P-NYLON,B251205-904,OP-2,intermediate,27.9,due_soon,73.6,75.6,44.3,5.69,2.86,112.7,9,1014,2.57,23.15,7.51,50.18,24.4,False
2025-12-05T15:43:55.475814,Night,L3,L3-M4,P-ABS,B251205-936,OP-5,expert,19.5,ok,75.7,78.8,45.0,5.26,3.32,116.2,12,1394,2.83,32.01,4.18,57.39,25.5,False
2025-12-05T16:01:55.475814,Night,L1,L1-M3,P-NYLON,B251205-800,OP-5,expert,19.4,ok,74.9,73.7,58.7,5.37,2.7,124.2,12,1490,1.37,22.09,4.57,57.13,26.0,False
2025-12-05T16:29:55.475814,Swing,L2,L2-M1,P-NYLON,B251205-661,OP-5,expert,32.4,overdue,73.4,73.7,43.5,5.0,4.9,130.0,9,1169,2.08,16.47,10.65,52.0,24.8,False
2025-12-05T16:34:55.475814,Swing,L3,L3-M4,P-NYLON,B251205-167,OP-5,expert,30.0,due_soon,72.2,72.3,48.7,5.46,4.12,135.0,9,1215,1.56,18.99,4.03,52.26,24.3,False
2025-12-05T17:08:55.475814,Swing,L3,L3-M3,P-NYLON,B251205-814,OP-5,expert,14.8,ok,72.1,72.6,47.4,5.17,3.28,131.4,13,1708,1.04,13.96,1.79,60.25,30.2,False
2025-12-05T17:22:55.475814,Day,L1,L1-M5,P-PEEK,B251205-285,OP-3,novice,30.3,overdue,73.2,76.4,47.0,5.19,4.5,99.4,12,1192,2.97,27.11,8.82,53.31,26.1,False
2025-12-05T17:26:55.475814,Day,L4,L4-M3,P-PP,B251205-446,OP-1,expert,0.0,ok,73.3,74.3,51.8,5.49,3.4,126.8,12,1521,0.65,10.3,3.39,57.84,25.4,False
2025-12-05T17:38:55.475814,Day,L3,L3-M2,P-ABS,B251205-480,OP-5,expert,28.7,due_soon,75.7,75.5,45.4,5.56,4.36,140.0,14,1959,1.25,23.61,4.86,65.28,28.6,False
2025-12-05T17:38:55.475814,Night,L3,L3-M5,P-NYLON,B251205-718,OP-2,intermediate,4.3,ok,74.9,74.4,42.6,5.94,3.23,110.0,8,879,2.28,13.17,4.0,47.61,21.6,False
2025-12-05T17:46:55.475814,Swing,L2,L2-M4,P-PEEK,B251205-541,OP-3,novice,3.6,ok,75.5,76.3,37.8,5.86,2.8,115.6,9,1040,2.8,22.57,1.9,50.85,28.0,False
2025-12-05T17:50:55.475814,Day,L2,L2-M4,P-PEEK,B251205-688,OP-3,novice,18.1,ok,75.4,74.8,52.9,5.64,3.15,80.0,14,1120,1.87,23.38,2.82,51.6,22.8,False
2025-12-05T18:16:55.475814,Night,L3,L3-M5,P-NYLON,B251205-965,OP-5,expert,36.6,overdue,73.6,77.0,55.0,5.59,4.74,123.1,14,1723,3.3,62.42,11.27,62.02,23.2,False
2025-12-05T18:18:55.475814,Day,L2,L2-M1,P-ABS,B251205-297,OP-1,expert,4.1,ok,75.7,76.1,42.5,5.26,3.52,104.2,9,937,1.2,13.4,1.35,49.12,26.2,False
2025-12-05T18:58:55.475814,Swing,L3,L3-M4,P-PEEK,B251205-980,OP-4,intermediate,25.0,due_soon,75.3,75.7,48.9,5.52,2.87,113.5,13,1475,1.81,31.84,6.71,57.58,21.7,False
2025-12-05T19:24:55.475814,Day,L1,L1-M6,P-PP,B251205-382,OP-5,expert,35.7,overdue,73.3,74.6,39.0,5.4,5.18,100.9,8,807,1.56,8.96,11.29,46.53,28.7,False
2025-12-05T19:33:55.475814,Swing,L2,L2-M3,P-PEEK,B251205-385,OP-3,novice,0.0,ok,73.7,74.8,46.0,5.55,3.42,118.0,12,1416,2.29,27.8,4.03,56.35,22.8,False
2025-12-05T19:53:55.475814,Swing,L2,L2-M3,P-NYLON,B251205-256,OP-5,expert,20.2,ok,76.0,78.6,53.4,5.33,2.87,150.6,15,2258,2.58,64.88,5.44,71.14,20.8,False
2025-12-05T20:03:55.475814,Swing,L2,L2-M3,P-PP,B251205-588,OP-2,intermediate,30.2,overdue,72.8,71.4,44.1,5.2,4.72,97.0,11,1066,2.48,20.3,10.33,49.57,21.4,False
2025-12-05T21:46:55.475814,Day,L4,L4-M6,P-NYLON,B251205-584,OP-4,intermediate,25.5,due_soon,75.2,74.5,56.2,5.1,4.21,107.8,11,1186,1.78,16.32,5.83,52.55,28.9,False
2025-12-05T22:22:55.475814,Day,L1,L1-M4,P-PEEK,B251205-755,OP-3,novice,13.9,ok,74.3,74.9,46.8,5.57,3.61,105.5,12,1266,1.96,21.17,5.81,53.97,26.4,False
2025-12-05T22:37:55.475814,Night,L1,L1-M2,P-PEEK,B251205-545,OP-5,expert,12.5,ok,72.2,74.3,52.9,5.28,3.22,121.9,10,1219,1.35,18.86,5.0,53.01,24.1,False
2025-12-05T22:39:55.475814,Night,L4,L4-M4,P-NYLON,B251205-429,OP-3,novice,40.8,overdue,73.9,74.0,40.0,5.14,5.47,116.8,12,1401,3.59,54.22,11.66,55.82,19.5,True
2025-12-05T23:03:55.475814,Day,L3,L3-M4,P-PP,B251205-594,OP-3,novice,21.8,ok,75.1,74.4,47.7,5.77,4.37,112.1,8,896,2.13,18.77,4.98,47.89,25.9,False
2025-12-05T23:27:55.475814,Night,L4,L4-M2,P-NYLON,B251205-826,OP-3,novice,5.0,ok,75.0,74.7,45.8,5.66,4.44,110.4,12,1324,2.86,40.49,2.66,54.85,24.3,False
2025-12-06T00:25:55.475814,Night,L3,L3-M5,P-ABS,B251206-384,OP-2,intermediate,14.1,ok,74.5,73.3,56.9,5.74,2.9,102.3,8,818,2.58,14.94,5.02,46.26,21.4,False
2025-12-06T01:44:55.475814,Day,L3,L3-M5,P-NYLON,B251206-742,OP-3,novice,2.1,ok,73.1,78.1,55.4,4.7,3.87,107.7,9,969,2.97,19.3,2.91,50.35,22.5,False
2025-12-06T02:55:55.475814,Day,L1,L1-M2,P-PEEK,B251206-225,OP-5,expert,8.2,ok,72.6,71.5,45.3,5.46,3.12,133.1,15,1996,0.82,17.55,1.79,64.48,23.4,False
2025-12-06T03:05:55.475814,Day,L4,L4-M5,P-NYLON,B251206-295,OP-2,intermediate,10.2,ok,75.6,76.9,65.4,5.58,2.26,127.2,12,1526,2.42,36.02,3.94,58.86,26.7,False
2025-12-06T03:51:55.475814,Swing,L1,L1-M1,P-PP,B251206-178,OP-2,intermediate,31.5,overdue,73.5,74.6,50.2,5.79,4.01,97.9,10,978,2.11,20.16,8.65,49.27,25.2,False
2025-12-06T03:54:55.475814,Day,L2,L2-M3,P-PP,B251206-454,OP-5,expert,18.2,ok,72.8,72.9,44.6,5.32,3.15,133.2,14,1864,1.07,19.61,2.96,62.86,26.0,False
2025-12-06T04:23:55.475814,Day,L2,L2-M4,P-PP,B251206-425,OP-1,expert,4.0,ok,72.8,73.2,45.3,5.5,2.36,124.2,13,1614,0.58,8.07,2.51,58.96,27.0,False
2025-12-06T04:29:55.475814,Day,L1,L1-M1,P-ABS,B251206-604,OP-2,intermediate,0.0,ok,72.5,70.8,49.2,5.82,3.68,109.8,15,1646,1.3,14.92,3.17,58.61,24.2,False
2025-12-06T05:02:55.475814,Swing,L1,L1-M1,P-NYLON,B251206-994,OP-1,expert,19.3,ok,72.8,74.2,43.2,5.28,3.18,123.0,9,1107,1.08,14.15,4.42,51.17,24.3,False
2025-12-06T06:25:55.475814,Swing,L1,L1-M4,P-ABS,B251206-351,OP-4,intermediate,28.5,due_soon,75.2,73.4,56.0,5.74,3.97,113.1,14,1582,1.96,30.86,5.39,58.53,21.8,False
2025-12-06T07:28:55.475814,Day,L2,L2-M5,P-PP,B251206-152,OP-2,intermediate,7.9,ok,74.2,74.2,46.6,5.11,2.75,110.3,14,1543,1.55,16.68,2.88,58.16,25.3,False
2025-12-06T07:29:55.475814,Night,L4,L4-M2,P-ABS,B251206-212,OP-2,intermediate,32.3,overdue,74.5,73.7,43.2,5.88,4.67,96.4,11,1060,2.68,25.04,11.69,50.27,22.9,False
2025-12-06T07:31:55.475814,Swing,L2,L2-M5,P-PP,B251206-897,OP-4,intermediate,14.5,ok,73.5,72.9,54.4,5.12,3.22,135.0,10,1349,1.37,21.97,3.5,54.63,23.2,False
2025-12-06T07:47:55.475814,Day,L2,L2-M2,P-PP,B251206-790,OP-1,expert,20.5,ok,72.8,73.1,43.7,5.41,2.37,135.8,13,1765,0.85,17.77,1.85,61.32,23.8,False
2025-12-06T07:50:55.475814,Swing,L2,L2-M6,P-PEEK,B251206-524,OP-3,novice,26.5,due_soon,72.9,73.7,49.5,5.83,4.26,87.6,9,788,2.65,18.93,6.03,45.9,26.1,False
2025-12-06T10:08:55.475814,Day,L3,L3-M3,P-PP,B251206-576,OP-1,expert,7.5,ok,72.2,72.2,57.8,5.47,3.43,142.6,11,1568,1.22,19.62,2.14,57.87,21.0,False
2025-12-06T10:28:55.475814,Day,L3,L3-M1,P-NYLON,B251206-502,OP-5,expert,19.9,ok,72.9,75.3,46.1,5.39,3.87,107.0,13,1391,0.48,7.48,4.46,56.11,25.6,False
2025-12-06T11:04:55.475814,Day,L2,L2-M6,P-ABS,B251206-136,OP-3,novice,16.0,ok,75.9,79.0,64.1,5.08,3.35,106.7,11,1173,4.02,32.79,3.35,53.92,26.7,False
2025-12-06T11:09:55.475814,Day,L1,L1-M5,P-ABS,B251206-220,OP-5,expert,13.2,ok,73.7,74.1,51.1,5.37,4.21,129.5,12,1553,1.33,21.27,2.79,58.31,25.0,False
2025-12-06T12:21:55.475814,Day,L3,L3-M5,P-PP,B251206-554,OP-5,expert,32.6,overdue,72.2,76.2,57.6,4.89,4.68,112.4,9,1011,2.17,17.92,9.78,50.34,24.0,False
2025-12-06T12:27:55.475814,Swing,L2,L2-M5,P-PP,B251206-952,OP-5,expert,19.9,ok,75.5,74.3,35.5,5.2,2.63,134.0,11,1473,1.26,20.27,2.31,57.08,23.1,False
2025-12-06T12:34:55.475814,Swing,L3,L3-M3,P-NYLON,B251206-295,OP-3,novice,11.8,ok,74.7,78.2,56.4,5.56,3.06,116.9,15,1752,3.42,51.08,2.57,62.93,27.0,False
2025-12-06T12:42:55.475814,Swing,L1,L1-M4,P-PP,B251206-244,OP-3,novice,19.2,ok,74.1,75.3,45.7,5.5,2.72,112.2,8,897,2.49,24.24,3.88,48.24,23.8,False
2025-12-06T12:49:55.475814,Night,L2,L2-M4,P-PP,B251206-620,OP-5,expert,17.0,ok,75.0,77.4,61.3,5.8,2.92,147.0,8,1176,2.54,35.7,5.87,53.39,22.0,False
2025-12-06T13:05:55.475814,Day,L3,L3-M4,P-PP,B251206-104,OP-3,novice,9.1,ok,74.5,73.8,39.6,6.05,4.44,116.6,8,933,2.34,25.22,3.75,48.26,25.8,False
2025-12-06T14:20:55.475814,Night,L2,L2-M4,P-ABS,B251206-910,OP-4,intermediate,23.6,due_soon,72.7,73.8,56.5,6.04,2.53,131.4,14,1839,2.18,24.52,5.73,62.75,19.3,False
2025-12-06T14:36:55.475814,Night,L4,L4-M6,P-NYLON,B251206-429,OP-1,expert,26.2,due_soon,74.7,74.0,61.3,5.57,3.52,140.6,14,1968,2.41,33.99,7.7,64.91,26.2,False
2025-12-06T14:59:55.475814,Swing,L1,L1-M6,P-NYLON,B251206-737,OP-4,intermediate,29.0,due_soon,72.8,78.8,49.6,5.12,3.25,124.2,15,1862,3.37,74.61,6.5,64.87,24.4,False
2025-12-06T15:08:55.475814,Night,L4,L4-M2,P-NYLON,B251206-698,OP-1,expert,34.8,overdue,74.7,76.5,53.3,5.05,4.25,99.7,13,1296,3.01,31.95,11.23,55.01,25.5,False
2025-12-06T16:02:55.475814,Night,L2,L2-M2,P-ABS,B251206-646,OP-1,expert,11.2,ok,75.1,73.6,50.9,5.04,2.89,146.1,10,1460,1.38,17.1,6.24,56.65,24.8,False
2025-12-06T16:54:55.475814,Day,L4,L4-M4,P-ABS,B251206-847,OP-3,novice,32.7,overdue,73.1,76.9,42.7,5.23,4.67,102.1,12,1225,3.64,50.9,10.24,54.02,26.8,False
2025-12-06T17:09:55.475814,Swing,L2,L2-M3,P-PEEK,B251206-244,OP-2,intermediate,0.0,ok,75.6,77.2,46.7,5.64,3.26,143.4,9,1290,2.21,34.04,3.14,55.17,24.9,False
2025-12-06T17:15:55.475814,Day,L4,L4-M6,P-PEEK,B251206-900,OP-3,novice,8.0,ok,73.6,76.2,45.1,5.32,3.54,107.9,11,1187,2.46,26.18,3.46,53.16,25.9,False
2025-12-06T17:37:55.475814,Swing,L4,L4-M3,P-PEEK,B251206-428,OP-5,expert,35.8,overdue,73.7,74.3,55.4,6.13,5.75,125.3,10,1253,2.32,33.3,10.51,53.55,21.9,True
2025-12-06T17:46:55.475814,Day,L3,L3-M4,P-NYLON,B251206-494,OP-4,intermediate,19.4,ok,73.0,72.4,54.1,5.95,2.96,126.2,10,1262,1.44,17.71,3.49,53.02,27.2,False
2025-12-06T17:50:55.475814,Day,L3,L3-M6,P-PEEK,B251206-714,OP-4,intermediate,2.3,ok,73.3,73.0,52.0,5.51,3.34,117.2,13,1523,1.48,24.81,3.77,57.44,23.0,False
2025-12-06T17:57:55.475814,Day,L3,L3-M3,P-ABS,B251206-869,OP-5,expert,14.2,ok,74.0,75.1,44.2,6.0,3.12,155.0,11,1705,1.03,15.8,2.07,61.08,24.9,False
2025-12-06T18:25:55.475814,Day,L4,L4-M6,P-PEEK,B251206-169,OP-3,novice,10.3,ok,73.5,74.4,40.9,5.82,3.31,102.7,10,1027,1.86,20.8,3.79,49.97,29.5,False
2025-12-06T18:26:55.475814,Day,L4,L4-M6,P-NYLON,B251206-747,OP-4,intermediate,16.9,ok,73.2,73.3,56.3,5.4,3.26,102.4,12,1229,1.4,12.83,3.99,52.81,27.1,False
2025-12-06T18:43:55.475814,Night,L3,L3-M3,P-ABS,B251206-522,OP-1,expert,23.8,due_soon,74.4,74.2,45.1,6.12,3.54,122.1,10,1220,1.92,16.19,5.43,53.0,24.1,False
2025-12-06T18:43:55.475814,Day,L3,L3-M5,P-PEEK,B251206-286,OP-1,expert,0.0,ok,74.0,75.6,41.3,5.21,2.45,125.5,15,1883,0.98,16.91,3.1,64.08,26.6,False
2025-12-06T19:32:55.475814,Day,L3,L3-M3,P-NYLON,B251206-209,OP-1,expert,35.8,overdue,72.1,76.8,43.5,5.26,4.85,108.8,12,1305,2.56,21.22,10.54,55.29,28.7,False
2025-12-06T19:33:55.475814,Day,L1,L1-M5,P-PP,B251206-701,OP-2,intermediate,7.8,ok,74.8,78.6,40.1,5.71,3.37,115.3,9,1037,2.5,21.59,4.87,51.62,24.0,False
2025-12-06T19:40:55.475814,Night,L1,L1-M5,P-PP,B251206-167,OP-1,expert,8.8,ok,75.4,76.3,63.4,5.14,3.03,121.7,9,1095,1.97,13.01,4.97,51.73,22.7,False
2025-12-06T19:45:55.475814,Night,L2,L2-M5,P-PP,B251206-328,OP-5,expert,7.6,ok,73.8,74.5,48.4,5.43,3.46,121.6,8,972,1.22,11.66,5.39,49.15,21.6,False
2025-12-06T20:45:55.475814,Day,L3,L3-M2,P-PP,B251206-263,OP-5,expert,19.4,ok,74.3,73.4,34.3,5.5,3.25,134.9,8,1079,0.87,9.1,2.6,50.44,19.9,False
2025-12-06T21:13:55.475814,Day,L2,L2-M2,P-NYLON,B251206-428,OP-1,expert,3.9,ok,72.3,74.8,46.7,5.55,2.79,115.1,8,920,0.92,9.47,5.15,48.4,25.1,False
2025-12-06T22:03:55.475814,Day,L2,L2-M3,P-PP,B251206-636,OP-1,expert,38.6,overdue,75.1,75.3,46.5,5.49,5.81,119.9,14,1678,2.43,42.53,9.42,60.7,30.3,True
2025-12-06T23:02:55.475814,Day,L1,L1-M5,P-PEEK,B251206-582,OP-5,expert,19.4,ok,75.0,76.3,47.8,5.21,4.21,125.2,15,1877,1.5,23.66,1.15,64.23,28.9,False
2025-12-06T23:14:55.475814,Swing,L3,L3-M3,P-NYLON,B251206-900,OP-2,intermediate,11.6,ok,75.4,76.5,43.7,5.28,3.83,103.4,11,1136,1.82,24.16,3.65,52.46,26.0,False
2025-12-06T23:50:55.475814,Day,L4,L4-M4,P-ABS,B251206-711,OP-3,novice,29.1,due_soon,72.3,72.2,40.5,5.71,2.98,116.9,12,1402,2.02,21.54,6.49,55.23,27.2,False
2025-12-07T00:15:55.475814,Swing,L4,L4-M2,P-NYLON,B251207-940,OP-5,expert,24.0,due_soon,72.9,72.3,39.6,5.52,3.35,112.8,15,1691,1.41,21.8,7.05,59.87,25.7,False
2025-12-07T00:18:55.475814,Swing,L2,L2-M3,P-PP,B251207-811,OP-3,novice,37.6,overdue,75.4,73.7,45.8,5.34,5.3,122.6,14,1716,2.88,33.56,10.13,60.75,26.6,True
2025-12-07T00:40:55.475814,Swing,L1,L1-M6,P-PP,B251207-248,OP-1,expert,0.0,ok,74.5,73.5,37.6,5.59,3.19,132.1,14,1849,1.04,16.7,4.35,62.82,24.6,False
2025-12-07T01:09:55.475814,Day,L4,L4-M6,P-PEEK,B251207-225,OP-5,expert,15.0,ok,72.5,72.8,51.4,5.27,3.86,133.3,9,1199,0.96,11.71,3.92,52.16,26.2,False
2025-12-07T01:20:55.475814,Swing,L2,L2-M3,P-ABS,B251207-379,OP-3,novice,0.0,ok,75.2,74.6,47.9,5.57,3.84,112.1,14,1570,1.82,28.32,4.62,58.72,19.9,False
2025-12-07T02:07:55.475814,Swing,L1,L1-M1,P-ABS,B251207-932,OP-1,expert,29.6,due_soon,73.6,72.7,49.5,5.36,3.66,115.9,12,1391,1.05,15.14,6.01,55.21,26.7,False
2025-12-07T02:33:55.475814,Swing,L2,L2-M4,P-ABS,B251207-321,OP-3,novice,18.8,ok,74.9,75.1,51.1,5.48,3.42,124.2,10,1242,2.5,21.86,2.0,53.66,22.1,False
2025-12-07T02:34:55.475814,Night,L2,L2-M3,P-PP,B251207-488,OP-4,intermediate,40.1,overdue,74.5,73.7,66.6,5.87,4.85,84.9,12,1018,3.82,29.42,9.59,49.58,20.2,False
2025-12-07T03:12:55.475814,Day,L2,L2-M1,P-PEEK,B251207-417,OP-2,intermediate,0.0,ok,74.6,73.9,38.1,5.21,2.97,94.8,11,1042,1.55,18.56,3.14,50.06,25.8,False
2025-12-07T03:50:55.475814,Night,L3,L3-M2,P-ABS,B251207-281,OP-2,intermediate,16.8,ok,72.3,76.5,71.2,5.23,3.18,123.9,14,1734,3.4,68.4,5.11,62.01,24.3,False
2025-12-07T03:57:55.475814,Day,L3,L3-M3,P-NYLON,B251207-100,OP-2,intermediate,6.0,ok,72.7,73.0,42.3,5.18,3.32,126.3,12,1515,0.86,15.4,3.23,57.28,25.7,False
2025-12-07T04:17:55.475814,Day,L2,L2-M5,P-PP,B251207-957,OP-2,intermediate,32.7,overdue,74.0,72.6,56.9,5.71,5.14,111.8,11,1229,2.69,22.32,10.25,52.6,22.3,False
2025-12-07T05:14:55.475814,Day,L1,L1-M1,P-NYLON,B251207-537,OP-3,novice,32.6,overdue,72.6,79.0,33.6,5.23,4.13,100.0,13,1299,4.06,59.16,8.69,55.93,22.2,False
2025-12-07T06:19:55.475814,Day,L1,L1-M1,P-PEEK,B251207-619,OP-4,intermediate,36.5,overdue,75.5,76.0,48.4,5.39,4.54,116.4,14,1629,2.65,30.04,7.3,60.17,27.3,False
2025-12-07T06:51:55.475814,Day,L2,L2-M4,P-NYLON,B251207-110,OP-5,expert,29.6,due_soon,75.1,75.0,38.1,5.07,4.76,125.7,10,1256,1.48,15.54,5.65,53.87,32.0,False
2025-12-07T07:18:55.475814,Day,L2,L2-M5,P-NYLON,B251207-440,OP-3,novice,22.6,ok,72.5,71.6,49.2,5.72,3.12,108.8,8,870,1.54,8.49,3.26,46.47,24.4,False
2025-12-07T07:55:55.475814,Day,L2,L2-M2,P-ABS,B251207-671,OP-5,expert,33.2,overdue,73.6,78.2,59.1,5.04,5.39,119.2,9,1072,3.55,31.4,9.75,52.04,22.7,True
2025-12-07T08:02:55.475814,Night,L3,L3-M4,P-ABS,B251207-797,OP-1,expert,6.1,ok,72.0,71.4,47.0,5.65,3.38,126.3,10,1262,1.17,13.3,5.4,52.7,20.6,False
2025-12-07T08:04:55.475814,Day,L3,L3-M6,P-ABS,B251207-634,OP-4,intermediate,14.9,ok,73.9,73.5,54.0,5.6,3.02,103.7,11,1140,1.11,13.22,3.2,51.49,27.3,False
2025-12-07T10:25:55.475814,Day,L3,L3-M2,P-NYLON,B251207-753,OP-3,novice,15.9,ok,72.9,72.6,50.2,5.65,3.5,114.8,9,1033,2.01,22.84,2.56,49.45,22.7,False
2025-12-07T11:48:55.475814,Night,L2,L2-M2,P-PEEK,B251207-692,OP-2,intermediate,5.3,ok,72.2,72.9,60.1,5.2,3.53,119.4,11,1313,2.15,23.29,4.21,54.03,24.1,False
2025-12-07T12:18:55.475814,Day,L3,L3-M2,P-NYLON,B251207-942,OP-5,expert,32.9,overdue,75.6,79.8,40.6,5.41,5.14,101.2,12,1214,3.71,39.21,9.84,54.88,20.5,False
2025-12-07T12:49:55.475814,Day,L4,L4-M6,P-NYLON,B251207-850,OP-3,novice,13.5,ok,74.6,75.1,51.3,5.77,2.69,116.2,8,929,1.89,12.96,3.97,48.67,23.4,False
2025-12-07T12:55:55.475814,Night,L3,L3-M3,P-PEEK,B251207-759,OP-2,intermediate,14.5,ok,73.5,72.1,59.8,5.63,3.82,126.6,10,1265,2.18,17.2,5.72,52.98,27.2,False
2025-12-07T13:17:55.475814,Day,L2,L2-M6,P-ABS,B251207-892,OP-1,expert,0.0,ok,75.1,76.4,31.7,5.69,3.27,132.7,9,1194,1.38,13.54,3.88,53.34,25.9,False
2025-12-07T13:23:55.475814,Day,L2,L2-M1,P-ABS,B251207-579,OP-5,expert,3.5,ok,75.2,82.3,50.7,5.28,2.99,131.8,13,1713,3.14,43.19,6.42,63.73,26.2,True
2025-12-07T14:12:55.475814,Swing,L2,L2-M6,P-PP,B251207-271,OP-4,intermediate,14.9,ok,72.3,72.7,38.0,5.17,3.84,109.1,9,982,1.82,21.4,3.96,48.64,25.4,False
2025-12-07T14:23:55.475814,Day,L2,L2-M2,P-PEEK,B251207-412,OP-4,intermediate,15.2,ok,75.7,77.6,52.1,5.43,3.34,133.6,14,1869,2.31,37.14,4.41,64.59,26.4,False
2025-12-07T14:40:55.475814,Day,L2,L2-M4,P-ABS,B251207-225,OP-4,intermediate,25.0,due_soon,73.1,73.2,49.8,5.2,2.69,107.8,14,1509,1.46,16.94,5.92,57.26,19.9,False
2025-12-07T16:04:55.475814,Day,L2,L2-M3,P-NYLON,B251207-344,OP-2,intermediate,21.3,ok,74.5,74.3,36.4,5.48,3.23,117.1,10,1171,0.89,8.7,2.57,52.25,26.1,False
2025-12-07T16:34:55.475814,Day,L3,L3-M3,P-ABS,B251207-948,OP-3,novice,21.2,ok,74.1,73.9,35.7,5.35,4.16,120.3,15,1805,2.26,29.19,3.77,62.25,28.4,False
2025-12-07T16:39:55.475814,Night,L4,L4-M1,P-PP,B251207-396,OP-2,intermediate,26.1,due_soon,75.0,74.9,49.3,5.32,3.47,97.3,15,1459,2.5,23.33,6.07,57.08,25.3,False
2025-12-07T16:47:55.475814,Day,L3,L3-M4,P-NYLON,B251207-932,OP-1,expert,35.1,overdue,75.3,75.1,56.6,5.35,4.89,111.7,11,1228,1.89,20.05,8.39,53.43,25.3,False
2025-12-07T17:14:55.475814,Day,L1,L1-M1,P-PEEK,B251207-116,OP-2,intermediate,0.0,ok,75.9,74.6,43.1,5.49,3.12,116.3,11,1279,1.16,12.74,2.81,54.09,30.5,False
2025-12-07T17:46:55.475814,Day,L2,L2-M5,P-NYLON,B251207-685,OP-4,intermediate,8.8,ok,74.3,74.7,46.3,5.27,3.59,117.0,11,1286,1.13,13.49,3.5,54.22,23.0,False
2025-12-07T18:09:55.475814,Day,L3,L3-M1,P-NYLON,B251207-219,OP-2,intermediate,33.4,overdue,73.0,72.3,47.3,5.08,4.4,119.6,12,1435,2.06,18.2,9.7,55.77,27.2,False
2025-12-07T18:15:55.475814,Day,L1,L1-M2,P-ABS,B251207-857,OP-3,novice,0.0,ok,74.2,79.3,37.5,5.52,3.34,98.1,8,784,3.34,24.71,3.44,47.82,28.6,False
2025-12-07T18:47:55.475814,Swing,L2,L2-M1,P-PEEK,B251207-522,OP-1,expert,21.3,ok,74.5,75.9,42.7,5.56,2.64,134.4,15,2016,1.09,22.66,3.36,66.33,29.7,False
2025-12-07T19:53:55.475814,Swing,L1,L1-M4,P-NYLON,B251207-367,OP-5,expert,27.0,due_soon,75.9,77.8,28.0,5.29,3.99,101.2,12,1214,2.93,23.85,7.14,54.16,27.9,False
2025-12-07T21:21:55.475814,Day,L1,L1-M2,P-PEEK,B251207-665,OP-3,novice,25.7,due_soon,75.8,77.6,40.5,5.58,4.17,118.6,15,1778,3.0,58.99,4.94,63.13,25.9,False
2025-12-07T21:24:55.475814,Night,L3,L3-M4,P-ABS,B251207-127,OP-2,intermediate,43.6,overdue,75.7,73.6,57.5,5.98,5.51,92.1,12,1105,3.14,31.48,11.47,50.93,26.8,True
2025-12-07T23:26:55.475814,Day,L3,L3-M4,P-PEEK,B251207-582,OP-3,novice,24.1,due_soon,72.7,73.8,48.5,5.68,3.79,106.7,14,1493,2.47,30.76,5.82,57.24,23.6,False
2025-12-07T23:27:55.475814,Day,L2,L2-M1,P-PP,B251207-235,OP-4,intermediate,2.4,ok,74.7,74.9,55.6,5.4,3.15,124.8,8,998,1.5,16.48,3.33,49.68,26.7,False
2025-12-08T00:28:55.475814,Day,L1,L1-M4,P-ABS,B251208-260,OP-2,intermediate,32.5,overdue,72.4,71.5,52.8,5.59,4.42,119.4,8,955,2.21,16.38,11.6,47.81,29.4,False
2025-12-08T01:34:55.475814,Night,L1,L1-M5,P-ABS,B251208-877,OP-1,expert,0.0,ok,72.9,74.3,49.9,5.63,2.82,117.6,14,1646,1.2,15.12,4.13,59.86,22.7,False
2025-12-08T01:47:55.475814,Night,L4,L4-M3,P-NYLON,B251208-379,OP-3,novice,2.0,ok,75.0,75.2,62.2,5.49,3.27,107.3,14,1502,3.22,57.03,3.87,57.86,25.6,False
2025-12-08T02:01:55.475814,Day,L2,L2-M1,P-ABS,B251208-480,OP-4,intermediate,19.2,ok,74.5,76.9,39.1,5.39,4.43,105.2,14,1472,2.18,30.17,3.85,57.98,26.0,False
2025-12-08T02:05:55.475814,Day,L4,L4-M4,P-NYLON,B251208-400,OP-2,intermediate,34.0,overdue,74.6,77.8,46.6,5.65,4.67,106.5,9,958,3.14,26.18,9.01,50.06,27.3,False
2025-12-08T02:39:55.475814,Swing,L1,L1-M6,P-PEEK,B251208-128,OP-5,expert,9.3,ok,75.1,75.1,61.4,5.3,2.56,111.0,13,1443,1.31,21.9,2.42,56.88,21.8,False
2025-12-08T05:35:55.475814,Day,L4,L4-M5,P-PP,B251208-963,OP-4,intermediate,1.8,ok,74.5,74.6,57.0,5.04,2.66,124.3,14,1740,1.31,26.34,3.85,61.45,26.3,False
2025-12-08T05:50:55.475814,Day,L1,L1-M2,P-NYLON,B251208-167,OP-1,expert,25.5,due_soon,72.1,71.4,54.7,5.62,3.57,106.6,9,959,1.19,10.59,5.98,47.83,25.9,False
2025-12-08T05:51:55.475814,Day,L2,L2-M2,P-PP,B251208-299,OP-4,intermediate,32.6,overdue,73.3,73.6,69.5,5.5,5.43,102.3,11,1125,3.05,26.4,11.11,51.28,24.6,True
2025-12-08T06:15:55.475814,Day,L1,L1-M4,P-ABS,B251208-681,OP-3,novice,17.2,ok,72.1,72.2,54.6,5.59,4.31,139.0,12,1668,1.84,25.09,2.26,59.45,23.1,False
2025-12-08T06:58:55.475814,Swing,L3,L3-M6,P-ABS,B251208-213,OP-1,expert,25.8,due_soon,73.3,73.2,54.9,5.15,2.87,121.4,8,971,1.24,7.65,7.35,48.66,27.8,False
2025-12-08T07:23:55.475814,Day,L3,L3-M1,P-PP,B251208-442,OP-5,expert,19.4,ok,73.2,72.3,49.5,5.95,4.06,129.6,8,1036,1.08,6.81,4.47,49.38,26.5,False
2025-12-08T07:51:55.475814,Night,L1,L1-M3,P-NYLON,B251208-511,OP-4,intermediate,9.7,ok,72.1,71.1,48.1,5.44,2.94,122.9,15,1843,1.85,23.96,4.76,61.87,19.9,False
2025-12-08T08:06:55.475814,Swing,L3,L3-M6,P-NYLON,B251208-258,OP-2,intermediate,31.8,overdue,72.3,72.2,53.0,5.13,4.55,123.8,8,990,2.39,14.32,8.25,48.63,23.1,False
2025-12-08T08:27:55.475814,Day,L2,L2-M3,P-PEEK,B251208-161,OP-1,expert,6.8,ok,75.6,74.9,48.3,5.9,2.87,114.7,8,917,0.52,5.52,3.7,48.39,25.6,False
2025-12-08T09:00:55.475814,Day,L4,L4-M2,P-NYLON,B251208-134,OP-3,novice,29.2,due_soon,75.9,78.9,39.4,5.36,3.28,100.8,15,1512,3.57,44.62,4.77,59.32,26.8,False
2025-12-08T09:05:55.475814,Day,L1,L1-M4,P-NYLON,B251208-592,OP-5,expert,18.8,ok,74.1,72.3,47.9,5.59,2.97,132.3,15,1984,1.07,14.2,3.55,64.54,30.7,False
2025-12-08T11:18:55.475814,Day,L2,L2-M3,P-PEEK,B251208-260,OP-2,intermediate,26.6,due_soon,73.0,73.4,46.5,5.14,2.9,126.2,10,1261,1.91,19.14,4.4,53.37,29.8,False
2025-12-08T11:25:55.475814,Night,L3,L3-M3,P-ABS,B251208-989,OP-5,expert,21.9,ok,74.2,78.8,64.1,5.95,3.4,118.2,10,1182,3.12,34.87,3.5,53.99,23.3,False
2025-12-08T12:30:55.475814,Night,L2,L2-M4,P-NYLON,B251208-239,OP-2,intermediate,0.0,ok,74.3,74.8,49.0,5.81,3.31,105.4,8,843,1.67,11.93,5.16,47.17,19.3,False
2025-12-08T12:39:55.475814,Day,L4,L4-M2,P-ABS,B251208-984,OP-5,expert,13.5,ok,73.7,73.4,40.1,5.02,2.73,142.4,13,1851,1.29,19.04,4.39,62.83,24.7,False
2025-12-08T12:41:55.475814,Day,L2,L2-M1,P-NYLON,B251208-545,OP-5,expert,0.0,ok,72.6,71.1,45.8,5.63,3.19,125.4,14,1755,0.8,15.07,1.87,60.46,24.5,False
2025-12-08T12:45:55.475814,Day,L4,L4-M3,P-ABS,B251208-121,OP-3,novice,27.9,due_soon,72.9,75.5,48.0,5.51,2.83,112.0,14,1568,2.48,46.43,5.31,59.02,25.9,False
2025-12-08T12:46:55.475814,Night,L2,L2-M1,P-NYLON,B251208-976,OP-1,expert,11.5,ok,75.6,77.3,55.9,5.46,3.35,127.7,10,1276,2.58,20.05,3.16,54.98,23.1,False
2025-12-08T13:05:55.475814,Day,L3,L3-M2,P-ABS,B251208-630,OP-1,expert,16.3,ok,73.2,74.2,55.4,5.36,3.96,110.0,13,1430,1.04,9.26,4.07,56.37,30.7,False
2025-12-08T13:06:55.475814,Day,L2,L2-M3,P-NYLON,B251208-921,OP-5,expert,9.2,ok,75.1,74.1,57.2,4.98,3.48,133.4,9,1200,0.79,10.38,4.1,52.66,22.9,False
2025-12-08T13:09:55.475814,Swing,L1,L1-M1,P-ABS,B251208-660,OP-1,expert,29.1,due_soon,73.2,78.6,56.5,5.84,3.76,123.9,12,1487,1.89,32.1,7.49,58.8,19.5,False
2025-12-08T13:27:55.475814,Day,L2,L2-M1,P-NYLON,B251208-941,OP-1,expert,9.3,ok,75.9,75.6,48.4,5.41,2.65,140.6,9,1265,1.11,12.59,2.44,54.22,25.7,False
2025-12-08T13:44:55.475814,Day,L4,L4-M2,P-PEEK,B251208-823,OP-2,intermediate,21.8,ok,73.5,73.2,65.9,5.61,2.98,124.8,11,1372,1.66,27.23,4.41,55.1,24.6,False
2025-12-08T13:55:55.475814,Day,L2,L2-M4,P-ABS,B251208-812,OP-4,intermediate,1.7,ok,75.6,75.1,49.1,5.2,3.33,106.2,12,1274,1.04,15.72,2.56,54.18,20.9,False
2025-12-08T14:02:55.475814,Night,L4,L4-M4,P-NYLON,B251208-997,OP-3,novice,22.8,ok,75.7,77.1,62.3,5.1,3.61,105.5,9,949,3.67,24.71,5.25,49.67,23.3,False
2025-12-08T15:15:55.475814,Swing,L2,L2-M2,P-ABS,B251208-768,OP-5,expert,31.6,overdue,73.0,76.4,36.8,5.8,4.77,110.0,10,1100,2.49,23.85,8.89,51.83,24.6,False
2025-12-08T16:12:55.475814,Swing,L4,L4-M6,P-NYLON,B251208-166,OP-4,intermediate,25.6,due_soon,72.7,72.1,44.1,5.74,4.26,137.9,9,1240,1.65,23.45,5.98,52.58,23.5,False
2025-12-08T16:36:55.475814,Day,L1,L1-M4,P-NYLON,B251208-678,OP-5,expert,21.1,ok,73.4,72.4,42.5,5.51,4.71,99.6,9,896,1.07,7.45,4.98,47.17,25.0,False
2025-12-08T16:48:55.475814,Swing,L1,L1-M4,P-NYLON,B251208-860,OP-2,intermediate,14.1,ok,73.4,72.9,46.5,6.17,3.18,133.2,10,1331,1.69,14.81,3.44,54.33,25.7,False
2025-12-08T17:08:55.475814,Swing,L3,L3-M1,P-PEEK,B251208-636,OP-2,intermediate,33.7,overdue,72.8,73.4,41.4,5.38,4.44,119.0,13,1547,2.01,29.5,9.87,57.95,23.7,False
2025-12-08T17:40:55.475814,Swing,L4,L4-M5,P-NYLON,B251208-785,OP-4,intermediate,13.5,ok,72.6,74.4,43.5,5.86,3.47,122.8,14,1719,1.27,19.35,4.11,61.05,18.0,False
2025-12-08T18:03:55.475814,Night,L4,L4-M3,P-NYLON,B251208-741,OP-4,intermediate,14.6,ok,74.7,77.4,44.7,5.86,2.42,117.6,10,1176,2.99,41.9,5.01,53.4,21.4,False
2025-12-08T18:44:55.475814,Day,L1,L1-M5,P-NYLON,B251208-842,OP-1,expert,5.7,ok,75.2,77.3,45.0,5.23,3.84,123.2,13,1601,1.76,22.19,2.23,60.17,25.1,False
2025-12-08T18:48:55.475814,Swing,L2,L2-M1,P-PEEK,B251208-789,OP-3,novice,1.6,ok,74.9,74.8,52.7,5.24,3.69,117.2,10,1172,2.2,28.93,4.51,52.46,20.4,False
2025-12-08T18:54:55.475814,Swing,L2,L2-M5,P-NYLON,B251208-633,OP-2,intermediate,13.2,ok,72.1,70.9,46.8,5.68,3.14,117.4,12,1409,1.34,14.17,0.91,54.87,25.6,False
2025-12-08T19:41:55.475814,Night,L2,L2-M3,P-ABS,B251208-916,OP-5,expert,14.1,ok,73.2,77.9,82.0,5.7,3.22,108.3,13,1407,4.28,52.38,3.85,57.28,24.8,False
2025-12-08T19:46:55.475814,Swing,L2,L2-M5,P-ABS,B251208-732,OP-3,novice,34.0,overdue,74.5,74.3,48.7,5.69,4.18,93.3,13,1212,3.22,24.76,10.11,52.91,25.6,False
2025-12-08T20:18:55.475814,Day,L4,L4-M5,P-PP,B251208-863,OP-4,intermediate,24.7,due_soon,72.9,71.6,56.0,5.58,3.7,129.6,11,1426,1.84,15.76,4.15,55.36,23.0,False
2025-12-08T20:23:55.475814,Swing,L1,L1-M2,P-ABS,B251208-759,OP-3,novice,6.6,ok,72.9,71.2,45.6,5.42,2.61,109.7,9,986,2.03,13.61,5.3,48.19,28.7,False
2025-12-08T21:53:55.475814,Swing,L4,L4-M4,P-ABS,B251208-262,OP-4,intermediate,19.6,ok,72.2,73.0,44.0,5.23,3.64,129.6,14,1814,1.65,33.94,4.6,62.07,24.0,False
2025-12-08T22:32:55.475814,Swing,L1,L1-M2,P-PP,B251208-751,OP-4,intermediate,22.2,ok,75.0,75.4,50.3,5.5,3.19,130.2,14,1822,1.31,25.9,3.75,63.05,24.8,False
2025-12-08T22:46:55.475814,Day,L3,L3-M6,P-PP,B251208-412,OP-5,expert,23.1,due_soon,72.7,72.4,40.9,5.13,4.47,123.3,10,1232,1.01,10.42,7.34,52.58,30.3,False
2025-12-09T00:12:55.475814,Night,L1,L1-M6,P-PP,B251209-868,OP-5,expert,28.1,due_soon,73.7,72.0,44.1,5.92,4.48,115.8,15,1736,2.05,30.9,6.92,60.5,26.5,False
2025-12-09T00:33:55.475814,Swing,L3,L3-M6,P-PP,B251209-658,OP-1,expert,14.7,ok,73.7,79.2,56.1,5.81,2.91,128.3,11,1411,2.49,27.24,3.36,57.8,23.6,False
2025-12-09T00:42:55.475814,Night,L2,L2-M3,P-ABS,B251209-622,OP-2,intermediate,44.3,overdue,74.3,78.9,48.1,5.15,6.03,108.1,13,1404,4.51,59.14,12.33,57.6,22.7,True
2025-12-09T01:05:55.475814,Night,L1,L1-M1,P-ABS,B251209-506,OP-5,expert,21.2,ok,72.2,72.1,57.5,5.65,3.99,128.8,8,1030,1.34,15.2,5.6,49.23,23.3,False
2025-12-09T01:22:55.475814,Day,L4,L4-M4,P-ABS,B251209-494,OP-3,novice,21.5,ok,72.8,74.0,37.1,5.18,4.11,129.7,12,1556,1.84,29.0,4.39,58.29,25.4,False
2025-12-09T02:29:55.475814,Night,L1,L1-M1,P-NYLON,B251209-742,OP-5,expert,21.6,ok,72.9,75.2,59.0,5.59,3.23,130.1,15,1951,2.2,35.21,4.07,65.03,28.0,False
2025-12-09T02:32:55.475814,Day,L1,L1-M6,P-PP,B251209-518,OP-1,expert,4.2,ok,75.0,76.4,56.5,5.83,2.96,131.2,14,1836,1.34,17.2,2.86,63.62,22.8,False
2025-12-09T02:32:55.475814,Day,L2,L2-M1,P-NYLON,B251209-180,OP-4,intermediate,0.0,ok,72.4,69.8,67.8,4.93,2.09,91.0,14,1274,1.79,24.7,1.32,52.31,25.6,False
2025-12-09T05:46:55.475814,Day,L2,L2-M2,P-PP,B251209-643,OP-1,expert,22.5,ok,74.1,75.1,47.1,5.8,2.98,116.3,15,1745,0.58,11.03,2.26,61.7,27.1,False
2025-12-09T05:49:55.475814,Day,L2,L2-M4,P-PEEK,B251209-821,OP-4,intermediate,0.0,ok,72.0,71.3,44.6,5.29,3.61,139.1,15,2085,0.77,18.33,3.44,65.81,23.4,False
2025-12-09T06:01:55.475814,Swing,L3,L3-M1,P-ABS,B251209-348,OP-3,novice,30.7,overdue,72.6,73.3,64.3,5.32,3.99,81.4,14,1139,3.34,26.91,8.56,51.38,25.2,False
2025-12-09T06:26:55.475814,Swing,L2,L2-M1,P-PEEK,B251209-725,OP-3,novice,12.5,ok,74.2,73.8,41.6,5.65,2.98,114.5,13,1488,2.34,33.54,4.12,57.16,22.3,False
2025-12-09T07:10:55.475814,Night,L2,L2-M2,P-ABS,B251209-784,OP-5,expert,21.5,ok,74.2,71.0,52.9,5.49,3.62,125.1,10,1250,1.24,12.57,4.74,52.35,21.7,False
2025-12-09T07:19:55.475814,Day,L2,L2-M3,P-PEEK,B251209-908,OP-5,expert,25.1,due_soon,72.3,70.7,48.4,5.12,3.13,136.2,8,1089,0.9,10.6,4.61,49.67,25.1,False
2025-12-09T07:21:55.475814,Night,L1,L1-M6,P-ABS,B251209-906,OP-3,novice,17.3,ok,74.9,75.0,49.7,6.09,4.33,132.7,15,1989,2.53,59.79,4.87,65.6,21.8,False
2025-12-09T07:37:55.475814,Day,L3,L3-M6,P-PEEK,B251209-262,OP-3,novice,34.6,overdue,75.4,73.8,64.7,5.84,5.72,116.7,9,1050,3.93,44.35,9.35,50.12,29.6,True
2025-12-09T08:41:55.475814,Night,L4,L4-M1,P-ABS,B251209-211,OP-5,expert,20.7,ok,75.5,74.7,48.1,5.85,3.91,113.0,8,904,1.33,9.38,2.12,48.13,26.9,False
2025-12-09T08:44:55.475814,Night,L4,L4-M2,P-NYLON,B251209-233,OP-1,expert,21.3,ok,73.3,74.2,46.4,5.79,4.3,117.8,15,1766,1.35,20.15,4.68,61.72,19.1,False
2025-12-09T09:41:55.475814,Night,L1,L1-M2,P-NYLON,B251209-707,OP-2,intermediate,21.0,ok,75.1,73.4,52.1,5.69,3.06,133.5,11,1468,2.22,25.56,6.12,56.68,28.4,False
2025-12-09T10:28:55.475814,Swing,L2,L2-M5,P-NYLON,B251209-155,OP-1,expert,23.5,due_soon,74.6,74.9,59.2,5.56,3.93,121.5,13,1579,1.41,25.94,5.54,58.98,25.4,False
2025-12-09T12:52:55.475814,Day,L1,L1-M4,P-ABS,B251209-412,OP-1,expert,24.3,due_soon,74.6,73.4,56.8,5.43,2.88,120.0,13,1559,1.19,13.96,6.1,58.14,28.9,False
2025-12-09T12:53:55.475814,Swing,L4,L4-M3,P-ABS,B251209-930,OP-3,novice,6.1,ok,74.7,75.9,37.8,5.47,2.88,131.1,10,1311,2.63,31.67,4.46,55.06,24.0,False
2025-12-09T13:36:55.475814,Swing,L1,L1-M6,P-NYLON,B251209-164,OP-5,expert,19.4,ok,74.9,71.7,49.4,5.74,3.93,129.8,15,1946,0.63,12.12,4.6,63.73,22.0,False
2025-12-09T13:55:55.475814,Swing,L4,L4-M1,P-ABS,B251209-277,OP-1,expert,0.0,ok,75.8,78.0,44.6,5.49,3.07,128.4,12,1541,1.88,19.83,4.16,59.47,26.5,False
2025-12-09T14:00:55.475814,Swing,L2,L2-M2,P-ABS,B251209-885,OP-2,intermediate,0.0,ok,75.9,74.2,54.8,5.71,3.13,99.5,9,895,1.46,8.14,4.34,47.8,29.6,False
2025-12-09T14:14:55.475814,Swing,L4,L4-M5,P-PP,B251209-202,OP-3,novice,28.9,due_soon,74.9,74.7,47.9,5.55,4.36,91.9,8,734,2.52,16.56,5.14,45.4,21.9,False
2025-12-09T14:15:55.475814,Day,L2,L2-M6,P-NYLON,B251209-190,OP-2,intermediate,22.4,ok,75.9,74.8,60.3,5.49,2.44,108.9,13,1416,1.81,24.68,3.54,56.34,25.2,False
2025-12-09T14:23:55.475814,Swing,L2,L2-M6,P-ABS,B251209-562,OP-3,novice,22.5,ok,73.2,73.9,41.6,5.42,4.3,120.9,14,1692,2.6,45.16,4.78,60.46,20.5,False
2025-12-09T15:35:55.475814,Swing,L3,L3-M3,P-PEEK,B251209-430,OP-3,novice,24.9,due_soon,74.7,73.5,44.4,5.15,3.42,111.2,11,1223,2.87,33.85,6.38,52.78,26.4,False
2025-12-09T17:45:55.475814,Day,L2,L2-M3,P-NYLON,B251209-115,OP-4,intermediate,9.2,ok,75.5,75.8,34.6,5.61,3.24,122.9,14,1721,2.25,29.05,3.75,61.56,26.1,False
2025-12-09T17:50:55.475814,Day,L3,L3-M5,P-ABS,B251209-890,OP-5,expert,9.4,ok,74.3,77.5,53.7,6.11,2.73,131.7,15,1976,1.69,26.0,3.72,66.23,22.7,False
2025-12-09T18:02:55.475814,Night,L4,L4-M5,P-PEEK,B251209-344,OP-4,intermediate,19.5,ok,74.8,74.0,56.3,5.54,3.82,119.8,8,958,2.23,17.31,5.31,48.72,23.4,False
2025-12-09T18:22:55.475814,Swing,L1,L1-M1,P-NYLON,B251209-381,OP-2,intermediate,27.0,due_soon,75.5,74.8,47.4,5.68,3.8,129.8,13,1686,1.71,23.86,5.51,60.65,25.0,False
2025-12-09T18:39:55.475814,Swing,L4,L4-M4,P-ABS,B251209-338,OP-1,expert,10.0,ok,75.6,76.4,50.9,5.08,2.86,133.4,14,1868,1.64,34.72,2.6,64.13,22.4,False
2025-12-09T18:45:55.475814,Day,L1,L1-M5,P-NYLON,B251209-168,OP-2,intermediate,6.8,ok,74.7,74.5,49.5,5.89,3.14,97.2,8,777,1.23,10.04,4.24,46.01,28.6,False
